application_id,final_loan_status,max_dpd_ever,num_late_payments_total,was_restructured,recovery_amount,managing_unit
APP-500000,Closed-Good,7,2,False,0.0,Standard Servicing
APP-500001,Active,18,3,False,0.0,Standard Servicing
APP-500002,Written-Off,292,13,True,98786.92,Collections/Recovery
APP-500003,Closed-Good,0,0,False,0.0,Standard Servicing
APP-500004,Closed-Good,21,3,False,0.0,Standard Servicing
APP-500005,Closed-Good,7,1,False,0.0,Standard Servicing
APP-500006,Closed-Good,23,1,False,0.0,Standard Servicing
APP-500007,Closed-Good,0,0,False,0.0,Standard Servicing
APP-500008,Closed-Good,2,1,False,0.0,Standard Servicing
APP-500009,Active,24,2,False,0.0,Standard Servicing
APP-500010,Active,24,1,False,0.0,Standard Servicing
APP-500011,Closed-Good,20,5,False,0.0,Standard Servicing
APP-500012,Closed-Good,0,0,False,0.0,Standard Servicing
APP-500013,Active,11,1,False,0.0,Standard Servicing
APP-500014,Active,1,1,False,0.0,Standard Servicing
APP-500015,Closed-Good,15,3,False,0.0,Standard Servicing
APP-500016,Closed-Good,21,2,False,0.0,Standard Servicing
APP-500017,Closed-Good,0,0,False,0.0,Standard Servicing
APP-500018,Closed-Good,0,0,False,0.0,Standard Servicing
APP-500019,Closed-Good,4,1,False,0.0,Standard Servicing
APP-500020,Active,7,1,False,0.0,Standard Servicing
APP-500021,Written-Off,288,12,False,56048.52,Collections/Recovery
APP-500022,Closed-Good,1,1,False,0.0,Standard Servicing
APP-500023,Active,15,1,False,0.0,Standard Servicing
APP-500024,Active,12,2,False,0.0,Standard Servicing
APP-500025,Active,11,1,False,0.0,Standard Servicing
APP-500026,Closed-Good,7,1,False,0.0,Standard Servicing
APP-500027,Active,14,2,False,0.0,Standard Servicing
APP-500028,Defaulted,150,10,True,38352.33,Collections/Recovery
APP-500029,Active,11,2,False,0.0,Standard Servicing
APP-500030,Closed-Good,11,1,False,0.0,Standard Servicing
APP-500031,Closed-Good,5,2,False,0.0,Standard Servicing
APP-500032,Closed-Good,19,2,False,0.0,Standard Servicing
APP-500033,Closed-Good,7,1,False,0.0,Standard Servicing
APP-500034,Active,24,3,False,0.0,Standard Servicing
APP-500035,Active,20,2,False,0.0,Standard Servicing
APP-500036,Closed-Good,10,3,False,0.0,Standard Servicing
APP-500037,Closed-Good,24,4,False,0.0,Standard Servicing
APP-500038,Active,23,1,False,0.0,Standard Servicing
APP-500039,Written-Off,997,22,False,78919.3,Collections/Recovery
APP-500040,Closed-Good,18,2,False,0.0,Standard Servicing
APP-500041,Active,7,1,False,0.0,Standard Servicing
APP-500042,Closed-Good,0,0,False,0.0,Standard Servicing
APP-500043,Active,23,5,False,0.0,Standard Servicing
APP-500044,Closed-Good,14,2,False,0.0,Standard Servicing
APP-500045,Active,12,2,False,0.0,Standard Servicing
APP-500046,Written-Off,329,14,False,37853.66,Collections/Recovery
APP-500047,Active,23,3,False,0.0,Standard Servicing
APP-500048,Active,24,5,False,0.0,Standard Servicing
APP-500049,Active,0,0,False,0.0,Standard Servicing
APP-500050,Closed-Good,0,0,False,0.0,Standard Servicing
APP-500051,Active,0,0,False,0.0,Standard Servicing
APP-500052,Active,20,1,False,0.0,Standard Servicing
APP-500053,Closed-Good,18,2,False,0.0,Standard Servicing
APP-500054,Active,0,0,False,0.0,Standard Servicing
APP-500055,Closed-Good,20,4,False,0.0,Standard Servicing
APP-500056,Closed-Good,22,2,False,0.0,Standard Servicing
APP-500057,Closed-Good,20,2,False,0.0,Standard Servicing
APP-500058,Closed-Good,19,5,False,0.0,Standard Servicing
APP-500059,Active,22,4,False,0.0,Standard Servicing
APP-500060,Written-Off,350,16,True,3102.87,Collections/Recovery
APP-500061,Active,2,2,False,0.0,Standard Servicing
APP-500062,Written-Off,482,21,True,18212.75,Collections/Recovery
APP-500063,Closed-Good,8,2,False,0.0,Standard Servicing
APP-500064,Closed-Good,16,5,False,0.0,Standard Servicing
APP-500065,Active,14,1,False,0.0,Standard Servicing
APP-500066,Active,21,4,False,0.0,Standard Servicing
APP-500067,Closed-Good,11,2,False,0.0,Standard Servicing
APP-500068,Closed-Good,0,0,False,0.0,Standard Servicing
APP-500069,Closed-Good,0,0,False,0.0,Standard Servicing
APP-500070,Closed-Good,15,2,False,0.0,Standard Servicing
APP-500071,Closed-Good,23,2,False,0.0,Standard Servicing
APP-500072,Active,23,3,False,0.0,Standard Servicing
APP-500073,Active,24,3,False,0.0,Standard Servicing
APP-500074,Active,4,2,False,0.0,Standard Servicing
APP-500075,Active,20,2,False,0.0,Standard Servicing
APP-500076,Closed-Good,7,2,False,0.0,Standard Servicing
APP-500077,Closed-Good,19,1,False,0.0,Standard Servicing
APP-500078,Active,19,2,False,0.0,Standard Servicing
APP-500079,Closed-Good,4,1,False,0.0,Standard Servicing
APP-500080,Active,23,4,False,0.0,Standard Servicing
APP-500081,Closed-Good,22,6,False,0.0,Standard Servicing
APP-500082,Closed-Good,24,3,False,0.0,Standard Servicing
APP-500083,Active,0,0,False,0.0,Standard Servicing
APP-500084,Closed-Good,1,1,False,0.0,Standard Servicing
APP-500085,Closed-Good,21,2,False,0.0,Standard Servicing
APP-500086,Active,8,2,False,0.0,Standard Servicing
APP-500087,Active,15,1,False,0.0,Standard Servicing
APP-500088,Active,12,1,False,0.0,Standard Servicing
APP-500089,Closed-Good,21,1,False,0.0,Standard Servicing
APP-500090,Closed-Good,15,2,False,0.0,Standard Servicing
APP-500091,Active,15,2,False,0.0,Standard Servicing
APP-500092,Active,0,0,False,0.0,Standard Servicing
APP-500093,Written-Off,289,12,False,7215.72,Standard Servicing
APP-500094,Closed-Good,12,3,False,0.0,Standard Servicing
APP-500095,Closed-Good,13,1,False,0.0,Standard Servicing
APP-500096,Closed-Good,19,2,False,0.0,Standard Servicing
APP-500097,Active,23,1,False,0.0,Standard Servicing
APP-500098,Closed-Good,8,1,False,0.0,Standard Servicing
APP-500099,Closed-Good,21,4,False,0.0,Standard Servicing
APP-500100,Active,9,2,False,0.0,Standard Servicing
APP-500101,Active,23,4,False,0.0,Standard Servicing
APP-500102,Active,1,1,False,0.0,Standard Servicing
APP-500103,Closed-Good,20,3,False,0.0,Standard Servicing
APP-500104,Written-Off,722,29,False,41001.57,Collections/Recovery
APP-500105,Closed-Good,0,0,False,0.0,Standard Servicing
APP-500106,Closed-Good,3,1,False,0.0,Standard Servicing
APP-500107,Closed-Good,9,1,False,0.0,Standard Servicing
APP-500108,Active,23,2,False,0.0,Standard Servicing
APP-500109,Closed-Good,21,3,False,0.0,Standard Servicing
APP-500110,Closed-Good,21,2,False,0.0,Standard Servicing
APP-500111,Active,10,1,False,0.0,Standard Servicing
APP-500112,Written-Off,686,9,False,11141.3,Collections/Recovery
APP-500113,Written-Off,467,20,False,20952.9,Standard Servicing
APP-500114,Active,0,0,False,0.0,Standard Servicing
APP-500115,Closed-Good,15,3,False,0.0,Standard Servicing
APP-500116,Active,0,0,False,0.0,Standard Servicing
APP-500117,Active,15,2,False,0.0,Standard Servicing
APP-500118,Active,1,1,False,0.0,Standard Servicing
APP-500119,Closed-Good,17,1,False,0.0,Standard Servicing
APP-500120,Active,0,0,False,0.0,Standard Servicing
APP-500121,Active,0,0,False,0.0,Standard Servicing
APP-500122,Active,16,1,False,0.0,Standard Servicing
APP-500123,Active,15,1,False,0.0,Standard Servicing
APP-500124,Closed-Good,23,3,False,0.0,Standard Servicing
APP-500125,Active,4,1,False,0.0,Standard Servicing
APP-500126,Active,22,3,False,0.0,Standard Servicing
APP-500127,Closed-Good,8,1,False,0.0,Standard Servicing
APP-500128,Closed-Good,16,2,False,0.0,Standard Servicing
APP-500129,Closed-Good,18,2,False,0.0,Standard Servicing
APP-500130,Active,0,0,False,0.0,Standard Servicing
APP-500131,Active,21,5,False,0.0,Standard Servicing
APP-500132,Active,21,3,False,0.0,Standard Servicing
APP-500133,Closed-Good,21,1,False,0.0,Standard Servicing
APP-500134,Closed-Good,24,5,False,0.0,Standard Servicing
APP-500135,Active,15,1,False,0.0,Standard Servicing
APP-500136,Closed-Good,5,1,False,0.0,Standard Servicing
APP-500137,Closed-Good,22,1,False,0.0,Standard Servicing
APP-500138,Closed-Good,22,5,False,0.0,Standard Servicing
APP-500139,Closed-Good,0,0,False,0.0,Standard Servicing
APP-500140,Written-Off,1047,24,False,11604.5,Collections/Recovery
APP-500141,Active,24,3,False,0.0,Standard Servicing
APP-500142,Active,0,0,False,0.0,Standard Servicing
APP-500143,Written-Off,633,24,False,9407.37,Collections/Recovery
APP-500144,Active,12,1,False,0.0,Standard Servicing
APP-500145,Active,24,1,False,0.0,Standard Servicing
APP-500146,Active,12,1,False,0.0,Standard Servicing
APP-500147,Active,16,4,False,0.0,Standard Servicing
APP-500148,Closed-Good,12,2,False,0.0,Standard Servicing
APP-500149,Closed-Good,19,3,False,0.0,Standard Servicing
APP-500150,Closed-Good,0,0,False,0.0,Standard Servicing
APP-500151,Closed-Good,17,1,False,0.0,Standard Servicing
APP-500152,Closed-Good,0,0,False,0.0,Standard Servicing
APP-500153,Active,12,1,False,0.0,Standard Servicing
APP-500154,Written-Off,1065,38,False,56886.24,Collections/Recovery
APP-500155,Closed-Good,0,0,False,0.0,Standard Servicing
APP-500156,Closed-Good,0,0,False,0.0,Standard Servicing
APP-500157,Active,15,2,False,0.0,Standard Servicing
APP-500158,Defaulted,165,11,False,21726.29,Collections/Recovery
APP-500159,Active,10,1,False,0.0,Standard Servicing
APP-500160,Active,21,4,False,0.0,Standard Servicing
APP-500161,Active,9,3,False,0.0,Standard Servicing
APP-500162,Active,20,3,False,0.0,Standard Servicing
APP-500163,Closed-Good,24,3,False,0.0,Standard Servicing
APP-500164,Written-Off,295,13,True,72266.2,Collections/Recovery
APP-500165,Active,17,2,False,0.0,Standard Servicing
APP-500166,Closed-Good,18,1,False,0.0,Standard Servicing
APP-500167,Closed-Good,19,5,False,0.0,Standard Servicing
APP-500168,Closed-Good,24,3,False,0.0,Standard Servicing
APP-500169,Active,21,2,False,0.0,Standard Servicing
APP-500170,Closed-Good,21,2,False,0.0,Standard Servicing
APP-500171,Closed-Good,22,3,False,0.0,Standard Servicing
APP-500172,Closed-Good,8,1,False,0.0,Standard Servicing
APP-500173,Closed-Good,0,0,False,0.0,Standard Servicing
APP-500174,Closed-Good,11,2,False,0.0,Standard Servicing
APP-500175,Closed-Good,18,1,False,0.0,Standard Servicing
APP-500176,Active,21,2,False,0.0,Standard Servicing
APP-500177,Closed-Good,24,5,False,0.0,Standard Servicing
APP-500178,Active,14,3,False,0.0,Standard Servicing
APP-500179,Closed-Good,10,4,False,0.0,Standard Servicing
APP-500180,Active,20,2,False,0.0,Standard Servicing
APP-500181,Active,2,1,False,0.0,Standard Servicing
APP-500182,Active,23,6,False,0.0,Standard Servicing
APP-500183,Active,14,3,False,0.0,Standard Servicing
APP-500184,Active,20,2,False,0.0,Standard Servicing
APP-500185,Closed-Good,21,3,False,0.0,Standard Servicing
APP-500186,Closed-Good,0,0,False,0.0,Standard Servicing
APP-500187,Active,23,2,False,0.0,Standard Servicing
APP-500188,Active,16,4,False,0.0,Standard Servicing
APP-500189,Closed-Good,5,2,False,0.0,Standard Servicing
APP-500190,Active,8,2,False,0.0,Standard Servicing
APP-500191,Closed-Good,10,1,False,0.0,Standard Servicing
APP-500192,Closed-Good,15,3,False,0.0,Standard Servicing
APP-500193,Active,14,1,False,0.0,Standard Servicing
APP-500194,Active,3,1,False,0.0,Standard Servicing
APP-500195,Written-Off,233,10,False,11006.51,Standard Servicing
APP-500196,Closed-Good,22,4,False,0.0,Standard Servicing
APP-500197,Closed-Good,16,2,False,0.0,Standard Servicing
APP-500198,Closed-Good,11,2,False,0.0,Standard Servicing
APP-500199,Closed-Good,21,1,False,0.0,Standard Servicing
APP-500200,Closed-Good,19,2,False,0.0,Standard Servicing
APP-500201,Defaulted,63,4,False,57135.59,Collections/Recovery
APP-500202,Active,7,2,False,0.0,Standard Servicing
APP-500203,Closed-Good,20,3,False,0.0,Standard Servicing
APP-500204,Closed-Good,12,1,False,0.0,Standard Servicing
APP-500205,Active,22,2,False,0.0,Standard Servicing
APP-500206,Active,12,2,False,0.0,Standard Servicing
APP-500207,Active,24,4,False,0.0,Standard Servicing
APP-500208,Closed-Good,8,1,False,0.0,Standard Servicing
APP-500209,Closed-Good,0,0,False,0.0,Standard Servicing
APP-500210,Closed-Good,20,1,False,0.0,Standard Servicing
APP-500211,Active,23,2,False,0.0,Standard Servicing
APP-500212,Written-Off,319,11,False,3507.65,Collections/Recovery
APP-500213,Written-Off,835,10,False,11366.19,Collections/Recovery
APP-500214,Written-Off,547,21,False,1620.0,Standard Servicing
APP-500215,Active,13,1,False,0.0,Standard Servicing
APP-500216,Closed-Good,8,1,False,0.0,Standard Servicing
APP-500217,Closed-Good,19,2,False,0.0,Standard Servicing
APP-500218,Closed-Good,0,0,False,0.0,Standard Servicing
APP-500219,Closed-Good,9,1,False,0.0,Standard Servicing
APP-500220,Active,23,4,False,0.0,Standard Servicing
APP-500221,Closed-Good,10,3,False,0.0,Standard Servicing
APP-500222,Active,10,1,False,0.0,Standard Servicing
APP-500223,Closed-Good,0,0,False,0.0,Standard Servicing
APP-500224,Active,19,2,False,0.0,Standard Servicing
APP-500225,Closed-Good,11,2,False,0.0,Standard Servicing
APP-500226,Active,22,4,False,0.0,Standard Servicing
APP-500227,Active,11,1,False,0.0,Standard Servicing
APP-500228,Closed-Good,24,5,False,0.0,Standard Servicing
APP-500229,Closed-Good,2,1,False,0.0,Standard Servicing
APP-500230,Active,0,0,False,0.0,Standard Servicing
APP-500231,Closed-Good,8,2,False,0.0,Standard Servicing
APP-500232,Active,21,4,False,0.0,Standard Servicing
APP-500233,Closed-Good,20,1,False,0.0,Standard Servicing
APP-500234,Active,0,0,False,0.0,Standard Servicing
APP-500235,Active,23,3,False,0.0,Standard Servicing
APP-500236,Active,24,3,False,0.0,Standard Servicing
APP-500237,Active,22,2,False,0.0,Standard Servicing
APP-500238,Active,12,1,False,0.0,Standard Servicing
APP-500239,Written-Off,722,10,False,9684.8,Collections/Recovery
APP-500240,Active,21,2,False,0.0,Standard Servicing
APP-500241,Closed-Good,11,2,False,0.0,Standard Servicing
APP-500242,Active,17,1,False,0.0,Standard Servicing
APP-500243,Closed-Good,16,1,False,0.0,Standard Servicing
APP-500244,Active,5,2,False,0.0,Standard Servicing
APP-500245,Closed-Good,22,1,False,0.0,Standard Servicing
APP-500246,Closed-Good,19,2,False,0.0,Standard Servicing
APP-500247,Active,11,2,False,0.0,Standard Servicing
APP-500248,Active,21,1,False,0.0,Standard Servicing
APP-500249,Active,8,2,False,0.0,Standard Servicing
APP-500250,Active,1,1,False,0.0,Standard Servicing
APP-500251,Written-Off,749,19,False,25568.34,Collections/Recovery
APP-500252,Active,3,1,False,0.0,Standard Servicing
APP-500253,Closed-Good,16,5,False,0.0,Standard Servicing
APP-500254,Active,19,3,False,0.0,Standard Servicing
APP-500255,Closed-Good,0,0,False,0.0,Standard Servicing
APP-500256,Active,12,3,False,0.0,Standard Servicing
APP-500257,Active,0,0,False,0.0,Standard Servicing
APP-500258,Closed-Good,23,5,False,0.0,Standard Servicing
APP-500259,Written-Off,888,32,True,20738.83,Collections/Recovery
APP-500260,Closed-Good,20,3,False,0.0,Standard Servicing
APP-500261,Active,24,4,False,0.0,Standard Servicing
APP-500262,Active,17,1,False,0.0,Standard Servicing
APP-500263,Active,0,0,False,0.0,Standard Servicing
APP-500264,Active,0,0,False,0.0,Standard Servicing
APP-500265,Closed-Good,4,1,False,0.0,Standard Servicing
APP-500266,Active,14,4,False,0.0,Standard Servicing
APP-500267,Written-Off,840,20,False,44520.53,Collections/Recovery
APP-500268,Written-Off,352,14,False,84808.03,Collections/Recovery
APP-500269,Closed-Good,0,0,False,0.0,Standard Servicing
APP-500270,Closed-Good,22,2,False,0.0,Standard Servicing
APP-500271,Active,23,2,False,0.0,Standard Servicing
APP-500272,Closed-Good,24,4,False,0.0,Standard Servicing
APP-500273,Closed-Good,20,4,False,0.0,Standard Servicing
APP-500274,Active,14,2,False,0.0,Standard Servicing
APP-500275,Active,15,3,False,0.0,Standard Servicing
APP-500276,Active,16,1,False,0.0,Standard Servicing
APP-500277,Closed-Good,18,2,False,0.0,Standard Servicing
APP-500278,Active,21,2,False,0.0,Standard Servicing
APP-500279,Active,17,3,False,0.0,Standard Servicing
APP-500280,Active,8,1,False,0.0,Standard Servicing
APP-500281,Active,10,1,False,0.0,Standard Servicing
APP-500282,Closed-Good,22,1,False,0.0,Standard Servicing
APP-500283,Closed-Good,9,3,False,0.0,Standard Servicing
APP-500284,Closed-Good,12,2,False,0.0,Standard Servicing
APP-500285,Closed-Good,4,1,False,0.0,Standard Servicing
APP-500286,Active,18,1,False,0.0,Standard Servicing
APP-500287,Active,19,1,False,0.0,Standard Servicing
APP-500288,Closed-Good,8,2,False,0.0,Standard Servicing
APP-500289,Closed-Good,0,0,False,0.0,Standard Servicing
APP-500290,Closed-Good,23,2,False,0.0,Standard Servicing
APP-500291,Closed-Good,0,0,False,0.0,Standard Servicing
APP-500292,Closed-Good,0,0,False,0.0,Standard Servicing
APP-500293,Active,21,1,False,0.0,Standard Servicing
APP-500294,Closed-Good,24,2,False,0.0,Standard Servicing
APP-500295,Active,10,1,False,0.0,Standard Servicing
APP-500296,Active,14,1,False,0.0,Standard Servicing
APP-500297,Defaulted,36,4,False,2742.3,Collections/Recovery
APP-500298,Active,0,0,False,0.0,Standard Servicing
APP-500299,Closed-Good,18,3,False,0.0,Standard Servicing
APP-500300,Closed-Good,19,2,False,0.0,Standard Servicing
APP-500301,Closed-Good,15,5,False,0.0,Standard Servicing
APP-500302,Closed-Good,19,5,False,0.0,Standard Servicing
APP-500303,Active,5,1,False,0.0,Standard Servicing
APP-500304,Closed-Good,15,4,False,0.0,Standard Servicing
APP-500305,Closed-Good,0,0,False,0.0,Standard Servicing
APP-500306,Written-Off,415,6,False,79316.33,Collections/Recovery
APP-500307,Closed-Good,19,3,False,0.0,Standard Servicing
APP-500308,Written-Off,438,18,True,24824.53,Collections/Recovery
APP-500309,Closed-Good,5,1,False,0.0,Standard Servicing
APP-500310,Closed-Good,19,1,False,0.0,Standard Servicing
APP-500311,Active,14,2,False,0.0,Standard Servicing
APP-500312,Active,22,1,False,0.0,Standard Servicing
APP-500313,Active,4,1,False,0.0,Standard Servicing
APP-500314,Active,21,4,False,0.0,Standard Servicing
APP-500315,Closed-Good,13,1,False,0.0,Standard Servicing
APP-500316,Active,24,2,False,0.0,Standard Servicing
APP-500317,Defaulted,113,9,False,26608.29,Collections/Recovery
APP-500318,Active,12,2,False,0.0,Standard Servicing
APP-500319,Active,18,1,False,0.0,Standard Servicing
APP-500320,Closed-Good,24,3,False,0.0,Standard Servicing
APP-500321,Active,20,3,False,0.0,Standard Servicing
APP-500322,Defaulted,95,3,True,33503.05,Collections/Recovery
APP-500323,Active,17,2,False,0.0,Standard Servicing
APP-500324,Closed-Good,18,2,False,0.0,Standard Servicing
APP-500325,Active,20,3,False,0.0,Standard Servicing
APP-500326,Active,19,3,False,0.0,Standard Servicing
APP-500327,Active,0,0,False,0.0,Standard Servicing
APP-500328,Active,5,1,False,0.0,Standard Servicing
APP-500329,Closed-Good,16,4,False,0.0,Standard Servicing
APP-500330,Active,14,2,False,0.0,Standard Servicing
APP-500331,Closed-Good,7,1,False,0.0,Standard Servicing
APP-500332,Active,14,2,False,0.0,Standard Servicing
APP-500333,Closed-Good,0,0,False,0.0,Standard Servicing
APP-500334,Closed-Good,0,0,False,0.0,Standard Servicing
APP-500335,Closed-Good,14,2,False,0.0,Standard Servicing
APP-500336,Active,0,0,False,0.0,Standard Servicing
APP-500337,Closed-Good,11,2,False,0.0,Standard Servicing
APP-500338,Closed-Good,17,3,False,0.0,Standard Servicing
APP-500339,Active,23,3,False,0.0,Standard Servicing
APP-500340,Active,22,2,False,0.0,Standard Servicing
APP-500341,Defaulted,74,5,True,33842.6,Collections/Recovery
APP-500342,Active,20,5,False,0.0,Standard Servicing
APP-500343,Closed-Good,8,1,False,0.0,Standard Servicing
APP-500344,Active,24,2,False,0.0,Standard Servicing
APP-500345,Active,7,4,False,0.0,Standard Servicing
APP-500346,Closed-Good,0,0,False,0.0,Standard Servicing
APP-500347,Active,21,1,False,0.0,Standard Servicing
APP-500348,Active,24,2,False,0.0,Standard Servicing
APP-500349,Active,21,2,False,0.0,Standard Servicing
APP-500350,Closed-Good,0,0,False,0.0,Standard Servicing
APP-500351,Closed-Good,16,1,False,0.0,Standard Servicing
APP-500352,Closed-Good,21,2,False,0.0,Standard Servicing
APP-500353,Active,0,0,False,0.0,Standard Servicing
APP-500354,Active,21,5,False,0.0,Standard Servicing
APP-500355,Closed-Good,18,2,False,0.0,Standard Servicing
APP-500356,Active,0,0,False,0.0,Standard Servicing
APP-500357,Closed-Good,12,1,False,0.0,Standard Servicing
APP-500358,Active,23,3,False,0.0,Standard Servicing
APP-500359,Written-Off,634,20,False,82631.75,Standard Servicing
APP-500360,Active,9,2,False,0.0,Standard Servicing
APP-500361,Closed-Good,0,0,False,0.0,Standard Servicing
APP-500362,Closed-Good,16,3,False,0.0,Standard Servicing
APP-500363,Active,23,2,False,0.0,Standard Servicing
APP-500364,Closed-Good,0,0,False,0.0,Standard Servicing
APP-500365,Closed-Good,12,2,False,0.0,Standard Servicing
APP-500366,Active,24,5,False,0.0,Standard Servicing
APP-500367,Closed-Good,19,2,False,0.0,Standard Servicing
APP-500368,Closed-Good,12,3,False,0.0,Standard Servicing
APP-500369,Closed-Good,0,0,False,0.0,Standard Servicing
APP-500370,Active,0,0,False,0.0,Standard Servicing
APP-500371,Active,15,4,False,0.0,Standard Servicing
APP-500372,Active,14,5,False,0.0,Standard Servicing
APP-500373,Active,21,1,False,0.0,Standard Servicing
APP-500374,Active,14,2,False,0.0,Standard Servicing
APP-500375,Closed-Good,15,1,False,0.0,Standard Servicing
APP-500376,Written-Off,768,25,False,93737.55,Collections/Recovery
APP-500377,Active,0,0,False,0.0,Standard Servicing
APP-500378,Active,14,2,False,0.0,Standard Servicing
APP-500379,Active,8,1,False,0.0,Standard Servicing
APP-500380,Active,0,0,False,0.0,Standard Servicing
APP-500381,Active,24,4,False,0.0,Standard Servicing
APP-500382,Active,16,2,False,0.0,Standard Servicing
APP-500383,Closed-Good,0,0,False,0.0,Standard Servicing
APP-500384,Closed-Good,0,0,False,0.0,Standard Servicing
APP-500385,Closed-Good,23,2,False,0.0,Standard Servicing
APP-500386,Closed-Good,22,4,False,0.0,Standard Servicing
APP-500387,Written-Off,436,4,False,63015.61,Standard Servicing
APP-500388,Active,15,1,False,0.0,Standard Servicing
APP-500389,Closed-Good,18,2,False,0.0,Standard Servicing
APP-500390,Closed-Good,0,0,False,0.0,Standard Servicing
APP-500391,Active,15,1,False,0.0,Standard Servicing
APP-500392,Closed-Good,15,2,False,0.0,Standard Servicing
APP-500393,Closed-Good,17,1,False,0.0,Standard Servicing
APP-500394,Active,18,1,False,0.0,Standard Servicing
APP-500395,Active,23,3,False,0.0,Standard Servicing
APP-500396,Active,9,1,False,0.0,Standard Servicing
APP-500397,Active,0,0,False,0.0,Standard Servicing
APP-500398,Active,13,1,False,0.0,Standard Servicing
APP-500399,Active,0,0,False,0.0,Standard Servicing
APP-500400,Closed-Good,22,5,False,0.0,Standard Servicing
APP-500401,Active,10,3,False,0.0,Standard Servicing
APP-500402,Active,0,0,False,0.0,Standard Servicing
APP-500403,Closed-Good,8,1,False,0.0,Standard Servicing
APP-500404,Active,14,4,False,0.0,Standard Servicing
APP-500405,Active,17,2,False,0.0,Standard Servicing
APP-500406,Active,0,0,False,0.0,Standard Servicing
APP-500407,Active,19,1,False,0.0,Standard Servicing
APP-500408,Active,0,0,False,0.0,Standard Servicing
APP-500409,Active,10,2,False,0.0,Standard Servicing
APP-500410,Active,22,1,False,0.0,Standard Servicing
APP-500411,Active,19,1,False,0.0,Standard Servicing
APP-500412,Active,19,3,False,0.0,Standard Servicing
APP-500413,Active,0,0,False,0.0,Standard Servicing
APP-500414,Active,24,4,False,0.0,Standard Servicing
APP-500415,Active,21,1,False,0.0,Standard Servicing
APP-500416,Closed-Good,0,0,False,0.0,Standard Servicing
APP-500417,Closed-Good,10,3,False,0.0,Standard Servicing
APP-500418,Active,0,0,False,0.0,Standard Servicing
APP-500419,Active,16,3,False,0.0,Standard Servicing
APP-500420,Closed-Good,2,1,False,0.0,Standard Servicing
APP-500421,Closed-Good,14,2,False,0.0,Standard Servicing
APP-500422,Active,12,1,False,0.0,Standard Servicing
APP-500423,Active,0,0,False,0.0,Standard Servicing
APP-500424,Active,22,2,False,0.0,Standard Servicing
APP-500425,Closed-Good,12,3,False,0.0,Standard Servicing
APP-500426,Closed-Good,13,2,False,0.0,Standard Servicing
APP-500427,Active,15,2,False,0.0,Standard Servicing
APP-500428,Closed-Good,18,1,False,0.0,Standard Servicing
APP-500429,Written-Off,684,12,True,40549.95,Collections/Recovery
APP-500430,Closed-Good,2,1,False,0.0,Standard Servicing
APP-500431,Active,0,0,False,0.0,Standard Servicing
APP-500432,Active,11,2,False,0.0,Standard Servicing
APP-500433,Active,5,2,False,0.0,Standard Servicing
APP-500434,Closed-Good,20,2,False,0.0,Standard Servicing
APP-500435,Written-Off,715,15,False,38497.46,Collections/Recovery
APP-500436,Active,22,2,False,0.0,Standard Servicing
APP-500437,Active,21,4,False,0.0,Standard Servicing
APP-500438,Active,18,6,False,0.0,Standard Servicing
APP-500439,Written-Off,415,17,False,9698.25,Collections/Recovery
APP-500440,Active,11,1,False,0.0,Standard Servicing
APP-500441,Closed-Good,0,0,False,0.0,Standard Servicing
APP-500442,Active,20,1,False,0.0,Standard Servicing
APP-500443,Closed-Good,1,1,False,0.0,Standard Servicing
APP-500444,Active,20,1,False,0.0,Standard Servicing
APP-500445,Active,6,1,False,0.0,Standard Servicing
APP-500446,Written-Off,676,9,True,10667.0,Standard Servicing
APP-500447,Written-Off,918,5,False,25272.48,Standard Servicing
APP-500448,Closed-Good,23,1,False,0.0,Standard Servicing
APP-500449,Closed-Good,24,1,False,0.0,Standard Servicing
APP-500450,Closed-Good,0,0,False,0.0,Standard Servicing
APP-500451,Active,19,6,False,0.0,Standard Servicing
APP-500452,Active,5,3,False,0.0,Standard Servicing
APP-500453,Closed-Good,19,3,False,0.0,Standard Servicing
APP-500454,Active,17,2,False,0.0,Standard Servicing
APP-500455,Active,19,2,False,0.0,Standard Servicing
APP-500456,Active,16,1,False,0.0,Standard Servicing
APP-500457,Written-Off,582,7,False,3007.74,Standard Servicing
APP-500458,Active,0,0,False,0.0,Standard Servicing
APP-500459,Active,10,1,False,0.0,Standard Servicing
APP-500460,Written-Off,583,19,False,26464.13,Collections/Recovery
APP-500461,Closed-Good,21,4,False,0.0,Standard Servicing
APP-500462,Closed-Good,22,2,False,0.0,Standard Servicing
APP-500463,Closed-Good,17,2,False,0.0,Standard Servicing
APP-500464,Closed-Good,24,5,False,0.0,Standard Servicing
APP-500465,Active,24,4,False,0.0,Standard Servicing
APP-500466,Closed-Good,0,0,False,0.0,Standard Servicing
APP-500467,Written-Off,914,9,False,42039.7,Standard Servicing
APP-500468,Active,0,0,False,0.0,Standard Servicing
APP-500469,Closed-Good,15,2,False,0.0,Standard Servicing
APP-500470,Active,0,0,False,0.0,Standard Servicing
APP-500471,Closed-Good,12,2,False,0.0,Standard Servicing
APP-500472,Active,0,0,False,0.0,Standard Servicing
APP-500473,Active,6,1,False,0.0,Standard Servicing
APP-500474,Closed-Good,0,0,False,0.0,Standard Servicing
APP-500475,Closed-Good,23,2,False,0.0,Standard Servicing
APP-500476,Written-Off,504,13,False,53414.11,Collections/Recovery
APP-500477,Closed-Good,12,1,False,0.0,Standard Servicing
APP-500478,Active,24,2,False,0.0,Standard Servicing
APP-500479,Written-Off,894,28,False,6262.04,Collections/Recovery
APP-500480,Active,14,3,False,0.0,Standard Servicing
APP-500481,Active,20,2,False,0.0,Standard Servicing
APP-500482,Closed-Good,18,3,False,0.0,Standard Servicing
APP-500483,Closed-Good,14,3,False,0.0,Standard Servicing
APP-500484,Closed-Good,12,1,False,0.0,Standard Servicing
APP-500485,Active,19,2,False,0.0,Standard Servicing
APP-500486,Active,7,1,False,0.0,Standard Servicing
APP-500487,Closed-Good,22,4,False,0.0,Standard Servicing
APP-500488,Active,15,3,False,0.0,Standard Servicing
APP-500489,Active,0,0,False,0.0,Standard Servicing
APP-500490,Active,11,2,False,0.0,Standard Servicing
APP-500491,Closed-Good,23,6,False,0.0,Standard Servicing
APP-500492,Closed-Good,24,4,False,0.0,Standard Servicing
APP-500493,Closed-Good,20,4,False,0.0,Standard Servicing
APP-500494,Active,19,1,False,0.0,Standard Servicing
APP-500495,Written-Off,1036,21,False,4063.74,Collections/Recovery
APP-500496,Closed-Good,22,3,False,0.0,Standard Servicing
APP-500497,Closed-Good,0,0,False,0.0,Standard Servicing
APP-500498,Active,22,2,False,0.0,Standard Servicing
APP-500499,Active,21,3,False,0.0,Standard Servicing
APP-500500,Closed-Good,17,1,False,0.0,Standard Servicing
APP-500501,Active,18,4,False,0.0,Standard Servicing
APP-500502,Closed-Good,9,1,False,0.0,Standard Servicing
APP-500503,Closed-Good,1,1,False,0.0,Standard Servicing
APP-500504,Closed-Good,18,2,False,0.0,Standard Servicing
APP-500505,Active,0,0,False,0.0,Standard Servicing
APP-500506,Active,17,2,False,0.0,Standard Servicing
APP-500507,Active,17,2,False,0.0,Standard Servicing
APP-500508,Closed-Good,6,1,False,0.0,Standard Servicing
APP-500509,Defaulted,75,5,False,77383.52,Collections/Recovery
APP-500510,Active,14,1,False,0.0,Standard Servicing
APP-500511,Active,16,2,False,0.0,Standard Servicing
APP-500512,Active,23,3,False,0.0,Standard Servicing
APP-500513,Active,2,1,False,0.0,Standard Servicing
APP-500514,Written-Off,739,27,False,99163.77,Collections/Recovery
APP-500515,Active,23,2,False,0.0,Standard Servicing
APP-500516,Active,22,4,False,0.0,Standard Servicing
APP-500517,Active,22,2,False,0.0,Standard Servicing
APP-500518,Closed-Good,8,3,False,0.0,Standard Servicing
APP-500519,Closed-Good,0,0,False,0.0,Standard Servicing
APP-500520,Active,18,2,False,0.0,Standard Servicing
APP-500521,Defaulted,177,9,False,39048.67,Collections/Recovery
APP-500522,Closed-Good,12,3,False,0.0,Standard Servicing
APP-500523,Active,22,1,False,0.0,Standard Servicing
APP-500524,Closed-Good,3,1,False,0.0,Standard Servicing
APP-500525,Active,15,1,False,0.0,Standard Servicing
APP-500526,Closed-Good,20,1,False,0.0,Standard Servicing
APP-500527,Active,5,1,False,0.0,Standard Servicing
APP-500528,Active,0,0,False,0.0,Standard Servicing
APP-500529,Active,19,1,False,0.0,Standard Servicing
APP-500530,Closed-Good,1,1,False,0.0,Standard Servicing
APP-500531,Active,20,3,False,0.0,Standard Servicing
APP-500532,Active,15,1,False,0.0,Standard Servicing
APP-500533,Active,19,5,False,0.0,Standard Servicing
APP-500534,Closed-Good,17,1,False,0.0,Standard Servicing
APP-500535,Written-Off,686,25,True,32619.6,Collections/Recovery
APP-500536,Closed-Good,17,2,False,0.0,Standard Servicing
APP-500537,Closed-Good,9,2,False,0.0,Standard Servicing
APP-500538,Written-Off,222,11,True,84630.57,Collections/Recovery
APP-500539,Closed-Good,19,2,False,0.0,Standard Servicing
APP-500540,Closed-Good,14,1,False,0.0,Standard Servicing
APP-500541,Closed-Good,24,1,False,0.0,Standard Servicing
APP-500542,Active,0,0,False,0.0,Standard Servicing
APP-500543,Active,24,5,False,0.0,Standard Servicing
APP-500544,Closed-Good,0,0,False,0.0,Standard Servicing
APP-500545,Active,11,2,False,0.0,Standard Servicing
APP-500546,Closed-Good,8,1,False,0.0,Standard Servicing
APP-500547,Active,16,2,False,0.0,Standard Servicing
APP-500548,Active,0,0,False,0.0,Standard Servicing
APP-500549,Closed-Good,0,0,False,0.0,Standard Servicing
APP-500550,Active,23,3,False,0.0,Standard Servicing
APP-500551,Active,14,1,False,0.0,Standard Servicing
APP-500552,Closed-Good,9,1,False,0.0,Standard Servicing
APP-500553,Closed-Good,23,2,False,0.0,Standard Servicing
APP-500554,Active,13,1,False,0.0,Standard Servicing
APP-500555,Active,8,2,False,0.0,Standard Servicing
APP-500556,Closed-Good,0,0,False,0.0,Standard Servicing
APP-500557,Closed-Good,21,3,False,0.0,Standard Servicing
APP-500558,Closed-Good,14,3,False,0.0,Standard Servicing
APP-500559,Closed-Good,21,1,False,0.0,Standard Servicing
APP-500560,Closed-Good,13,1,False,0.0,Standard Servicing
APP-500561,Active,10,1,False,0.0,Standard Servicing
APP-500562,Active,11,1,False,0.0,Standard Servicing
APP-500563,Closed-Good,14,1,False,0.0,Standard Servicing
APP-500564,Active,21,1,False,0.0,Standard Servicing
APP-500565,Closed-Good,6,1,False,0.0,Standard Servicing
APP-500566,Active,24,4,False,0.0,Standard Servicing
APP-500567,Written-Off,300,11,False,40316.42,Collections/Recovery
APP-500568,Active,10,1,False,0.0,Standard Servicing
APP-500569,Defaulted,137,9,False,45730.07,Collections/Recovery
APP-500570,Active,22,3,False,0.0,Standard Servicing
APP-500571,Closed-Good,21,3,False,0.0,Standard Servicing
APP-500572,Active,24,9,False,0.0,Standard Servicing
APP-500573,Active,15,1,False,0.0,Standard Servicing
APP-500574,Closed-Good,19,3,False,0.0,Standard Servicing
APP-500575,Closed-Good,0,0,False,0.0,Standard Servicing
APP-500576,Active,20,1,False,0.0,Standard Servicing
APP-500577,Closed-Good,22,3,False,0.0,Standard Servicing
APP-500578,Closed-Good,0,0,False,0.0,Standard Servicing
APP-500579,Closed-Good,0,0,False,0.0,Standard Servicing
APP-500580,Closed-Good,0,0,False,0.0,Standard Servicing
APP-500581,Closed-Good,21,5,False,0.0,Standard Servicing
APP-500582,Active,21,4,False,0.0,Standard Servicing
APP-500583,Closed-Good,0,0,False,0.0,Standard Servicing
APP-500584,Active,16,1,False,0.0,Standard Servicing
APP-500585,Closed-Good,4,1,False,0.0,Standard Servicing
APP-500586,Active,21,3,False,0.0,Standard Servicing
APP-500587,Closed-Good,16,3,False,0.0,Standard Servicing
APP-500588,Closed-Good,18,1,False,0.0,Standard Servicing
APP-500589,Closed-Good,13,3,False,0.0,Standard Servicing
APP-500590,Active,0,0,False,0.0,Standard Servicing
APP-500591,Active,0,0,False,0.0,Standard Servicing
APP-500592,Closed-Good,5,1,False,0.0,Standard Servicing
APP-500593,Active,15,1,False,0.0,Standard Servicing
APP-500594,Closed-Good,17,4,False,0.0,Standard Servicing
APP-500595,Closed-Good,24,3,False,0.0,Standard Servicing
APP-500596,Active,11,2,False,0.0,Standard Servicing
APP-500597,Active,20,3,False,0.0,Standard Servicing
APP-500598,Closed-Good,20,2,False,0.0,Standard Servicing
APP-500599,Closed-Good,14,2,False,0.0,Standard Servicing
APP-500600,Closed-Good,22,2,False,0.0,Standard Servicing
APP-500601,Active,18,1,False,0.0,Standard Servicing
APP-500602,Active,21,5,False,0.0,Standard Servicing
APP-500603,Active,24,2,False,0.0,Standard Servicing
APP-500604,Active,24,5,False,0.0,Standard Servicing
APP-500605,Closed-Good,11,2,False,0.0,Standard Servicing
APP-500606,Closed-Good,20,8,False,0.0,Standard Servicing
APP-500607,Closed-Good,15,2,False,0.0,Standard Servicing
APP-500608,Written-Off,389,15,False,111153.69,Collections/Recovery
APP-500609,Active,0,0,False,0.0,Standard Servicing
APP-500610,Closed-Good,0,0,False,0.0,Standard Servicing
APP-500611,Closed-Good,23,3,False,0.0,Standard Servicing
APP-500612,Closed-Good,12,1,False,0.0,Standard Servicing
APP-500613,Active,18,2,False,0.0,Standard Servicing
APP-500614,Active,22,1,False,0.0,Standard Servicing
APP-500615,Active,0,0,False,0.0,Standard Servicing
APP-500616,Active,17,1,False,0.0,Standard Servicing
APP-500617,Active,24,4,False,0.0,Standard Servicing
APP-500618,Closed-Good,24,7,False,0.0,Standard Servicing
APP-500619,Closed-Good,1,1,False,0.0,Standard Servicing
APP-500620,Active,3,2,False,0.0,Standard Servicing
APP-500621,Written-Off,489,20,False,33123.08,Collections/Recovery
APP-500622,Written-Off,344,15,False,23615.92,Collections/Recovery
APP-500623,Written-Off,972,34,True,36944.31,Collections/Recovery
APP-500624,Closed-Good,21,2,False,0.0,Standard Servicing
APP-500625,Active,23,1,False,0.0,Standard Servicing
APP-500626,Closed-Good,15,2,False,0.0,Standard Servicing
APP-500627,Closed-Good,8,1,False,0.0,Standard Servicing
APP-500628,Written-Off,212,10,True,53669.17,Collections/Recovery
APP-500629,Active,15,3,False,0.0,Standard Servicing
APP-500630,Active,20,2,False,0.0,Standard Servicing
APP-500631,Closed-Good,16,1,False,0.0,Standard Servicing
APP-500632,Active,19,1,False,0.0,Standard Servicing
APP-500633,Active,18,1,False,0.0,Standard Servicing
APP-500634,Closed-Good,16,2,False,0.0,Standard Servicing
APP-500635,Active,15,4,False,0.0,Standard Servicing
APP-500636,Active,24,6,False,0.0,Standard Servicing
APP-500637,Active,0,0,False,0.0,Standard Servicing
APP-500638,Active,22,3,False,0.0,Standard Servicing
APP-500639,Closed-Good,0,0,False,0.0,Standard Servicing
APP-500640,Closed-Good,0,0,False,0.0,Standard Servicing
APP-500641,Active,0,0,False,0.0,Standard Servicing
APP-500642,Closed-Good,22,1,False,0.0,Standard Servicing
APP-500643,Active,0,0,False,0.0,Standard Servicing
APP-500644,Closed-Good,8,2,False,0.0,Standard Servicing
APP-500645,Closed-Good,4,1,False,0.0,Standard Servicing
APP-500646,Active,6,2,False,0.0,Standard Servicing
APP-500647,Active,23,1,False,0.0,Standard Servicing
APP-500648,Active,0,0,False,0.0,Standard Servicing
APP-500649,Active,15,2,False,0.0,Standard Servicing
APP-500650,Active,23,4,False,0.0,Standard Servicing
APP-500651,Closed-Good,17,3,False,0.0,Standard Servicing
APP-500652,Active,0,0,False,0.0,Standard Servicing
APP-500653,Active,0,0,False,0.0,Standard Servicing
APP-500654,Active,1,1,False,0.0,Standard Servicing
APP-500655,Active,20,3,False,0.0,Standard Servicing
APP-500656,Active,16,1,False,0.0,Standard Servicing
APP-500657,Closed-Good,21,2,False,0.0,Standard Servicing
APP-500658,Active,17,3,False,0.0,Standard Servicing
APP-500659,Closed-Good,0,0,False,0.0,Standard Servicing
APP-500660,Active,22,3,False,0.0,Standard Servicing
APP-500661,Active,18,2,False,0.0,Standard Servicing
APP-500662,Active,6,1,False,0.0,Standard Servicing
APP-500663,Active,11,4,False,0.0,Standard Servicing
APP-500664,Written-Off,769,29,False,3744.0,Standard Servicing
APP-500665,Closed-Good,24,1,False,0.0,Standard Servicing
APP-500666,Active,1,1,False,0.0,Standard Servicing
APP-500667,Closed-Good,2,1,False,0.0,Standard Servicing
APP-500668,Written-Off,216,11,False,55394.65,Standard Servicing
APP-500669,Closed-Good,21,3,False,0.0,Standard Servicing
APP-500670,Active,24,2,False,0.0,Standard Servicing
APP-500671,Active,21,6,False,0.0,Standard Servicing
APP-500672,Closed-Good,24,4,False,0.0,Standard Servicing
APP-500673,Active,4,2,False,0.0,Standard Servicing
APP-500674,Closed-Good,12,1,False,0.0,Standard Servicing
APP-500675,Active,0,0,False,0.0,Standard Servicing
APP-500676,Closed-Good,0,0,False,0.0,Standard Servicing
APP-500677,Active,19,1,False,0.0,Standard Servicing
APP-500678,Closed-Good,13,1,False,0.0,Standard Servicing
APP-500679,Closed-Good,17,1,False,0.0,Standard Servicing
APP-500680,Closed-Good,15,2,False,0.0,Standard Servicing
APP-500681,Active,12,3,False,0.0,Standard Servicing
APP-500682,Active,24,6,False,0.0,Standard Servicing
APP-500683,Closed-Good,4,1,False,0.0,Standard Servicing
APP-500684,Closed-Good,10,1,False,0.0,Standard Servicing
APP-500685,Closed-Good,6,1,False,0.0,Standard Servicing
APP-500686,Written-Off,644,27,True,23682.64,Standard Servicing
APP-500687,Written-Off,666,21,False,45965.9,Collections/Recovery
APP-500688,Active,10,2,False,0.0,Standard Servicing
APP-500689,Closed-Good,6,1,False,0.0,Standard Servicing
APP-500690,Active,0,0,False,0.0,Standard Servicing
APP-500691,Active,0,0,False,0.0,Standard Servicing
APP-500692,Closed-Good,17,1,False,0.0,Standard Servicing
APP-500693,Closed-Good,10,2,False,0.0,Standard Servicing
APP-500694,Active,8,1,False,0.0,Standard Servicing
APP-500695,Active,24,5,False,0.0,Standard Servicing
APP-500696,Closed-Good,13,2,False,0.0,Standard Servicing
APP-500697,Active,23,1,False,0.0,Standard Servicing
APP-500698,Closed-Good,13,1,False,0.0,Standard Servicing
APP-500699,Closed-Good,24,3,False,0.0,Standard Servicing
APP-500700,Written-Off,376,15,True,478.69,Collections/Recovery
APP-500701,Active,24,4,False,0.0,Standard Servicing
APP-500702,Active,0,0,False,0.0,Standard Servicing
APP-500703,Written-Off,290,6,False,59078.21,Collections/Recovery
APP-500704,Closed-Good,14,3,False,0.0,Standard Servicing
APP-500705,Closed-Good,23,7,False,0.0,Standard Servicing
APP-500706,Active,14,4,False,0.0,Standard Servicing
APP-500707,Closed-Good,23,1,False,0.0,Standard Servicing
APP-500708,Defaulted,37,1,False,37967.55,Collections/Recovery
APP-500709,Active,18,2,False,0.0,Standard Servicing
APP-500710,Active,20,3,False,0.0,Standard Servicing
APP-500711,Active,18,1,False,0.0,Standard Servicing
APP-500712,Active,18,4,False,0.0,Standard Servicing
APP-500713,Closed-Good,22,4,False,0.0,Standard Servicing
APP-500714,Closed-Good,13,4,False,0.0,Standard Servicing
APP-500715,Active,20,1,False,0.0,Standard Servicing
APP-500716,Active,18,2,False,0.0,Standard Servicing
APP-500717,Closed-Good,0,0,False,0.0,Standard Servicing
APP-500718,Active,17,2,False,0.0,Standard Servicing
APP-500719,Closed-Good,17,5,False,0.0,Standard Servicing
APP-500720,Active,6,1,False,0.0,Standard Servicing
APP-500721,Active,20,3,False,0.0,Standard Servicing
APP-500722,Closed-Good,21,2,False,0.0,Standard Servicing
APP-500723,Written-Off,727,22,True,18164.22,Standard Servicing
APP-500724,Closed-Good,10,2,False,0.0,Standard Servicing
APP-500725,Active,17,2,False,0.0,Standard Servicing
APP-500726,Active,3,1,False,0.0,Standard Servicing
APP-500727,Closed-Good,8,2,False,0.0,Standard Servicing
APP-500728,Closed-Good,0,0,False,0.0,Standard Servicing
APP-500729,Active,24,2,False,0.0,Standard Servicing
APP-500730,Written-Off,585,22,True,6034.27,Collections/Recovery
APP-500731,Written-Off,408,17,True,44389.03,Collections/Recovery
APP-500732,Defaulted,36,4,True,22623.05,Standard Servicing
APP-500733,Closed-Good,14,2,False,0.0,Standard Servicing
APP-500734,Closed-Good,22,7,False,0.0,Standard Servicing
APP-500735,Active,15,2,False,0.0,Standard Servicing
APP-500736,Active,9,1,False,0.0,Standard Servicing
APP-500737,Closed-Good,6,1,False,0.0,Standard Servicing
APP-500738,Active,11,1,False,0.0,Standard Servicing
APP-500739,Active,8,1,False,0.0,Standard Servicing
APP-500740,Active,22,1,False,0.0,Standard Servicing
APP-500741,Active,22,1,False,0.0,Standard Servicing
APP-500742,Closed-Good,16,4,False,0.0,Standard Servicing
APP-500743,Closed-Good,12,2,False,0.0,Standard Servicing
APP-500744,Active,18,2,False,0.0,Standard Servicing
APP-500745,Active,17,2,False,0.0,Standard Servicing
APP-500746,Active,21,1,False,0.0,Standard Servicing
APP-500747,Closed-Good,11,1,False,0.0,Standard Servicing
APP-500748,Closed-Good,21,3,False,0.0,Standard Servicing
APP-500749,Active,23,6,False,0.0,Standard Servicing
APP-500750,Closed-Good,17,1,False,0.0,Standard Servicing
APP-500751,Closed-Good,9,3,False,0.0,Standard Servicing
APP-500752,Active,16,4,False,0.0,Standard Servicing
APP-500753,Active,17,2,False,0.0,Standard Servicing
APP-500754,Active,22,2,False,0.0,Standard Servicing
APP-500755,Active,17,4,False,0.0,Standard Servicing
APP-500756,Closed-Good,20,3,False,0.0,Standard Servicing
APP-500757,Active,23,2,False,0.0,Standard Servicing
APP-500758,Closed-Good,0,0,False,0.0,Standard Servicing
APP-500759,Active,23,3,False,0.0,Standard Servicing
APP-500760,Active,19,3,False,0.0,Standard Servicing
APP-500761,Active,7,2,False,0.0,Standard Servicing
APP-500762,Closed-Good,10,2,False,0.0,Standard Servicing
APP-500763,Defaulted,138,7,False,12532.34,Collections/Recovery
APP-500764,Closed-Good,24,2,False,0.0,Standard Servicing
APP-500765,Closed-Good,20,5,False,0.0,Standard Servicing
APP-500766,Closed-Good,17,5,False,0.0,Standard Servicing
APP-500767,Active,18,1,False,0.0,Standard Servicing
APP-500768,Closed-Good,3,1,False,0.0,Standard Servicing
APP-500769,Closed-Good,13,1,False,0.0,Standard Servicing
APP-500770,Closed-Good,17,3,False,0.0,Standard Servicing
APP-500771,Active,0,0,False,0.0,Standard Servicing
APP-500772,Active,0,0,False,0.0,Standard Servicing
APP-500773,Closed-Good,19,2,False,0.0,Standard Servicing
APP-500774,Closed-Good,0,0,False,0.0,Standard Servicing
APP-500775,Active,23,4,False,0.0,Standard Servicing
APP-500776,Closed-Good,23,2,False,0.0,Standard Servicing
APP-500777,Active,17,2,False,0.0,Standard Servicing
APP-500778,Closed-Good,21,5,False,0.0,Standard Servicing
APP-500779,Closed-Good,19,1,False,0.0,Standard Servicing
APP-500780,Closed-Good,23,1,False,0.0,Standard Servicing
APP-500781,Active,18,2,False,0.0,Standard Servicing
APP-500782,Active,11,2,False,0.0,Standard Servicing
APP-500783,Active,22,1,False,0.0,Standard Servicing
APP-500784,Closed-Good,0,0,False,0.0,Standard Servicing
APP-500785,Closed-Good,0,0,False,0.0,Standard Servicing
APP-500786,Closed-Good,23,6,False,0.0,Standard Servicing
APP-500787,Written-Off,204,10,True,90301.04,Collections/Recovery
APP-500788,Closed-Good,24,4,False,0.0,Standard Servicing
APP-500789,Active,24,2,False,0.0,Standard Servicing
APP-500790,Active,20,1,False,0.0,Standard Servicing
APP-500791,Active,24,1,False,0.0,Standard Servicing
APP-500792,Closed-Good,13,3,False,0.0,Standard Servicing
APP-500793,Closed-Good,20,2,False,0.0,Standard Servicing
APP-500794,Active,0,0,False,0.0,Standard Servicing
APP-500795,Closed-Good,10,1,False,0.0,Standard Servicing
APP-500796,Active,0,0,False,0.0,Standard Servicing
APP-500797,Active,17,2,False,0.0,Standard Servicing
APP-500798,Written-Off,714,11,False,66141.5,Collections/Recovery
APP-500799,Closed-Good,0,0,False,0.0,Standard Servicing
APP-500800,Closed-Good,19,2,False,0.0,Standard Servicing
APP-500801,Active,6,1,False,0.0,Standard Servicing
APP-500802,Closed-Good,6,1,False,0.0,Standard Servicing
APP-500803,Closed-Good,0,0,False,0.0,Standard Servicing
APP-500804,Closed-Good,13,3,False,0.0,Standard Servicing
APP-500805,Closed-Good,4,1,False,0.0,Standard Servicing
APP-500806,Active,17,1,False,0.0,Standard Servicing
APP-500807,Written-Off,579,22,False,12604.38,Collections/Recovery
APP-500808,Closed-Good,20,3,False,0.0,Standard Servicing
APP-500809,Closed-Good,9,2,False,0.0,Standard Servicing
APP-500810,Closed-Good,12,2,False,0.0,Standard Servicing
APP-500811,Active,21,3,False,0.0,Standard Servicing
APP-500812,Closed-Good,1,1,False,0.0,Standard Servicing
APP-500813,Active,19,2,False,0.0,Standard Servicing
APP-500814,Active,20,3,False,0.0,Standard Servicing
APP-500815,Closed-Good,21,2,False,0.0,Standard Servicing
APP-500816,Closed-Good,10,2,False,0.0,Standard Servicing
APP-500817,Active,11,1,False,0.0,Standard Servicing
APP-500818,Closed-Good,0,0,False,0.0,Standard Servicing
APP-500819,Closed-Good,13,1,False,0.0,Standard Servicing
APP-500820,Active,17,4,False,0.0,Standard Servicing
APP-500821,Active,21,4,False,0.0,Standard Servicing
APP-500822,Closed-Good,23,5,False,0.0,Standard Servicing
APP-500823,Closed-Good,22,3,False,0.0,Standard Servicing
APP-500824,Active,23,3,False,0.0,Standard Servicing
APP-500825,Closed-Good,21,1,False,0.0,Standard Servicing
APP-500826,Active,4,1,False,0.0,Standard Servicing
APP-500827,Active,24,2,False,0.0,Standard Servicing
APP-500828,Closed-Good,24,2,False,0.0,Standard Servicing
APP-500829,Active,22,3,False,0.0,Standard Servicing
APP-500830,Active,24,7,False,0.0,Standard Servicing
APP-500831,Closed-Good,19,2,False,0.0,Standard Servicing
APP-500832,Closed-Good,9,1,False,0.0,Standard Servicing
APP-500833,Active,18,2,False,0.0,Standard Servicing
APP-500834,Active,0,0,False,0.0,Standard Servicing
APP-500835,Closed-Good,22,3,False,0.0,Standard Servicing
APP-500836,Active,13,3,False,0.0,Standard Servicing
APP-500837,Active,20,4,False,0.0,Standard Servicing
APP-500838,Closed-Good,0,0,False,0.0,Standard Servicing
APP-500839,Closed-Good,18,5,False,0.0,Standard Servicing
APP-500840,Active,24,5,False,0.0,Standard Servicing
APP-500841,Closed-Good,0,0,False,0.0,Standard Servicing
APP-500842,Closed-Good,15,3,False,0.0,Standard Servicing
APP-500843,Closed-Good,21,3,False,0.0,Standard Servicing
APP-500844,Closed-Good,0,0,False,0.0,Standard Servicing
APP-500845,Closed-Good,14,1,False,0.0,Standard Servicing
APP-500846,Active,23,2,False,0.0,Standard Servicing
APP-500847,Closed-Good,22,1,False,0.0,Standard Servicing
APP-500848,Active,9,1,False,0.0,Standard Servicing
APP-500849,Written-Off,354,15,True,89891.38,Collections/Recovery
APP-500850,Active,24,7,False,0.0,Standard Servicing
APP-500851,Active,5,1,False,0.0,Standard Servicing
APP-500852,Active,21,3,False,0.0,Standard Servicing
APP-500853,Closed-Good,0,0,False,0.0,Standard Servicing
APP-500854,Active,22,1,False,0.0,Standard Servicing
APP-500855,Active,12,3,False,0.0,Standard Servicing
APP-500856,Active,19,2,False,0.0,Standard Servicing
APP-500857,Active,24,4,False,0.0,Standard Servicing
APP-500858,Closed-Good,23,4,False,0.0,Standard Servicing
APP-500859,Closed-Good,21,2,False,0.0,Standard Servicing
APP-500860,Closed-Good,16,5,False,0.0,Standard Servicing
APP-500861,Closed-Good,21,3,False,0.0,Standard Servicing
APP-500862,Closed-Good,11,2,False,0.0,Standard Servicing
APP-500863,Active,0,0,False,0.0,Standard Servicing
APP-500864,Closed-Good,0,0,False,0.0,Standard Servicing
APP-500865,Active,7,1,False,0.0,Standard Servicing
APP-500866,Closed-Good,13,1,False,0.0,Standard Servicing
APP-500867,Active,14,2,False,0.0,Standard Servicing
APP-500868,Closed-Good,23,4,False,0.0,Standard Servicing
APP-500869,Closed-Good,15,2,False,0.0,Standard Servicing
APP-500870,Closed-Good,1,1,False,0.0,Standard Servicing
APP-500871,Closed-Good,0,0,False,0.0,Standard Servicing
APP-500872,Closed-Good,0,0,False,0.0,Standard Servicing
APP-500873,Active,20,3,False,0.0,Standard Servicing
APP-500874,Active,16,2,False,0.0,Standard Servicing
APP-500875,Active,24,1,False,0.0,Standard Servicing
APP-500876,Closed-Good,10,2,False,0.0,Standard Servicing
APP-500877,Active,0,0,False,0.0,Standard Servicing
APP-500878,Closed-Good,19,3,False,0.0,Standard Servicing
APP-500879,Active,0,0,False,0.0,Standard Servicing
APP-500880,Closed-Good,0,0,False,0.0,Standard Servicing
APP-500881,Closed-Good,20,1,False,0.0,Standard Servicing
APP-500882,Closed-Good,22,1,False,0.0,Standard Servicing
APP-500883,Closed-Good,20,5,False,0.0,Standard Servicing
APP-500884,Active,5,1,False,0.0,Standard Servicing
APP-500885,Closed-Good,7,3,False,0.0,Standard Servicing
APP-500886,Active,0,0,False,0.0,Standard Servicing
APP-500887,Closed-Good,0,0,False,0.0,Standard Servicing
APP-500888,Closed-Good,0,0,False,0.0,Standard Servicing
APP-500889,Closed-Good,21,4,False,0.0,Standard Servicing
APP-500890,Active,14,1,False,0.0,Standard Servicing
APP-500891,Written-Off,402,4,True,31887.93,Standard Servicing
APP-500892,Closed-Good,11,1,False,0.0,Standard Servicing
APP-500893,Active,14,2,False,0.0,Standard Servicing
APP-500894,Written-Off,517,9,True,23786.62,Collections/Recovery
APP-500895,Closed-Good,0,0,False,0.0,Standard Servicing
APP-500896,Written-Off,273,12,False,11101.48,Collections/Recovery
APP-500897,Active,10,3,False,0.0,Standard Servicing
APP-500898,Closed-Good,15,2,False,0.0,Standard Servicing
APP-500899,Closed-Good,23,4,False,0.0,Standard Servicing
APP-500900,Active,18,2,False,0.0,Standard Servicing
APP-500901,Active,22,3,False,0.0,Standard Servicing
APP-500902,Active,6,1,False,0.0,Standard Servicing
APP-500903,Active,0,0,False,0.0,Standard Servicing
APP-500904,Closed-Good,22,3,False,0.0,Standard Servicing
APP-500905,Written-Off,266,11,False,30439.72,Collections/Recovery
APP-500906,Active,17,2,False,0.0,Standard Servicing
APP-500907,Active,19,2,False,0.0,Standard Servicing
APP-500908,Active,14,1,False,0.0,Standard Servicing
APP-500909,Active,21,2,False,0.0,Standard Servicing
APP-500910,Active,19,3,False,0.0,Standard Servicing
APP-500911,Closed-Good,24,1,False,0.0,Standard Servicing
APP-500912,Active,19,2,False,0.0,Standard Servicing
APP-500913,Active,24,2,False,0.0,Standard Servicing
APP-500914,Active,0,0,False,0.0,Standard Servicing
APP-500915,Written-Off,287,7,True,43505.85,Collections/Recovery
APP-500916,Closed-Good,0,0,False,0.0,Standard Servicing
APP-500917,Written-Off,322,7,False,2401.25,Standard Servicing
APP-500918,Closed-Good,19,3,False,0.0,Standard Servicing
APP-500919,Closed-Good,0,0,False,0.0,Standard Servicing
APP-500920,Written-Off,379,16,True,4100.14,Collections/Recovery
APP-500921,Written-Off,215,9,False,94923.86,Collections/Recovery
APP-500922,Closed-Good,24,2,False,0.0,Standard Servicing
APP-500923,Active,23,1,False,0.0,Standard Servicing
APP-500924,Active,17,2,False,0.0,Standard Servicing
APP-500925,Active,17,2,False,0.0,Standard Servicing
APP-500926,Closed-Good,8,2,False,0.0,Standard Servicing
APP-500927,Closed-Good,13,1,False,0.0,Standard Servicing
APP-500928,Closed-Good,20,2,False,0.0,Standard Servicing
APP-500929,Closed-Good,17,2,False,0.0,Standard Servicing
APP-500930,Closed-Good,16,2,False,0.0,Standard Servicing
APP-500931,Closed-Good,24,6,False,0.0,Standard Servicing
APP-500932,Closed-Good,11,2,False,0.0,Standard Servicing
APP-500933,Closed-Good,19,6,False,0.0,Standard Servicing
APP-500934,Active,18,3,False,0.0,Standard Servicing
APP-500935,Active,24,5,False,0.0,Standard Servicing
APP-500936,Active,6,1,False,0.0,Standard Servicing
APP-500937,Closed-Good,24,2,False,0.0,Standard Servicing
APP-500938,Closed-Good,0,0,False,0.0,Standard Servicing
APP-500939,Written-Off,814,31,False,9752.82,Collections/Recovery
APP-500940,Closed-Good,17,2,False,0.0,Standard Servicing
APP-500941,Closed-Good,13,1,False,0.0,Standard Servicing
APP-500942,Closed-Good,0,0,False,0.0,Standard Servicing
APP-500943,Active,14,3,False,0.0,Standard Servicing
APP-500944,Closed-Good,22,4,False,0.0,Standard Servicing
APP-500945,Closed-Good,16,1,False,0.0,Standard Servicing
APP-500946,Active,4,1,False,0.0,Standard Servicing
APP-500947,Closed-Good,13,1,False,0.0,Standard Servicing
APP-500948,Closed-Good,8,1,False,0.0,Standard Servicing
APP-500949,Closed-Good,16,4,False,0.0,Standard Servicing
APP-500950,Written-Off,481,19,True,51117.2,Collections/Recovery
APP-500951,Active,15,1,False,0.0,Standard Servicing
APP-500952,Closed-Good,11,2,False,0.0,Standard Servicing
APP-500953,Closed-Good,24,4,False,0.0,Standard Servicing
APP-500954,Active,0,0,False,0.0,Standard Servicing
APP-500955,Active,0,0,False,0.0,Standard Servicing
APP-500956,Closed-Good,18,2,False,0.0,Standard Servicing
APP-500957,Active,18,3,False,0.0,Standard Servicing
APP-500958,Closed-Good,8,1,False,0.0,Standard Servicing
APP-500959,Active,23,3,False,0.0,Standard Servicing
APP-500960,Active,0,0,False,0.0,Standard Servicing
APP-500961,Active,0,0,False,0.0,Standard Servicing
APP-500962,Closed-Good,0,0,False,0.0,Standard Servicing
APP-500963,Closed-Good,0,0,False,0.0,Standard Servicing
APP-500964,Closed-Good,16,3,False,0.0,Standard Servicing
APP-500965,Active,7,3,False,0.0,Standard Servicing
APP-500966,Active,23,1,False,0.0,Standard Servicing
APP-500967,Active,12,1,False,0.0,Standard Servicing
APP-500968,Written-Off,253,11,True,35194.57,Collections/Recovery
APP-500969,Active,18,2,False,0.0,Standard Servicing
APP-500970,Closed-Good,0,0,False,0.0,Standard Servicing
APP-500971,Active,6,1,False,0.0,Standard Servicing
APP-500972,Active,19,5,False,0.0,Standard Servicing
APP-500973,Active,23,2,False,0.0,Standard Servicing
APP-500974,Closed-Good,15,2,False,0.0,Standard Servicing
APP-500975,Closed-Good,16,1,False,0.0,Standard Servicing
APP-500976,Closed-Good,0,0,False,0.0,Standard Servicing
APP-500977,Active,12,2,False,0.0,Standard Servicing
APP-500978,Active,23,2,False,0.0,Standard Servicing
APP-500979,Written-Off,268,14,True,5847.87,Collections/Recovery
APP-500980,Closed-Good,15,1,False,0.0,Standard Servicing
APP-500981,Closed-Good,11,1,False,0.0,Standard Servicing
APP-500982,Closed-Good,20,2,False,0.0,Standard Servicing
APP-500983,Closed-Good,14,2,False,0.0,Standard Servicing
APP-500984,Closed-Good,21,1,False,0.0,Standard Servicing
APP-500985,Closed-Good,8,3,False,0.0,Standard Servicing
APP-500986,Closed-Good,23,2,False,0.0,Standard Servicing
APP-500987,Active,15,4,False,0.0,Standard Servicing
APP-500988,Active,18,5,False,0.0,Standard Servicing
APP-500989,Active,18,1,False,0.0,Standard Servicing
APP-500990,Active,23,3,False,0.0,Standard Servicing
APP-500991,Active,0,0,False,0.0,Standard Servicing
APP-500992,Active,21,3,False,0.0,Standard Servicing
APP-500993,Active,3,3,False,0.0,Standard Servicing
APP-500994,Active,9,1,False,0.0,Standard Servicing
APP-500995,Closed-Good,15,2,False,0.0,Standard Servicing
APP-500996,Closed-Good,0,0,False,0.0,Standard Servicing
APP-500997,Closed-Good,0,0,False,0.0,Standard Servicing
APP-500998,Closed-Good,22,3,False,0.0,Standard Servicing
APP-500999,Closed-Good,3,2,False,0.0,Standard Servicing
APP-501000,Active,7,1,False,0.0,Standard Servicing
APP-501001,Closed-Good,16,4,False,0.0,Standard Servicing
APP-501002,Active,20,1,False,0.0,Standard Servicing
APP-501003,Active,0,0,False,0.0,Standard Servicing
APP-501004,Active,14,3,False,0.0,Standard Servicing
APP-501005,Active,16,2,False,0.0,Standard Servicing
APP-501006,Closed-Good,0,0,False,0.0,Standard Servicing
APP-501007,Active,1,1,False,0.0,Standard Servicing
APP-501008,Active,0,0,False,0.0,Standard Servicing
APP-501009,Active,19,4,False,0.0,Standard Servicing
APP-501010,Active,0,0,False,0.0,Standard Servicing
APP-501011,Active,13,1,False,0.0,Standard Servicing
APP-501012,Active,18,4,False,0.0,Standard Servicing
APP-501013,Active,21,5,False,0.0,Standard Servicing
APP-501014,Active,0,0,False,0.0,Standard Servicing
APP-501015,Closed-Good,18,6,False,0.0,Standard Servicing
APP-501016,Active,14,1,False,0.0,Standard Servicing
APP-501017,Closed-Good,0,0,False,0.0,Standard Servicing
APP-501018,Active,23,3,False,0.0,Standard Servicing
APP-501019,Active,21,1,False,0.0,Standard Servicing
APP-501020,Active,22,4,False,0.0,Standard Servicing
APP-501021,Active,16,2,False,0.0,Standard Servicing
APP-501022,Active,19,2,False,0.0,Standard Servicing
APP-501023,Active,0,0,False,0.0,Standard Servicing
APP-501024,Closed-Good,9,1,False,0.0,Standard Servicing
APP-501025,Active,9,3,False,0.0,Standard Servicing
APP-501026,Closed-Good,15,1,False,0.0,Standard Servicing
APP-501027,Closed-Good,1,1,False,0.0,Standard Servicing
APP-501028,Active,20,3,False,0.0,Standard Servicing
APP-501029,Active,21,1,False,0.0,Standard Servicing
APP-501030,Active,20,5,False,0.0,Standard Servicing
APP-501031,Active,0,0,False,0.0,Standard Servicing
APP-501032,Active,13,2,False,0.0,Standard Servicing
APP-501033,Closed-Good,9,1,False,0.0,Standard Servicing
APP-501034,Closed-Good,21,5,False,0.0,Standard Servicing
APP-501035,Closed-Good,16,1,False,0.0,Standard Servicing
APP-501036,Closed-Good,17,1,False,0.0,Standard Servicing
APP-501037,Written-Off,255,11,False,30778.44,Collections/Recovery
APP-501038,Closed-Good,19,3,False,0.0,Standard Servicing
APP-501039,Written-Off,368,16,False,13746.56,Standard Servicing
APP-501040,Active,5,1,False,0.0,Standard Servicing
APP-501041,Active,0,0,False,0.0,Standard Servicing
APP-501042,Active,24,3,False,0.0,Standard Servicing
APP-501043,Closed-Good,1,1,False,0.0,Standard Servicing
APP-501044,Active,21,3,False,0.0,Standard Servicing
APP-501045,Closed-Good,15,2,False,0.0,Standard Servicing
APP-501046,Closed-Good,18,2,False,0.0,Standard Servicing
APP-501047,Active,21,2,False,0.0,Standard Servicing
APP-501048,Active,17,3,False,0.0,Standard Servicing
APP-501049,Closed-Good,8,2,False,0.0,Standard Servicing
APP-501050,Active,0,0,False,0.0,Standard Servicing
APP-501051,Closed-Good,22,2,False,0.0,Standard Servicing
APP-501052,Active,19,1,False,0.0,Standard Servicing
APP-501053,Written-Off,551,21,True,13978.6,Collections/Recovery
APP-501054,Closed-Good,22,1,False,0.0,Standard Servicing
APP-501055,Closed-Good,23,2,False,0.0,Standard Servicing
APP-501056,Closed-Good,24,1,False,0.0,Standard Servicing
APP-501057,Active,18,3,False,0.0,Standard Servicing
APP-501058,Closed-Good,22,3,False,0.0,Standard Servicing
APP-501059,Closed-Good,0,0,False,0.0,Standard Servicing
APP-501060,Active,13,2,False,0.0,Standard Servicing
APP-501061,Active,19,5,False,0.0,Standard Servicing
APP-501062,Closed-Good,16,2,False,0.0,Standard Servicing
APP-501063,Active,0,0,False,0.0,Standard Servicing
APP-501064,Closed-Good,18,1,False,0.0,Standard Servicing
APP-501065,Closed-Good,9,2,False,0.0,Standard Servicing
APP-501066,Closed-Good,11,3,False,0.0,Standard Servicing
APP-501067,Closed-Good,13,1,False,0.0,Standard Servicing
APP-501068,Closed-Good,22,2,False,0.0,Standard Servicing
APP-501069,Active,24,4,False,0.0,Standard Servicing
APP-501070,Closed-Good,22,1,False,0.0,Standard Servicing
APP-501071,Written-Off,700,25,False,22476.83,Collections/Recovery
APP-501072,Active,24,1,False,0.0,Standard Servicing
APP-501073,Closed-Good,19,1,False,0.0,Standard Servicing
APP-501074,Closed-Good,24,5,False,0.0,Standard Servicing
APP-501075,Active,19,2,False,0.0,Standard Servicing
APP-501076,Active,16,1,False,0.0,Standard Servicing
APP-501077,Active,15,2,False,0.0,Standard Servicing
APP-501078,Active,0,0,False,0.0,Standard Servicing
APP-501079,Active,0,0,False,0.0,Standard Servicing
APP-501080,Active,24,7,False,0.0,Standard Servicing
APP-501081,Active,19,4,False,0.0,Standard Servicing
APP-501082,Closed-Good,9,2,False,0.0,Standard Servicing
APP-501083,Active,23,2,False,0.0,Standard Servicing
APP-501084,Active,24,2,False,0.0,Standard Servicing
APP-501085,Closed-Good,21,3,False,0.0,Standard Servicing
APP-501086,Active,4,1,False,0.0,Standard Servicing
APP-501087,Active,23,4,False,0.0,Standard Servicing
APP-501088,Closed-Good,13,3,False,0.0,Standard Servicing
APP-501089,Active,18,3,False,0.0,Standard Servicing
APP-501090,Closed-Good,0,0,False,0.0,Standard Servicing
APP-501091,Closed-Good,18,1,False,0.0,Standard Servicing
APP-501092,Active,21,3,False,0.0,Standard Servicing
APP-501093,Closed-Good,23,4,False,0.0,Standard Servicing
APP-501094,Active,20,3,False,0.0,Standard Servicing
APP-501095,Closed-Good,19,2,False,0.0,Standard Servicing
APP-501096,Active,16,2,False,0.0,Standard Servicing
APP-501097,Active,19,3,False,0.0,Standard Servicing
APP-501098,Active,0,0,False,0.0,Standard Servicing
APP-501099,Active,0,0,False,0.0,Standard Servicing
APP-501100,Active,13,1,False,0.0,Standard Servicing
APP-501101,Closed-Good,9,1,False,0.0,Standard Servicing
APP-501102,Written-Off,374,19,False,60611.49,Collections/Recovery
APP-501103,Active,18,2,False,0.0,Standard Servicing
APP-501104,Active,16,1,False,0.0,Standard Servicing
APP-501105,Closed-Good,12,1,False,0.0,Standard Servicing
APP-501106,Active,0,0,False,0.0,Standard Servicing
APP-501107,Active,19,3,False,0.0,Standard Servicing
APP-501108,Closed-Good,24,2,False,0.0,Standard Servicing
APP-501109,Active,20,2,False,0.0,Standard Servicing
APP-501110,Active,15,1,False,0.0,Standard Servicing
APP-501111,Active,23,3,False,0.0,Standard Servicing
APP-501112,Active,22,4,False,0.0,Standard Servicing
APP-501113,Closed-Good,12,2,False,0.0,Standard Servicing
APP-501114,Closed-Good,21,3,False,0.0,Standard Servicing
APP-501115,Active,22,2,False,0.0,Standard Servicing
APP-501116,Active,0,0,False,0.0,Standard Servicing
APP-501117,Closed-Good,21,5,False,0.0,Standard Servicing
APP-501118,Active,22,3,False,0.0,Standard Servicing
APP-501119,Active,0,0,False,0.0,Standard Servicing
APP-501120,Closed-Good,8,1,False,0.0,Standard Servicing
APP-501121,Closed-Good,22,2,False,0.0,Standard Servicing
APP-501122,Closed-Good,18,1,False,0.0,Standard Servicing
APP-501123,Written-Off,318,12,False,91516.45,Collections/Recovery
APP-501124,Written-Off,449,14,False,76895.12,Collections/Recovery
APP-501125,Closed-Good,22,2,False,0.0,Standard Servicing
APP-501126,Active,6,1,False,0.0,Standard Servicing
APP-501127,Closed-Good,15,1,False,0.0,Standard Servicing
APP-501128,Active,14,2,False,0.0,Standard Servicing
APP-501129,Active,9,2,False,0.0,Standard Servicing
APP-501130,Closed-Good,15,2,False,0.0,Standard Servicing
APP-501131,Active,23,1,False,0.0,Standard Servicing
APP-501132,Closed-Good,20,3,False,0.0,Standard Servicing
APP-501133,Active,0,0,False,0.0,Standard Servicing
APP-501134,Active,19,4,False,0.0,Standard Servicing
APP-501135,Closed-Good,20,2,False,0.0,Standard Servicing
APP-501136,Active,14,2,False,0.0,Standard Servicing
APP-501137,Active,8,1,False,0.0,Standard Servicing
APP-501138,Closed-Good,14,1,False,0.0,Standard Servicing
APP-501139,Closed-Good,11,1,False,0.0,Standard Servicing
APP-501140,Active,11,2,False,0.0,Standard Servicing
APP-501141,Written-Off,214,11,True,49990.03,Collections/Recovery
APP-501142,Closed-Good,6,1,False,0.0,Standard Servicing
APP-501143,Closed-Good,23,7,False,0.0,Standard Servicing
APP-501144,Closed-Good,6,2,False,0.0,Standard Servicing
APP-501145,Closed-Good,4,1,False,0.0,Standard Servicing
APP-501146,Active,23,3,False,0.0,Standard Servicing
APP-501147,Closed-Good,7,1,False,0.0,Standard Servicing
APP-501148,Active,21,2,False,0.0,Standard Servicing
APP-501149,Active,21,2,False,0.0,Standard Servicing
APP-501150,Closed-Good,8,2,False,0.0,Standard Servicing
APP-501151,Defaulted,101,7,False,53073.57,Collections/Recovery
APP-501152,Active,23,3,False,0.0,Standard Servicing
APP-501153,Active,16,1,False,0.0,Standard Servicing
APP-501154,Active,3,1,False,0.0,Standard Servicing
APP-501155,Closed-Good,24,3,False,0.0,Standard Servicing
APP-501156,Active,23,10,False,0.0,Standard Servicing
APP-501157,Closed-Good,5,1,False,0.0,Standard Servicing
APP-501158,Active,22,4,False,0.0,Standard Servicing
APP-501159,Closed-Good,22,4,False,0.0,Standard Servicing
APP-501160,Closed-Good,10,2,False,0.0,Standard Servicing
APP-501161,Active,20,4,False,0.0,Standard Servicing
APP-501162,Active,22,3,False,0.0,Standard Servicing
APP-501163,Active,9,5,False,0.0,Standard Servicing
APP-501164,Active,11,1,False,0.0,Standard Servicing
APP-501165,Active,14,1,False,0.0,Standard Servicing
APP-501166,Active,10,1,False,0.0,Standard Servicing
APP-501167,Written-Off,314,13,False,135977.99,Collections/Recovery
APP-501168,Active,17,2,False,0.0,Standard Servicing
APP-501169,Closed-Good,15,1,False,0.0,Standard Servicing
APP-501170,Active,24,2,False,0.0,Standard Servicing
APP-501171,Closed-Good,14,2,False,0.0,Standard Servicing
APP-501172,Active,22,4,False,0.0,Standard Servicing
APP-501173,Active,23,2,False,0.0,Standard Servicing
APP-501174,Closed-Good,18,3,False,0.0,Standard Servicing
APP-501175,Active,0,0,False,0.0,Standard Servicing
APP-501176,Active,21,1,False,0.0,Standard Servicing
APP-501177,Active,11,1,False,0.0,Standard Servicing
APP-501178,Active,0,0,False,0.0,Standard Servicing
APP-501179,Active,9,2,False,0.0,Standard Servicing
APP-501180,Active,24,6,False,0.0,Standard Servicing
APP-501181,Active,15,4,False,0.0,Standard Servicing
APP-501182,Active,17,4,False,0.0,Standard Servicing
APP-501183,Closed-Good,21,2,False,0.0,Standard Servicing
APP-501184,Active,18,2,False,0.0,Standard Servicing
APP-501185,Active,11,3,False,0.0,Standard Servicing
APP-501186,Closed-Good,17,3,False,0.0,Standard Servicing
APP-501187,Written-Off,408,16,False,27150.77,Collections/Recovery
APP-501188,Closed-Good,17,3,False,0.0,Standard Servicing
APP-501189,Active,1,1,False,0.0,Standard Servicing
APP-501190,Active,22,2,False,0.0,Standard Servicing
APP-501191,Closed-Good,18,3,False,0.0,Standard Servicing
APP-501192,Closed-Good,21,6,False,0.0,Standard Servicing
APP-501193,Active,0,0,False,0.0,Standard Servicing
APP-501194,Closed-Good,11,1,False,0.0,Standard Servicing
APP-501195,Closed-Good,20,2,False,0.0,Standard Servicing
APP-501196,Defaulted,45,2,True,106948.76,Collections/Recovery
APP-501197,Closed-Good,19,2,False,0.0,Standard Servicing
APP-501198,Closed-Good,14,1,False,0.0,Standard Servicing
APP-501199,Active,17,2,False,0.0,Standard Servicing
APP-501200,Written-Off,744,4,False,6346.53,Collections/Recovery
APP-501201,Closed-Good,2,1,False,0.0,Standard Servicing
APP-501202,Closed-Good,0,0,False,0.0,Standard Servicing
APP-501203,Closed-Good,23,4,False,0.0,Standard Servicing
APP-501204,Active,5,1,False,0.0,Standard Servicing
APP-501205,Active,20,2,False,0.0,Standard Servicing
APP-501206,Closed-Good,0,0,False,0.0,Standard Servicing
APP-501207,Closed-Good,15,3,False,0.0,Standard Servicing
APP-501208,Active,0,0,False,0.0,Standard Servicing
APP-501209,Closed-Good,0,0,False,0.0,Standard Servicing
APP-501210,Closed-Good,0,0,False,0.0,Standard Servicing
APP-501211,Closed-Good,18,1,False,0.0,Standard Servicing
APP-501212,Active,23,6,False,0.0,Standard Servicing
APP-501213,Closed-Good,23,2,False,0.0,Standard Servicing
APP-501214,Written-Off,682,10,False,39340.97,Collections/Recovery
APP-501215,Closed-Good,0,0,False,0.0,Standard Servicing
APP-501216,Active,0,0,False,0.0,Standard Servicing
APP-501217,Active,0,0,False,0.0,Standard Servicing
APP-501218,Active,21,5,False,0.0,Standard Servicing
APP-501219,Closed-Good,19,3,False,0.0,Standard Servicing
APP-501220,Closed-Good,23,5,False,0.0,Standard Servicing
APP-501221,Active,0,0,False,0.0,Standard Servicing
APP-501222,Active,0,0,False,0.0,Standard Servicing
APP-501223,Closed-Good,18,2,False,0.0,Standard Servicing
APP-501224,Defaulted,63,4,True,31134.26,Collections/Recovery
APP-501225,Written-Off,900,32,False,124101.91,Collections/Recovery
APP-501226,Closed-Good,22,4,False,0.0,Standard Servicing
APP-501227,Active,24,5,False,0.0,Standard Servicing
APP-501228,Active,0,0,False,0.0,Standard Servicing
APP-501229,Closed-Good,15,2,False,0.0,Standard Servicing
APP-501230,Closed-Good,17,1,False,0.0,Standard Servicing
APP-501231,Active,11,1,False,0.0,Standard Servicing
APP-501232,Active,24,2,False,0.0,Standard Servicing
APP-501233,Closed-Good,21,4,False,0.0,Standard Servicing
APP-501234,Closed-Good,0,0,False,0.0,Standard Servicing
APP-501235,Active,0,0,False,0.0,Standard Servicing
APP-501236,Active,12,2,False,0.0,Standard Servicing
APP-501237,Closed-Good,12,1,False,0.0,Standard Servicing
APP-501238,Active,19,2,False,0.0,Standard Servicing
APP-501239,Active,24,3,False,0.0,Standard Servicing
APP-501240,Closed-Good,15,2,False,0.0,Standard Servicing
APP-501241,Written-Off,561,21,False,24331.98,Collections/Recovery
APP-501242,Written-Off,246,11,True,24464.26,Collections/Recovery
APP-501243,Closed-Good,12,4,False,0.0,Standard Servicing
APP-501244,Active,11,3,False,0.0,Standard Servicing
APP-501245,Closed-Good,16,2,False,0.0,Standard Servicing
APP-501246,Active,7,2,False,0.0,Standard Servicing
APP-501247,Written-Off,276,12,False,9502.76,Collections/Recovery
APP-501248,Active,17,4,False,0.0,Standard Servicing
APP-501249,Closed-Good,22,2,False,0.0,Standard Servicing
APP-501250,Active,0,0,False,0.0,Standard Servicing
APP-501251,Active,10,3,False,0.0,Standard Servicing
APP-501252,Active,23,1,False,0.0,Standard Servicing
APP-501253,Active,8,3,False,0.0,Standard Servicing
APP-501254,Written-Off,183,11,False,12938.56,Collections/Recovery
APP-501255,Closed-Good,21,1,False,0.0,Standard Servicing
APP-501256,Closed-Good,10,2,False,0.0,Standard Servicing
APP-501257,Closed-Good,0,0,False,0.0,Standard Servicing
APP-501258,Active,16,4,False,0.0,Standard Servicing
APP-501259,Closed-Good,0,0,False,0.0,Standard Servicing
APP-501260,Active,23,1,False,0.0,Standard Servicing
APP-501261,Written-Off,539,19,True,68582.47,Collections/Recovery
APP-501262,Active,15,2,False,0.0,Standard Servicing
APP-501263,Active,22,8,False,0.0,Standard Servicing
APP-501264,Closed-Good,17,6,False,0.0,Standard Servicing
APP-501265,Closed-Good,15,1,False,0.0,Standard Servicing
APP-501266,Active,6,2,False,0.0,Standard Servicing
APP-501267,Active,0,0,False,0.0,Standard Servicing
APP-501268,Active,20,1,False,0.0,Standard Servicing
APP-501269,Closed-Good,6,1,False,0.0,Standard Servicing
APP-501270,Closed-Good,9,1,False,0.0,Standard Servicing
APP-501271,Written-Off,239,11,False,84214.59,Collections/Recovery
APP-501272,Closed-Good,7,2,False,0.0,Standard Servicing
APP-501273,Active,20,3,False,0.0,Standard Servicing
APP-501274,Active,0,0,False,0.0,Standard Servicing
APP-501275,Active,22,4,False,0.0,Standard Servicing
APP-501276,Active,0,0,False,0.0,Standard Servicing
APP-501277,Active,2,1,False,0.0,Standard Servicing
APP-501278,Active,0,0,False,0.0,Standard Servicing
APP-501279,Active,23,5,False,0.0,Standard Servicing
APP-501280,Closed-Good,2,1,False,0.0,Standard Servicing
APP-501281,Active,7,1,False,0.0,Standard Servicing
APP-501282,Active,0,0,False,0.0,Standard Servicing
APP-501283,Active,19,1,False,0.0,Standard Servicing
APP-501284,Active,0,0,False,0.0,Standard Servicing
APP-501285,Active,0,0,False,0.0,Standard Servicing
APP-501286,Active,8,1,False,0.0,Standard Servicing
APP-501287,Written-Off,874,33,False,30850.37,Collections/Recovery
APP-501288,Active,0,0,False,0.0,Standard Servicing
APP-501289,Active,21,4,False,0.0,Standard Servicing
APP-501290,Active,17,3,False,0.0,Standard Servicing
APP-501291,Active,8,2,False,0.0,Standard Servicing
APP-501292,Closed-Good,9,3,False,0.0,Standard Servicing
APP-501293,Closed-Good,24,4,False,0.0,Standard Servicing
APP-501294,Closed-Good,12,2,False,0.0,Standard Servicing
APP-501295,Defaulted,46,5,True,25229.13,Collections/Recovery
APP-501296,Active,19,1,False,0.0,Standard Servicing
APP-501297,Active,19,4,False,0.0,Standard Servicing
APP-501298,Active,0,0,False,0.0,Standard Servicing
APP-501299,Active,13,3,False,0.0,Standard Servicing
APP-501300,Active,7,3,False,0.0,Standard Servicing
APP-501301,Closed-Good,6,1,False,0.0,Standard Servicing
APP-501302,Closed-Good,6,1,False,0.0,Standard Servicing
APP-501303,Active,21,3,False,0.0,Standard Servicing
APP-501304,Closed-Good,12,1,False,0.0,Standard Servicing
APP-501305,Closed-Good,23,3,False,0.0,Standard Servicing
APP-501306,Closed-Good,0,0,False,0.0,Standard Servicing
APP-501307,Active,7,1,False,0.0,Standard Servicing
APP-501308,Written-Off,497,20,False,4097.62,Standard Servicing
APP-501309,Written-Off,201,8,False,1201.11,Collections/Recovery
APP-501310,Active,14,1,False,0.0,Standard Servicing
APP-501311,Closed-Good,14,2,False,0.0,Standard Servicing
APP-501312,Closed-Good,3,1,False,0.0,Standard Servicing
APP-501313,Closed-Good,24,4,False,0.0,Standard Servicing
APP-501314,Closed-Good,18,1,False,0.0,Standard Servicing
APP-501315,Active,18,2,False,0.0,Standard Servicing
APP-501316,Active,17,3,False,0.0,Standard Servicing
APP-501317,Closed-Good,20,4,False,0.0,Standard Servicing
APP-501318,Closed-Good,11,2,False,0.0,Standard Servicing
APP-501319,Active,20,2,False,0.0,Standard Servicing
APP-501320,Active,0,0,False,0.0,Standard Servicing
APP-501321,Active,0,0,False,0.0,Standard Servicing
APP-501322,Active,19,1,False,0.0,Standard Servicing
APP-501323,Closed-Good,15,1,False,0.0,Standard Servicing
APP-501324,Closed-Good,14,2,False,0.0,Standard Servicing
APP-501325,Closed-Good,23,4,False,0.0,Standard Servicing
APP-501326,Active,11,1,False,0.0,Standard Servicing
APP-501327,Closed-Good,18,1,False,0.0,Standard Servicing
APP-501328,Closed-Good,19,1,False,0.0,Standard Servicing
APP-501329,Closed-Good,22,2,False,0.0,Standard Servicing
APP-501330,Active,0,0,False,0.0,Standard Servicing
APP-501331,Active,6,1,False,0.0,Standard Servicing
APP-501332,Closed-Good,21,1,False,0.0,Standard Servicing
APP-501333,Active,13,1,False,0.0,Standard Servicing
APP-501334,Closed-Good,18,1,False,0.0,Standard Servicing
APP-501335,Active,20,3,False,0.0,Standard Servicing
APP-501336,Active,0,0,False,0.0,Standard Servicing
APP-501337,Closed-Good,20,4,False,0.0,Standard Servicing
APP-501338,Closed-Good,20,4,False,0.0,Standard Servicing
APP-501339,Active,21,4,False,0.0,Standard Servicing
APP-501340,Active,11,1,False,0.0,Standard Servicing
APP-501341,Active,19,1,False,0.0,Standard Servicing
APP-501342,Active,17,1,False,0.0,Standard Servicing
APP-501343,Active,0,0,False,0.0,Standard Servicing
APP-501344,Closed-Good,6,1,False,0.0,Standard Servicing
APP-501345,Closed-Good,19,2,False,0.0,Standard Servicing
APP-501346,Active,17,1,False,0.0,Standard Servicing
APP-501347,Written-Off,827,30,False,5021.83,Collections/Recovery
APP-501348,Defaulted,64,5,False,5373.31,Standard Servicing
APP-501349,Active,2,1,False,0.0,Standard Servicing
APP-501350,Closed-Good,22,1,False,0.0,Standard Servicing
APP-501351,Active,0,0,False,0.0,Standard Servicing
APP-501352,Closed-Good,0,0,False,0.0,Standard Servicing
APP-501353,Written-Off,868,30,True,81672.31,Collections/Recovery
APP-501354,Active,22,7,False,0.0,Standard Servicing
APP-501355,Active,24,3,False,0.0,Standard Servicing
APP-501356,Active,3,1,False,0.0,Standard Servicing
APP-501357,Written-Off,734,11,True,11353.5,Collections/Recovery
APP-501358,Active,7,2,False,0.0,Standard Servicing
APP-501359,Closed-Good,0,0,False,0.0,Standard Servicing
APP-501360,Active,24,2,False,0.0,Standard Servicing
APP-501361,Written-Off,490,20,False,1778.05,Collections/Recovery
APP-501362,Written-Off,324,13,False,19068.44,Standard Servicing
APP-501363,Closed-Good,0,0,False,0.0,Standard Servicing
APP-501364,Written-Off,665,25,False,43571.04,Collections/Recovery
APP-501365,Active,0,0,False,0.0,Standard Servicing
APP-501366,Active,0,0,False,0.0,Standard Servicing
APP-501367,Active,18,3,False,0.0,Standard Servicing
APP-501368,Active,23,3,False,0.0,Standard Servicing
APP-501369,Active,0,0,False,0.0,Standard Servicing
APP-501370,Closed-Good,24,3,False,0.0,Standard Servicing
APP-501371,Active,24,1,False,0.0,Standard Servicing
APP-501372,Active,6,1,False,0.0,Standard Servicing
APP-501373,Closed-Good,0,0,False,0.0,Standard Servicing
APP-501374,Closed-Good,17,3,False,0.0,Standard Servicing
APP-501375,Active,15,3,False,0.0,Standard Servicing
APP-501376,Active,14,2,False,0.0,Standard Servicing
APP-501377,Active,13,3,False,0.0,Standard Servicing
APP-501378,Active,20,2,False,0.0,Standard Servicing
APP-501379,Closed-Good,15,4,False,0.0,Standard Servicing
APP-501380,Active,24,3,False,0.0,Standard Servicing
APP-501381,Closed-Good,22,3,False,0.0,Standard Servicing
APP-501382,Active,6,1,False,0.0,Standard Servicing
APP-501383,Active,11,2,False,0.0,Standard Servicing
APP-501384,Closed-Good,14,1,False,0.0,Standard Servicing
APP-501385,Closed-Good,4,1,False,0.0,Standard Servicing
APP-501386,Written-Off,531,15,False,4921.44,Collections/Recovery
APP-501387,Closed-Good,0,0,False,0.0,Standard Servicing
APP-501388,Closed-Good,14,2,False,0.0,Standard Servicing
APP-501389,Written-Off,434,19,False,11225.7,Collections/Recovery
APP-501390,Closed-Good,21,2,False,0.0,Standard Servicing
APP-501391,Closed-Good,4,1,False,0.0,Standard Servicing
APP-501392,Active,22,1,False,0.0,Standard Servicing
APP-501393,Closed-Good,10,2,False,0.0,Standard Servicing
APP-501394,Active,22,3,False,0.0,Standard Servicing
APP-501395,Closed-Good,17,2,False,0.0,Standard Servicing
APP-501396,Closed-Good,15,3,False,0.0,Standard Servicing
APP-501397,Closed-Good,22,3,False,0.0,Standard Servicing
APP-501398,Closed-Good,9,2,False,0.0,Standard Servicing
APP-501399,Active,7,2,False,0.0,Standard Servicing
APP-501400,Active,23,2,False,0.0,Standard Servicing
APP-501401,Active,23,1,False,0.0,Standard Servicing
APP-501402,Closed-Good,0,0,False,0.0,Standard Servicing
APP-501403,Active,0,0,False,0.0,Standard Servicing
APP-501404,Active,0,0,False,0.0,Standard Servicing
APP-501405,Closed-Good,17,5,False,0.0,Standard Servicing
APP-501406,Active,17,2,False,0.0,Standard Servicing
APP-501407,Closed-Good,0,0,False,0.0,Standard Servicing
APP-501408,Active,2,1,False,0.0,Standard Servicing
APP-501409,Active,19,2,False,0.0,Standard Servicing
APP-501410,Closed-Good,13,1,False,0.0,Standard Servicing
APP-501411,Closed-Good,14,1,False,0.0,Standard Servicing
APP-501412,Written-Off,475,18,True,72638.16,Collections/Recovery
APP-501413,Closed-Good,5,1,False,0.0,Standard Servicing
APP-501414,Closed-Good,0,0,False,0.0,Standard Servicing
APP-501415,Closed-Good,8,1,False,0.0,Standard Servicing
APP-501416,Active,22,2,False,0.0,Standard Servicing
APP-501417,Active,11,2,False,0.0,Standard Servicing
APP-501418,Closed-Good,0,0,False,0.0,Standard Servicing
APP-501419,Active,13,2,False,0.0,Standard Servicing
APP-501420,Closed-Good,23,2,False,0.0,Standard Servicing
APP-501421,Closed-Good,4,1,False,0.0,Standard Servicing
APP-501422,Closed-Good,13,3,False,0.0,Standard Servicing
APP-501423,Closed-Good,17,1,False,0.0,Standard Servicing
APP-501424,Written-Off,613,21,False,69314.95,Collections/Recovery
APP-501425,Written-Off,682,26,True,14903.94,Collections/Recovery
APP-501426,Closed-Good,15,4,False,0.0,Standard Servicing
APP-501427,Written-Off,437,4,True,73545.73,Collections/Recovery
APP-501428,Closed-Good,23,3,False,0.0,Standard Servicing
APP-501429,Active,9,1,False,0.0,Standard Servicing
APP-501430,Closed-Good,15,2,False,0.0,Standard Servicing
APP-501431,Active,17,2,False,0.0,Standard Servicing
APP-501432,Closed-Good,7,1,False,0.0,Standard Servicing
APP-501433,Active,17,3,False,0.0,Standard Servicing
APP-501434,Written-Off,1025,19,False,15056.44,Collections/Recovery
APP-501435,Closed-Good,11,1,False,0.0,Standard Servicing
APP-501436,Closed-Good,23,2,False,0.0,Standard Servicing
APP-501437,Closed-Good,10,1,False,0.0,Standard Servicing
APP-501438,Written-Off,829,31,False,84225.24,Collections/Recovery
APP-501439,Closed-Good,18,1,False,0.0,Standard Servicing
APP-501440,Written-Off,508,19,False,7722.69,Collections/Recovery
APP-501441,Closed-Good,4,3,False,0.0,Standard Servicing
APP-501442,Active,23,4,False,0.0,Standard Servicing
APP-501443,Active,22,4,False,0.0,Standard Servicing
APP-501444,Active,22,3,False,0.0,Standard Servicing
APP-501445,Active,24,5,False,0.0,Standard Servicing
APP-501446,Closed-Good,24,1,False,0.0,Standard Servicing
APP-501447,Closed-Good,8,2,False,0.0,Standard Servicing
APP-501448,Closed-Good,6,1,False,0.0,Standard Servicing
APP-501449,Active,14,1,False,0.0,Standard Servicing
APP-501450,Closed-Good,0,0,False,0.0,Standard Servicing
APP-501451,Active,0,0,False,0.0,Standard Servicing
APP-501452,Active,23,1,False,0.0,Standard Servicing
APP-501453,Closed-Good,0,0,False,0.0,Standard Servicing
APP-501454,Active,12,2,False,0.0,Standard Servicing
APP-501455,Active,14,1,False,0.0,Standard Servicing
APP-501456,Written-Off,431,8,True,91853.4,Collections/Recovery
APP-501457,Closed-Good,5,2,False,0.0,Standard Servicing
APP-501458,Active,7,1,False,0.0,Standard Servicing
APP-501459,Active,17,1,False,0.0,Standard Servicing
APP-501460,Closed-Good,0,0,False,0.0,Standard Servicing
APP-501461,Active,0,0,False,0.0,Standard Servicing
APP-501462,Closed-Good,12,1,False,0.0,Standard Servicing
APP-501463,Active,16,3,False,0.0,Standard Servicing
APP-501464,Closed-Good,24,3,False,0.0,Standard Servicing
APP-501465,Closed-Good,23,2,False,0.0,Standard Servicing
APP-501466,Active,17,3,False,0.0,Standard Servicing
APP-501467,Defaulted,62,5,False,34649.74,Collections/Recovery
APP-501468,Closed-Good,18,1,False,0.0,Standard Servicing
APP-501469,Closed-Good,1,1,False,0.0,Standard Servicing
APP-501470,Active,6,2,False,0.0,Standard Servicing
APP-501471,Active,5,2,False,0.0,Standard Servicing
APP-501472,Active,0,0,False,0.0,Standard Servicing
APP-501473,Closed-Good,9,1,False,0.0,Standard Servicing
APP-501474,Closed-Good,0,0,False,0.0,Standard Servicing
APP-501475,Written-Off,930,20,False,21593.17,Collections/Recovery
APP-501476,Active,1,1,False,0.0,Standard Servicing
APP-501477,Written-Off,574,25,False,12182.21,Standard Servicing
APP-501478,Closed-Good,0,0,False,0.0,Standard Servicing
APP-501479,Active,24,3,False,0.0,Standard Servicing
APP-501480,Active,6,1,False,0.0,Standard Servicing
APP-501481,Closed-Good,17,4,False,0.0,Standard Servicing
APP-501482,Active,19,1,False,0.0,Standard Servicing
APP-501483,Closed-Good,0,0,False,0.0,Standard Servicing
APP-501484,Active,16,1,False,0.0,Standard Servicing
APP-501485,Closed-Good,20,3,False,0.0,Standard Servicing
APP-501486,Active,0,0,False,0.0,Standard Servicing
APP-501487,Closed-Good,0,0,False,0.0,Standard Servicing
APP-501488,Closed-Good,5,2,False,0.0,Standard Servicing
APP-501489,Closed-Good,20,2,False,0.0,Standard Servicing
APP-501490,Closed-Good,20,2,False,0.0,Standard Servicing
APP-501491,Closed-Good,23,3,False,0.0,Standard Servicing
APP-501492,Active,23,4,False,0.0,Standard Servicing
APP-501493,Closed-Good,13,3,False,0.0,Standard Servicing
APP-501494,Active,0,0,False,0.0,Standard Servicing
APP-501495,Closed-Good,24,2,False,0.0,Standard Servicing
APP-501496,Written-Off,794,29,False,43182.18,Standard Servicing
APP-501497,Written-Off,618,24,False,16380.43,Collections/Recovery
APP-501498,Active,12,2,False,0.0,Standard Servicing
APP-501499,Closed-Good,22,3,False,0.0,Standard Servicing
APP-501500,Written-Off,1031,10,False,11681.32,Collections/Recovery
APP-501501,Closed-Good,18,4,False,0.0,Standard Servicing
APP-501502,Closed-Good,24,3,False,0.0,Standard Servicing
APP-501503,Active,14,3,False,0.0,Standard Servicing
APP-501504,Active,16,6,False,0.0,Standard Servicing
APP-501505,Closed-Good,19,3,False,0.0,Standard Servicing
APP-501506,Active,18,2,False,0.0,Standard Servicing
APP-501507,Closed-Good,24,5,False,0.0,Standard Servicing
APP-501508,Closed-Good,15,1,False,0.0,Standard Servicing
APP-501509,Closed-Good,24,3,False,0.0,Standard Servicing
APP-501510,Active,4,1,False,0.0,Standard Servicing
APP-501511,Active,20,1,False,0.0,Standard Servicing
APP-501512,Written-Off,252,13,False,7603.92,Standard Servicing
APP-501513,Active,22,2,False,0.0,Standard Servicing
APP-501514,Closed-Good,22,7,False,0.0,Standard Servicing
APP-501515,Active,13,3,False,0.0,Standard Servicing
APP-501516,Active,0,0,False,0.0,Standard Servicing
APP-501517,Written-Off,441,17,False,53511.24,Collections/Recovery
APP-501518,Active,19,3,False,0.0,Standard Servicing
APP-501519,Closed-Good,13,2,False,0.0,Standard Servicing
APP-501520,Active,0,0,False,0.0,Standard Servicing
APP-501521,Closed-Good,22,2,False,0.0,Standard Servicing
APP-501522,Active,11,1,False,0.0,Standard Servicing
APP-501523,Active,8,1,False,0.0,Standard Servicing
APP-501524,Active,17,2,False,0.0,Standard Servicing
APP-501525,Active,24,4,False,0.0,Standard Servicing
APP-501526,Active,0,0,False,0.0,Standard Servicing
APP-501527,Closed-Good,0,0,False,0.0,Standard Servicing
APP-501528,Defaulted,156,9,False,26043.91,Collections/Recovery
APP-501529,Closed-Good,12,5,False,0.0,Standard Servicing
APP-501530,Closed-Good,14,2,False,0.0,Standard Servicing
APP-501531,Closed-Good,22,1,False,0.0,Standard Servicing
APP-501532,Closed-Good,15,4,False,0.0,Standard Servicing
APP-501533,Active,12,1,False,0.0,Standard Servicing
APP-501534,Written-Off,504,14,False,31724.82,Collections/Recovery
APP-501535,Defaulted,67,2,False,21450.84,Collections/Recovery
APP-501536,Closed-Good,0,0,False,0.0,Standard Servicing
APP-501537,Active,0,0,False,0.0,Standard Servicing
APP-501538,Active,9,3,False,0.0,Standard Servicing
APP-501539,Closed-Good,12,1,False,0.0,Standard Servicing
APP-501540,Closed-Good,2,1,False,0.0,Standard Servicing
APP-501541,Active,18,1,False,0.0,Standard Servicing
APP-501542,Active,14,2,False,0.0,Standard Servicing
APP-501543,Closed-Good,8,2,False,0.0,Standard Servicing
APP-501544,Closed-Good,9,1,False,0.0,Standard Servicing
APP-501545,Active,24,3,False,0.0,Standard Servicing
APP-501546,Active,14,2,False,0.0,Standard Servicing
APP-501547,Closed-Good,0,0,False,0.0,Standard Servicing
APP-501548,Written-Off,703,26,False,41373.84,Collections/Recovery
APP-501549,Active,10,2,False,0.0,Standard Servicing
APP-501550,Closed-Good,11,2,False,0.0,Standard Servicing
APP-501551,Active,1,1,False,0.0,Standard Servicing
APP-501552,Active,0,0,False,0.0,Standard Servicing
APP-501553,Closed-Good,23,1,False,0.0,Standard Servicing
APP-501554,Closed-Good,15,2,False,0.0,Standard Servicing
APP-501555,Written-Off,740,24,True,31587.25,Collections/Recovery
APP-501556,Active,0,0,False,0.0,Standard Servicing
APP-501557,Closed-Good,9,1,False,0.0,Standard Servicing
APP-501558,Active,16,3,False,0.0,Standard Servicing
APP-501559,Active,7,2,False,0.0,Standard Servicing
APP-501560,Written-Off,482,10,True,26976.69,Standard Servicing
APP-501561,Active,16,4,False,0.0,Standard Servicing
APP-501562,Closed-Good,16,1,False,0.0,Standard Servicing
APP-501563,Closed-Good,2,1,False,0.0,Standard Servicing
APP-501564,Active,17,1,False,0.0,Standard Servicing
APP-501565,Active,20,4,False,0.0,Standard Servicing
APP-501566,Active,18,1,False,0.0,Standard Servicing
APP-501567,Closed-Good,1,1,False,0.0,Standard Servicing
APP-501568,Closed-Good,16,1,False,0.0,Standard Servicing
APP-501569,Closed-Good,4,1,False,0.0,Standard Servicing
APP-501570,Closed-Good,23,4,False,0.0,Standard Servicing
APP-501571,Active,14,4,False,0.0,Standard Servicing
APP-501572,Closed-Good,7,1,False,0.0,Standard Servicing
APP-501573,Written-Off,399,17,True,6904.17,Collections/Recovery
APP-501574,Closed-Good,7,1,False,0.0,Standard Servicing
APP-501575,Closed-Good,16,4,False,0.0,Standard Servicing
APP-501576,Active,19,2,False,0.0,Standard Servicing
APP-501577,Active,11,1,False,0.0,Standard Servicing
APP-501578,Active,11,3,False,0.0,Standard Servicing
APP-501579,Active,0,0,False,0.0,Standard Servicing
APP-501580,Closed-Good,8,2,False,0.0,Standard Servicing
APP-501581,Active,17,3,False,0.0,Standard Servicing
APP-501582,Active,11,1,False,0.0,Standard Servicing
APP-501583,Closed-Good,10,1,False,0.0,Standard Servicing
APP-501584,Defaulted,126,5,False,36500.66,Collections/Recovery
APP-501585,Active,15,1,False,0.0,Standard Servicing
APP-501586,Written-Off,414,16,False,41756.91,Collections/Recovery
APP-501587,Closed-Good,21,1,False,0.0,Standard Servicing
APP-501588,Closed-Good,17,4,False,0.0,Standard Servicing
APP-501589,Active,0,0,False,0.0,Standard Servicing
APP-501590,Active,16,5,False,0.0,Standard Servicing
APP-501591,Active,19,2,False,0.0,Standard Servicing
APP-501592,Closed-Good,17,3,False,0.0,Standard Servicing
APP-501593,Active,24,3,False,0.0,Standard Servicing
APP-501594,Closed-Good,21,3,False,0.0,Standard Servicing
APP-501595,Written-Off,358,9,False,23629.65,Standard Servicing
APP-501596,Closed-Good,20,1,False,0.0,Standard Servicing
APP-501597,Closed-Good,24,3,False,0.0,Standard Servicing
APP-501598,Defaulted,73,3,True,49599.5,Collections/Recovery
APP-501599,Active,20,1,False,0.0,Standard Servicing
APP-501600,Closed-Good,14,1,False,0.0,Standard Servicing
APP-501601,Closed-Good,19,4,False,0.0,Standard Servicing
APP-501602,Active,0,0,False,0.0,Standard Servicing
APP-501603,Closed-Good,0,0,False,0.0,Standard Servicing
APP-501604,Active,17,3,False,0.0,Standard Servicing
APP-501605,Closed-Good,18,1,False,0.0,Standard Servicing
APP-501606,Closed-Good,0,0,False,0.0,Standard Servicing
APP-501607,Active,0,0,False,0.0,Standard Servicing
APP-501608,Closed-Good,24,3,False,0.0,Standard Servicing
APP-501609,Active,0,0,False,0.0,Standard Servicing
APP-501610,Closed-Good,0,0,False,0.0,Standard Servicing
APP-501611,Active,24,2,False,0.0,Standard Servicing
APP-501612,Closed-Good,14,5,False,0.0,Standard Servicing
APP-501613,Closed-Good,2,1,False,0.0,Standard Servicing
APP-501614,Active,17,3,False,0.0,Standard Servicing
APP-501615,Active,2,2,False,0.0,Standard Servicing
APP-501616,Active,21,2,False,0.0,Standard Servicing
APP-501617,Active,0,0,False,0.0,Standard Servicing
APP-501618,Closed-Good,9,1,False,0.0,Standard Servicing
APP-501619,Closed-Good,6,3,False,0.0,Standard Servicing
APP-501620,Active,20,1,False,0.0,Standard Servicing
APP-501621,Active,20,2,False,0.0,Standard Servicing
APP-501622,Active,2,1,False,0.0,Standard Servicing
APP-501623,Active,10,1,False,0.0,Standard Servicing
APP-501624,Active,16,1,False,0.0,Standard Servicing
APP-501625,Defaulted,170,9,True,62321.47,Collections/Recovery
APP-501626,Active,18,2,False,0.0,Standard Servicing
APP-501627,Closed-Good,19,6,False,0.0,Standard Servicing
APP-501628,Closed-Good,0,0,False,0.0,Standard Servicing
APP-501629,Closed-Good,20,4,False,0.0,Standard Servicing
APP-501630,Closed-Good,0,0,False,0.0,Standard Servicing
APP-501631,Active,0,0,False,0.0,Standard Servicing
APP-501632,Closed-Good,14,3,False,0.0,Standard Servicing
APP-501633,Closed-Good,21,5,False,0.0,Standard Servicing
APP-501634,Active,14,3,False,0.0,Standard Servicing
APP-501635,Closed-Good,0,0,False,0.0,Standard Servicing
APP-501636,Active,13,1,False,0.0,Standard Servicing
APP-501637,Active,0,0,False,0.0,Standard Servicing
APP-501638,Active,1,1,False,0.0,Standard Servicing
APP-501639,Closed-Good,9,3,False,0.0,Standard Servicing
APP-501640,Closed-Good,0,0,False,0.0,Standard Servicing
APP-501641,Active,9,1,False,0.0,Standard Servicing
APP-501642,Active,21,2,False,0.0,Standard Servicing
APP-501643,Active,21,5,False,0.0,Standard Servicing
APP-501644,Active,17,2,False,0.0,Standard Servicing
APP-501645,Active,0,0,False,0.0,Standard Servicing
APP-501646,Closed-Good,9,1,False,0.0,Standard Servicing
APP-501647,Closed-Good,23,2,False,0.0,Standard Servicing
APP-501648,Active,24,8,False,0.0,Standard Servicing
APP-501649,Written-Off,918,21,False,87656.7,Standard Servicing
APP-501650,Written-Off,611,23,False,45398.37,Collections/Recovery
APP-501651,Closed-Good,3,1,False,0.0,Standard Servicing
APP-501652,Active,12,2,False,0.0,Standard Servicing
APP-501653,Closed-Good,16,2,False,0.0,Standard Servicing
APP-501654,Active,22,1,False,0.0,Standard Servicing
APP-501655,Written-Off,899,32,False,6473.74,Standard Servicing
APP-501656,Active,16,1,False,0.0,Standard Servicing
APP-501657,Written-Off,646,24,False,16416.58,Standard Servicing
APP-501658,Closed-Good,22,2,False,0.0,Standard Servicing
APP-501659,Closed-Good,8,1,False,0.0,Standard Servicing
APP-501660,Written-Off,1075,10,True,23297.55,Collections/Recovery
APP-501661,Closed-Good,13,3,False,0.0,Standard Servicing
APP-501662,Active,20,3,False,0.0,Standard Servicing
APP-501663,Active,17,4,False,0.0,Standard Servicing
APP-501664,Written-Off,232,11,False,55330.88,Collections/Recovery
APP-501665,Active,16,2,False,0.0,Standard Servicing
APP-501666,Active,0,0,False,0.0,Standard Servicing
APP-501667,Active,0,0,False,0.0,Standard Servicing
APP-501668,Written-Off,664,16,False,29860.22,Collections/Recovery
APP-501669,Closed-Good,22,3,False,0.0,Standard Servicing
APP-501670,Active,20,1,False,0.0,Standard Servicing
APP-501671,Active,5,2,False,0.0,Standard Servicing
APP-501672,Closed-Good,11,1,False,0.0,Standard Servicing
APP-501673,Closed-Good,0,0,False,0.0,Standard Servicing
APP-501674,Active,13,3,False,0.0,Standard Servicing
APP-501675,Active,10,2,False,0.0,Standard Servicing
APP-501676,Closed-Good,0,0,False,0.0,Standard Servicing
APP-501677,Closed-Good,20,3,False,0.0,Standard Servicing
APP-501678,Closed-Good,10,1,False,0.0,Standard Servicing
APP-501679,Active,6,2,False,0.0,Standard Servicing
APP-501680,Written-Off,355,15,False,40922.93,Standard Servicing
APP-501681,Closed-Good,0,0,False,0.0,Standard Servicing
APP-501682,Closed-Good,17,1,False,0.0,Standard Servicing
APP-501683,Closed-Good,13,2,False,0.0,Standard Servicing
APP-501684,Closed-Good,1,1,False,0.0,Standard Servicing
APP-501685,Closed-Good,9,2,False,0.0,Standard Servicing
APP-501686,Active,14,2,False,0.0,Standard Servicing
APP-501687,Closed-Good,24,2,False,0.0,Standard Servicing
APP-501688,Active,0,0,False,0.0,Standard Servicing
APP-501689,Closed-Good,15,1,False,0.0,Standard Servicing
APP-501690,Closed-Good,22,4,False,0.0,Standard Servicing
APP-501691,Active,8,2,False,0.0,Standard Servicing
APP-501692,Closed-Good,23,5,False,0.0,Standard Servicing
APP-501693,Active,0,0,False,0.0,Standard Servicing
APP-501694,Closed-Good,13,3,False,0.0,Standard Servicing
APP-501695,Closed-Good,22,2,False,0.0,Standard Servicing
APP-501696,Closed-Good,10,2,False,0.0,Standard Servicing
APP-501697,Active,0,0,False,0.0,Standard Servicing
APP-501698,Closed-Good,4,1,False,0.0,Standard Servicing
APP-501699,Active,10,2,False,0.0,Standard Servicing
APP-501700,Active,23,2,False,0.0,Standard Servicing
APP-501701,Closed-Good,13,1,False,0.0,Standard Servicing
APP-501702,Closed-Good,24,4,False,0.0,Standard Servicing
APP-501703,Active,10,1,False,0.0,Standard Servicing
APP-501704,Active,5,4,False,0.0,Standard Servicing
APP-501705,Active,19,2,False,0.0,Standard Servicing
APP-501706,Written-Off,349,14,False,15095.66,Collections/Recovery
APP-501707,Active,16,1,False,0.0,Standard Servicing
APP-501708,Active,17,3,False,0.0,Standard Servicing
APP-501709,Closed-Good,15,2,False,0.0,Standard Servicing
APP-501710,Closed-Good,0,0,False,0.0,Standard Servicing
APP-501711,Closed-Good,21,2,False,0.0,Standard Servicing
APP-501712,Closed-Good,6,2,False,0.0,Standard Servicing
APP-501713,Active,19,3,False,0.0,Standard Servicing
APP-501714,Closed-Good,0,0,False,0.0,Standard Servicing
APP-501715,Active,3,1,False,0.0,Standard Servicing
APP-501716,Active,10,2,False,0.0,Standard Servicing
APP-501717,Closed-Good,22,4,False,0.0,Standard Servicing
APP-501718,Closed-Good,14,2,False,0.0,Standard Servicing
APP-501719,Active,18,1,False,0.0,Standard Servicing
APP-501720,Active,14,3,False,0.0,Standard Servicing
APP-501721,Closed-Good,24,3,False,0.0,Standard Servicing
APP-501722,Closed-Good,13,1,False,0.0,Standard Servicing
APP-501723,Active,4,1,False,0.0,Standard Servicing
APP-501724,Active,12,1,False,0.0,Standard Servicing
APP-501725,Active,3,1,False,0.0,Standard Servicing
APP-501726,Closed-Good,16,6,False,0.0,Standard Servicing
APP-501727,Closed-Good,0,0,False,0.0,Standard Servicing
APP-501728,Closed-Good,19,1,False,0.0,Standard Servicing
APP-501729,Active,11,2,False,0.0,Standard Servicing
APP-501730,Closed-Good,5,1,False,0.0,Standard Servicing
APP-501731,Active,18,3,False,0.0,Standard Servicing
APP-501732,Closed-Good,22,3,False,0.0,Standard Servicing
APP-501733,Active,23,3,False,0.0,Standard Servicing
APP-501734,Closed-Good,23,3,False,0.0,Standard Servicing
APP-501735,Written-Off,746,14,True,2829.85,Collections/Recovery
APP-501736,Closed-Good,21,5,False,0.0,Standard Servicing
APP-501737,Closed-Good,20,4,False,0.0,Standard Servicing
APP-501738,Closed-Good,23,4,False,0.0,Standard Servicing
APP-501739,Active,13,1,False,0.0,Standard Servicing
APP-501740,Closed-Good,21,3,False,0.0,Standard Servicing
APP-501741,Active,18,3,False,0.0,Standard Servicing
APP-501742,Closed-Good,16,2,False,0.0,Standard Servicing
APP-501743,Closed-Good,0,0,False,0.0,Standard Servicing
APP-501744,Closed-Good,11,2,False,0.0,Standard Servicing
APP-501745,Closed-Good,0,0,False,0.0,Standard Servicing
APP-501746,Written-Off,890,30,True,46934.09,Collections/Recovery
APP-501747,Closed-Good,22,1,False,0.0,Standard Servicing
APP-501748,Active,23,2,False,0.0,Standard Servicing
APP-501749,Active,18,1,False,0.0,Standard Servicing
APP-501750,Closed-Good,13,3,False,0.0,Standard Servicing
APP-501751,Closed-Good,11,2,False,0.0,Standard Servicing
APP-501752,Closed-Good,21,3,False,0.0,Standard Servicing
APP-501753,Defaulted,107,9,False,3639.71,Collections/Recovery
APP-501754,Active,17,3,False,0.0,Standard Servicing
APP-501755,Active,0,0,False,0.0,Standard Servicing
APP-501756,Active,2,1,False,0.0,Standard Servicing
APP-501757,Active,21,2,False,0.0,Standard Servicing
APP-501758,Active,0,0,False,0.0,Standard Servicing
APP-501759,Closed-Good,24,1,False,0.0,Standard Servicing
APP-501760,Written-Off,492,16,True,94950.37,Collections/Recovery
APP-501761,Active,0,0,False,0.0,Standard Servicing
APP-501762,Closed-Good,15,1,False,0.0,Standard Servicing
APP-501763,Active,0,0,False,0.0,Standard Servicing
APP-501764,Active,0,0,False,0.0,Standard Servicing
APP-501765,Active,21,2,False,0.0,Standard Servicing
APP-501766,Active,9,4,False,0.0,Standard Servicing
APP-501767,Written-Off,531,20,False,61564.86,Collections/Recovery
APP-501768,Closed-Good,20,2,False,0.0,Standard Servicing
APP-501769,Active,15,1,False,0.0,Standard Servicing
APP-501770,Closed-Good,0,0,False,0.0,Standard Servicing
APP-501771,Closed-Good,17,1,False,0.0,Standard Servicing
APP-501772,Active,0,0,False,0.0,Standard Servicing
APP-501773,Closed-Good,19,3,False,0.0,Standard Servicing
APP-501774,Active,0,0,False,0.0,Standard Servicing
APP-501775,Closed-Good,19,3,False,0.0,Standard Servicing
APP-501776,Closed-Good,11,4,False,0.0,Standard Servicing
APP-501777,Closed-Good,22,2,False,0.0,Standard Servicing
APP-501778,Closed-Good,19,2,False,0.0,Standard Servicing
APP-501779,Active,18,2,False,0.0,Standard Servicing
APP-501780,Active,18,2,False,0.0,Standard Servicing
APP-501781,Closed-Good,21,1,False,0.0,Standard Servicing
APP-501782,Closed-Good,17,1,False,0.0,Standard Servicing
APP-501783,Active,16,1,False,0.0,Standard Servicing
APP-501784,Active,0,0,False,0.0,Standard Servicing
APP-501785,Active,17,1,False,0.0,Standard Servicing
APP-501786,Active,1,1,False,0.0,Standard Servicing
APP-501787,Active,14,3,False,0.0,Standard Servicing
APP-501788,Active,18,3,False,0.0,Standard Servicing
APP-501789,Closed-Good,15,2,False,0.0,Standard Servicing
APP-501790,Active,10,1,False,0.0,Standard Servicing
APP-501791,Active,0,0,False,0.0,Standard Servicing
APP-501792,Closed-Good,0,0,False,0.0,Standard Servicing
APP-501793,Closed-Good,3,1,False,0.0,Standard Servicing
APP-501794,Closed-Good,19,1,False,0.0,Standard Servicing
APP-501795,Closed-Good,24,2,False,0.0,Standard Servicing
APP-501796,Closed-Good,4,1,False,0.0,Standard Servicing
APP-501797,Closed-Good,23,6,False,0.0,Standard Servicing
APP-501798,Closed-Good,21,3,False,0.0,Standard Servicing
APP-501799,Closed-Good,13,3,False,0.0,Standard Servicing
APP-501800,Active,16,2,False,0.0,Standard Servicing
APP-501801,Active,0,0,False,0.0,Standard Servicing
APP-501802,Active,16,4,False,0.0,Standard Servicing
APP-501803,Active,23,1,False,0.0,Standard Servicing
APP-501804,Active,17,2,False,0.0,Standard Servicing
APP-501805,Closed-Good,24,5,False,0.0,Standard Servicing
APP-501806,Closed-Good,8,2,False,0.0,Standard Servicing
APP-501807,Closed-Good,0,0,False,0.0,Standard Servicing
APP-501808,Active,19,1,False,0.0,Standard Servicing
APP-501809,Active,21,2,False,0.0,Standard Servicing
APP-501810,Active,9,1,False,0.0,Standard Servicing
APP-501811,Closed-Good,12,2,False,0.0,Standard Servicing
APP-501812,Closed-Good,18,1,False,0.0,Standard Servicing
APP-501813,Active,12,2,False,0.0,Standard Servicing
APP-501814,Active,19,1,False,0.0,Standard Servicing
APP-501815,Active,0,0,False,0.0,Standard Servicing
APP-501816,Closed-Good,0,0,False,0.0,Standard Servicing
APP-501817,Closed-Good,0,0,False,0.0,Standard Servicing
APP-501818,Closed-Good,21,4,False,0.0,Standard Servicing
APP-501819,Closed-Good,0,0,False,0.0,Standard Servicing
APP-501820,Active,15,6,False,0.0,Standard Servicing
APP-501821,Closed-Good,23,5,False,0.0,Standard Servicing
APP-501822,Active,23,2,False,0.0,Standard Servicing
APP-501823,Closed-Good,18,2,False,0.0,Standard Servicing
APP-501824,Active,0,0,False,0.0,Standard Servicing
APP-501825,Active,20,5,False,0.0,Standard Servicing
APP-501826,Closed-Good,23,5,False,0.0,Standard Servicing
APP-501827,Active,10,2,False,0.0,Standard Servicing
APP-501828,Active,19,2,False,0.0,Standard Servicing
APP-501829,Active,16,4,False,0.0,Standard Servicing
APP-501830,Closed-Good,10,1,False,0.0,Standard Servicing
APP-501831,Closed-Good,20,2,False,0.0,Standard Servicing
APP-501832,Active,7,1,False,0.0,Standard Servicing
APP-501833,Closed-Good,0,0,False,0.0,Standard Servicing
APP-501834,Active,14,2,False,0.0,Standard Servicing
APP-501835,Active,10,1,False,0.0,Standard Servicing
APP-501836,Active,0,0,False,0.0,Standard Servicing
APP-501837,Active,9,1,False,0.0,Standard Servicing
APP-501838,Active,17,1,False,0.0,Standard Servicing
APP-501839,Closed-Good,24,1,False,0.0,Standard Servicing
APP-501840,Written-Off,499,19,False,12852.06,Standard Servicing
APP-501841,Closed-Good,23,3,False,0.0,Standard Servicing
APP-501842,Active,22,4,False,0.0,Standard Servicing
APP-501843,Defaulted,143,8,False,25733.04,Collections/Recovery
APP-501844,Active,18,1,False,0.0,Standard Servicing
APP-501845,Active,13,2,False,0.0,Standard Servicing
APP-501846,Closed-Good,0,0,False,0.0,Standard Servicing
APP-501847,Closed-Good,0,0,False,0.0,Standard Servicing
APP-501848,Closed-Good,21,1,False,0.0,Standard Servicing
APP-501849,Closed-Good,21,2,False,0.0,Standard Servicing
APP-501850,Active,18,2,False,0.0,Standard Servicing
APP-501851,Active,20,4,False,0.0,Standard Servicing
APP-501852,Closed-Good,13,2,False,0.0,Standard Servicing
APP-501853,Closed-Good,18,3,False,0.0,Standard Servicing
APP-501854,Active,0,0,False,0.0,Standard Servicing
APP-501855,Closed-Good,17,1,False,0.0,Standard Servicing
APP-501856,Closed-Good,13,2,False,0.0,Standard Servicing
APP-501857,Closed-Good,20,1,False,0.0,Standard Servicing
APP-501858,Closed-Good,11,2,False,0.0,Standard Servicing
APP-501859,Active,23,1,False,0.0,Standard Servicing
APP-501860,Closed-Good,19,2,False,0.0,Standard Servicing
APP-501861,Active,8,3,False,0.0,Standard Servicing
APP-501862,Active,19,1,False,0.0,Standard Servicing
APP-501863,Closed-Good,18,3,False,0.0,Standard Servicing
APP-501864,Closed-Good,11,3,False,0.0,Standard Servicing
APP-501865,Closed-Good,10,1,False,0.0,Standard Servicing
APP-501866,Active,21,3,False,0.0,Standard Servicing
APP-501867,Active,21,3,False,0.0,Standard Servicing
APP-501868,Closed-Good,6,1,False,0.0,Standard Servicing
APP-501869,Active,13,3,False,0.0,Standard Servicing
APP-501870,Written-Off,683,26,False,49962.62,Collections/Recovery
APP-501871,Active,9,1,False,0.0,Standard Servicing
APP-501872,Active,23,2,False,0.0,Standard Servicing
APP-501873,Active,8,2,False,0.0,Standard Servicing
APP-501874,Active,9,3,False,0.0,Standard Servicing
APP-501875,Closed-Good,14,1,False,0.0,Standard Servicing
APP-501876,Closed-Good,20,2,False,0.0,Standard Servicing
APP-501877,Closed-Good,0,0,False,0.0,Standard Servicing
APP-501878,Active,6,1,False,0.0,Standard Servicing
APP-501879,Closed-Good,0,0,False,0.0,Standard Servicing
APP-501880,Active,0,0,False,0.0,Standard Servicing
APP-501881,Active,23,1,False,0.0,Standard Servicing
APP-501882,Closed-Good,23,5,False,0.0,Standard Servicing
APP-501883,Closed-Good,19,4,False,0.0,Standard Servicing
APP-501884,Closed-Good,21,3,False,0.0,Standard Servicing
APP-501885,Closed-Good,24,1,False,0.0,Standard Servicing
APP-501886,Active,13,7,False,0.0,Standard Servicing
APP-501887,Active,24,2,False,0.0,Standard Servicing
APP-501888,Active,0,0,False,0.0,Standard Servicing
APP-501889,Written-Off,646,24,False,1375.25,Collections/Recovery
APP-501890,Active,21,2,False,0.0,Standard Servicing
APP-501891,Active,8,2,False,0.0,Standard Servicing
APP-501892,Closed-Good,18,1,False,0.0,Standard Servicing
APP-501893,Active,0,0,False,0.0,Standard Servicing
APP-501894,Active,0,0,False,0.0,Standard Servicing
APP-501895,Active,20,1,False,0.0,Standard Servicing
APP-501896,Active,24,5,False,0.0,Standard Servicing
APP-501897,Active,11,3,False,0.0,Standard Servicing
APP-501898,Active,13,2,False,0.0,Standard Servicing
APP-501899,Active,0,0,False,0.0,Standard Servicing
APP-501900,Closed-Good,0,0,False,0.0,Standard Servicing
APP-501901,Active,4,1,False,0.0,Standard Servicing
APP-501902,Closed-Good,16,1,False,0.0,Standard Servicing
APP-501903,Active,15,5,False,0.0,Standard Servicing
APP-501904,Active,22,1,False,0.0,Standard Servicing
APP-501905,Active,20,5,False,0.0,Standard Servicing
APP-501906,Closed-Good,0,0,False,0.0,Standard Servicing
APP-501907,Active,2,1,False,0.0,Standard Servicing
APP-501908,Active,11,2,False,0.0,Standard Servicing
APP-501909,Active,20,1,False,0.0,Standard Servicing
APP-501910,Written-Off,997,12,True,81858.6,Standard Servicing
APP-501911,Active,16,3,False,0.0,Standard Servicing
APP-501912,Closed-Good,17,2,False,0.0,Standard Servicing
APP-501913,Active,24,2,False,0.0,Standard Servicing
APP-501914,Closed-Good,24,6,False,0.0,Standard Servicing
APP-501915,Active,21,3,False,0.0,Standard Servicing
APP-501916,Active,17,2,False,0.0,Standard Servicing
APP-501917,Active,7,1,False,0.0,Standard Servicing
APP-501918,Active,22,4,False,0.0,Standard Servicing
APP-501919,Active,14,2,False,0.0,Standard Servicing
APP-501920,Closed-Good,0,0,False,0.0,Standard Servicing
APP-501921,Closed-Good,20,2,False,0.0,Standard Servicing
APP-501922,Closed-Good,19,1,False,0.0,Standard Servicing
APP-501923,Closed-Good,19,1,False,0.0,Standard Servicing
APP-501924,Active,17,1,False,0.0,Standard Servicing
APP-501925,Closed-Good,19,5,False,0.0,Standard Servicing
APP-501926,Closed-Good,6,2,False,0.0,Standard Servicing
APP-501927,Active,18,2,False,0.0,Standard Servicing
APP-501928,Active,12,3,False,0.0,Standard Servicing
APP-501929,Closed-Good,6,1,False,0.0,Standard Servicing
APP-501930,Active,24,4,False,0.0,Standard Servicing
APP-501931,Closed-Good,19,2,False,0.0,Standard Servicing
APP-501932,Closed-Good,12,1,False,0.0,Standard Servicing
APP-501933,Active,7,1,False,0.0,Standard Servicing
APP-501934,Closed-Good,6,1,False,0.0,Standard Servicing
APP-501935,Active,0,0,False,0.0,Standard Servicing
APP-501936,Closed-Good,23,1,False,0.0,Standard Servicing
APP-501937,Active,24,5,False,0.0,Standard Servicing
APP-501938,Active,13,1,False,0.0,Standard Servicing
APP-501939,Closed-Good,8,3,False,0.0,Standard Servicing
APP-501940,Written-Off,193,11,True,31837.18,Standard Servicing
APP-501941,Active,5,2,False,0.0,Standard Servicing
APP-501942,Active,21,5,False,0.0,Standard Servicing
APP-501943,Active,24,2,False,0.0,Standard Servicing
APP-501944,Active,24,5,False,0.0,Standard Servicing
APP-501945,Active,17,4,False,0.0,Standard Servicing
APP-501946,Written-Off,512,16,False,59061.27,Collections/Recovery
APP-501947,Active,10,3,False,0.0,Standard Servicing
APP-501948,Closed-Good,23,3,False,0.0,Standard Servicing
APP-501949,Written-Off,757,28,True,790.15,Collections/Recovery
APP-501950,Closed-Good,24,2,False,0.0,Standard Servicing
APP-501951,Closed-Good,23,3,False,0.0,Standard Servicing
APP-501952,Closed-Good,21,2,False,0.0,Standard Servicing
APP-501953,Closed-Good,2,1,False,0.0,Standard Servicing
APP-501954,Active,5,4,False,0.0,Standard Servicing
APP-501955,Active,20,2,False,0.0,Standard Servicing
APP-501956,Closed-Good,11,1,False,0.0,Standard Servicing
APP-501957,Closed-Good,7,2,False,0.0,Standard Servicing
APP-501958,Closed-Good,16,1,False,0.0,Standard Servicing
APP-501959,Active,17,2,False,0.0,Standard Servicing
APP-501960,Active,21,2,False,0.0,Standard Servicing
APP-501961,Closed-Good,9,1,False,0.0,Standard Servicing
APP-501962,Closed-Good,20,2,False,0.0,Standard Servicing
APP-501963,Active,13,2,False,0.0,Standard Servicing
APP-501964,Closed-Good,22,3,False,0.0,Standard Servicing
APP-501965,Closed-Good,20,2,False,0.0,Standard Servicing
APP-501966,Active,0,0,False,0.0,Standard Servicing
APP-501967,Closed-Good,19,4,False,0.0,Standard Servicing
APP-501968,Active,22,2,False,0.0,Standard Servicing
APP-501969,Closed-Good,17,2,False,0.0,Standard Servicing
APP-501970,Active,21,1,False,0.0,Standard Servicing
APP-501971,Active,18,1,False,0.0,Standard Servicing
APP-501972,Closed-Good,18,2,False,0.0,Standard Servicing
APP-501973,Active,15,2,False,0.0,Standard Servicing
APP-501974,Active,19,3,False,0.0,Standard Servicing
APP-501975,Active,0,0,False,0.0,Standard Servicing
APP-501976,Closed-Good,5,2,False,0.0,Standard Servicing
APP-501977,Closed-Good,18,4,False,0.0,Standard Servicing
APP-501978,Written-Off,887,33,True,30414.02,Collections/Recovery
APP-501979,Active,20,4,False,0.0,Standard Servicing
APP-501980,Active,2,1,False,0.0,Standard Servicing
APP-501981,Active,0,0,False,0.0,Standard Servicing
APP-501982,Closed-Good,0,0,False,0.0,Standard Servicing
APP-501983,Active,11,1,False,0.0,Standard Servicing
APP-501984,Active,9,2,False,0.0,Standard Servicing
APP-501985,Closed-Good,24,3,False,0.0,Standard Servicing
APP-501986,Active,0,0,False,0.0,Standard Servicing
APP-501987,Active,11,3,False,0.0,Standard Servicing
APP-501988,Active,0,0,False,0.0,Standard Servicing
APP-501989,Active,9,1,False,0.0,Standard Servicing
APP-501990,Active,15,2,False,0.0,Standard Servicing
APP-501991,Closed-Good,24,4,False,0.0,Standard Servicing
APP-501992,Active,18,1,False,0.0,Standard Servicing
APP-501993,Active,20,3,False,0.0,Standard Servicing
APP-501994,Closed-Good,1,1,False,0.0,Standard Servicing
APP-501995,Active,7,1,False,0.0,Standard Servicing
APP-501996,Closed-Good,0,0,False,0.0,Standard Servicing
APP-501997,Active,10,1,False,0.0,Standard Servicing
APP-501998,Closed-Good,22,1,False,0.0,Standard Servicing
APP-501999,Active,14,2,False,0.0,Standard Servicing
APP-502000,Closed-Good,22,3,False,0.0,Standard Servicing
APP-502001,Written-Off,964,6,False,13447.73,Collections/Recovery
APP-502002,Closed-Good,20,4,False,0.0,Standard Servicing
APP-502003,Written-Off,975,5,False,7655.97,Collections/Recovery
APP-502004,Active,17,3,False,0.0,Standard Servicing
APP-502005,Active,24,1,False,0.0,Standard Servicing
APP-502006,Closed-Good,0,0,False,0.0,Standard Servicing
APP-502007,Closed-Good,0,0,False,0.0,Standard Servicing
APP-502008,Closed-Good,15,2,False,0.0,Standard Servicing
APP-502009,Active,13,2,False,0.0,Standard Servicing
APP-502010,Active,21,3,False,0.0,Standard Servicing
APP-502011,Active,0,0,False,0.0,Standard Servicing
APP-502012,Active,21,6,False,0.0,Standard Servicing
APP-502013,Closed-Good,24,1,False,0.0,Standard Servicing
APP-502014,Active,0,0,False,0.0,Standard Servicing
APP-502015,Active,19,4,False,0.0,Standard Servicing
APP-502016,Active,16,5,False,0.0,Standard Servicing
APP-502017,Closed-Good,20,3,False,0.0,Standard Servicing
APP-502018,Closed-Good,23,3,False,0.0,Standard Servicing
APP-502019,Closed-Good,15,2,False,0.0,Standard Servicing
APP-502020,Active,0,0,False,0.0,Standard Servicing
APP-502021,Active,10,1,False,0.0,Standard Servicing
APP-502022,Active,0,0,False,0.0,Standard Servicing
APP-502023,Closed-Good,19,2,False,0.0,Standard Servicing
APP-502024,Closed-Good,12,1,False,0.0,Standard Servicing
APP-502025,Closed-Good,19,2,False,0.0,Standard Servicing
APP-502026,Closed-Good,16,1,False,0.0,Standard Servicing
APP-502027,Active,17,2,False,0.0,Standard Servicing
APP-502028,Closed-Good,14,3,False,0.0,Standard Servicing
APP-502029,Closed-Good,23,3,False,0.0,Standard Servicing
APP-502030,Closed-Good,0,0,False,0.0,Standard Servicing
APP-502031,Active,0,0,False,0.0,Standard Servicing
APP-502032,Closed-Good,16,2,False,0.0,Standard Servicing
APP-502033,Active,8,2,False,0.0,Standard Servicing
APP-502034,Closed-Good,0,0,False,0.0,Standard Servicing
APP-502035,Closed-Good,0,0,False,0.0,Standard Servicing
APP-502036,Active,1,1,False,0.0,Standard Servicing
APP-502037,Active,7,2,False,0.0,Standard Servicing
APP-502038,Active,10,4,False,0.0,Standard Servicing
APP-502039,Written-Off,847,31,False,21188.0,Standard Servicing
APP-502040,Active,7,1,False,0.0,Standard Servicing
APP-502041,Active,0,0,False,0.0,Standard Servicing
APP-502042,Written-Off,195,10,False,34090.33,Collections/Recovery
APP-502043,Closed-Good,24,2,False,0.0,Standard Servicing
APP-502044,Closed-Good,24,3,False,0.0,Standard Servicing
APP-502045,Active,1,1,False,0.0,Standard Servicing
APP-502046,Closed-Good,7,1,False,0.0,Standard Servicing
APP-502047,Closed-Good,10,1,False,0.0,Standard Servicing
APP-502048,Closed-Good,0,0,False,0.0,Standard Servicing
APP-502049,Active,9,3,False,0.0,Standard Servicing
APP-502050,Active,0,0,False,0.0,Standard Servicing
APP-502051,Written-Off,840,9,False,9034.21,Collections/Recovery
APP-502052,Closed-Good,16,2,False,0.0,Standard Servicing
APP-502053,Active,0,0,False,0.0,Standard Servicing
APP-502054,Closed-Good,23,1,False,0.0,Standard Servicing
APP-502055,Active,15,2,False,0.0,Standard Servicing
APP-502056,Active,15,2,False,0.0,Standard Servicing
APP-502057,Active,16,2,False,0.0,Standard Servicing
APP-502058,Active,24,1,False,0.0,Standard Servicing
APP-502059,Active,5,2,False,0.0,Standard Servicing
APP-502060,Active,16,1,False,0.0,Standard Servicing
APP-502061,Active,13,3,False,0.0,Standard Servicing
APP-502062,Active,11,2,False,0.0,Standard Servicing
APP-502063,Active,23,2,False,0.0,Standard Servicing
APP-502064,Active,0,0,False,0.0,Standard Servicing
APP-502065,Active,6,1,False,0.0,Standard Servicing
APP-502066,Closed-Good,15,4,False,0.0,Standard Servicing
APP-502067,Closed-Good,18,1,False,0.0,Standard Servicing
APP-502068,Closed-Good,18,1,False,0.0,Standard Servicing
APP-502069,Closed-Good,19,2,False,0.0,Standard Servicing
APP-502070,Closed-Good,13,1,False,0.0,Standard Servicing
APP-502071,Closed-Good,8,2,False,0.0,Standard Servicing
APP-502072,Active,0,0,False,0.0,Standard Servicing
APP-502073,Active,23,2,False,0.0,Standard Servicing
APP-502074,Active,0,0,False,0.0,Standard Servicing
APP-502075,Closed-Good,24,6,False,0.0,Standard Servicing
APP-502076,Closed-Good,0,0,False,0.0,Standard Servicing
APP-502077,Closed-Good,23,1,False,0.0,Standard Servicing
APP-502078,Defaulted,39,2,False,1899.44,Collections/Recovery
APP-502079,Written-Off,875,9,False,14160.34,Collections/Recovery
APP-502080,Closed-Good,23,3,False,0.0,Standard Servicing
APP-502081,Closed-Good,18,1,False,0.0,Standard Servicing
APP-502082,Closed-Good,12,1,False,0.0,Standard Servicing
APP-502083,Closed-Good,11,1,False,0.0,Standard Servicing
APP-502084,Active,13,4,False,0.0,Standard Servicing
APP-502085,Active,15,1,False,0.0,Standard Servicing
APP-502086,Active,19,3,False,0.0,Standard Servicing
APP-502087,Closed-Good,10,2,False,0.0,Standard Servicing
APP-502088,Active,0,0,False,0.0,Standard Servicing
APP-502089,Closed-Good,22,2,False,0.0,Standard Servicing
APP-502090,Active,0,0,False,0.0,Standard Servicing
APP-502091,Active,5,1,False,0.0,Standard Servicing
APP-502092,Active,16,2,False,0.0,Standard Servicing
APP-502093,Closed-Good,21,4,False,0.0,Standard Servicing
APP-502094,Active,7,2,False,0.0,Standard Servicing
APP-502095,Closed-Good,22,3,False,0.0,Standard Servicing
APP-502096,Active,23,3,False,0.0,Standard Servicing
APP-502097,Closed-Good,7,2,False,0.0,Standard Servicing
APP-502098,Active,15,1,False,0.0,Standard Servicing
APP-502099,Closed-Good,15,2,False,0.0,Standard Servicing
APP-502100,Active,18,1,False,0.0,Standard Servicing
APP-502101,Closed-Good,8,1,False,0.0,Standard Servicing
APP-502102,Active,3,1,False,0.0,Standard Servicing
APP-502103,Closed-Good,21,2,False,0.0,Standard Servicing
APP-502104,Written-Off,583,23,True,9744.39,Collections/Recovery
APP-502105,Active,1,1,False,0.0,Standard Servicing
APP-502106,Written-Off,293,9,False,2471.96,Collections/Recovery
APP-502107,Closed-Good,22,2,False,0.0,Standard Servicing
APP-502108,Active,20,3,False,0.0,Standard Servicing
APP-502109,Written-Off,209,15,False,16905.8,Collections/Recovery
APP-502110,Closed-Good,19,5,False,0.0,Standard Servicing
APP-502111,Active,20,2,False,0.0,Standard Servicing
APP-502112,Active,15,1,False,0.0,Standard Servicing
APP-502113,Active,0,0,False,0.0,Standard Servicing
APP-502114,Active,23,3,False,0.0,Standard Servicing
APP-502115,Active,18,3,False,0.0,Standard Servicing
APP-502116,Closed-Good,6,2,False,0.0,Standard Servicing
APP-502117,Active,11,1,False,0.0,Standard Servicing
APP-502118,Active,19,2,False,0.0,Standard Servicing
APP-502119,Active,0,0,False,0.0,Standard Servicing
APP-502120,Active,7,1,False,0.0,Standard Servicing
APP-502121,Closed-Good,22,5,False,0.0,Standard Servicing
APP-502122,Active,17,1,False,0.0,Standard Servicing
APP-502123,Active,0,0,False,0.0,Standard Servicing
APP-502124,Active,2,1,False,0.0,Standard Servicing
APP-502125,Active,21,1,False,0.0,Standard Servicing
APP-502126,Active,21,1,False,0.0,Standard Servicing
APP-502127,Closed-Good,0,0,False,0.0,Standard Servicing
APP-502128,Active,20,3,False,0.0,Standard Servicing
APP-502129,Active,10,3,False,0.0,Standard Servicing
APP-502130,Active,0,0,False,0.0,Standard Servicing
APP-502131,Active,24,2,False,0.0,Standard Servicing
APP-502132,Active,7,1,False,0.0,Standard Servicing
APP-502133,Closed-Good,0,0,False,0.0,Standard Servicing
APP-502134,Active,24,3,False,0.0,Standard Servicing
APP-502135,Written-Off,612,23,False,11978.57,Collections/Recovery
APP-502136,Active,23,3,False,0.0,Standard Servicing
APP-502137,Written-Off,1077,12,False,5957.22,Collections/Recovery
APP-502138,Closed-Good,12,2,False,0.0,Standard Servicing
APP-502139,Active,22,7,False,0.0,Standard Servicing
APP-502140,Active,17,1,False,0.0,Standard Servicing
APP-502141,Closed-Good,0,0,False,0.0,Standard Servicing
APP-502142,Active,11,2,False,0.0,Standard Servicing
APP-502143,Active,4,2,False,0.0,Standard Servicing
APP-502144,Active,19,6,False,0.0,Standard Servicing
APP-502145,Active,7,3,False,0.0,Standard Servicing
APP-502146,Closed-Good,24,4,False,0.0,Standard Servicing
APP-502147,Active,20,3,False,0.0,Standard Servicing
APP-502148,Active,0,0,False,0.0,Standard Servicing
APP-502149,Active,11,1,False,0.0,Standard Servicing
APP-502150,Closed-Good,6,3,False,0.0,Standard Servicing
APP-502151,Active,14,1,False,0.0,Standard Servicing
APP-502152,Closed-Good,19,3,False,0.0,Standard Servicing
APP-502153,Closed-Good,15,3,False,0.0,Standard Servicing
APP-502154,Closed-Good,23,6,False,0.0,Standard Servicing
APP-502155,Active,10,3,False,0.0,Standard Servicing
APP-502156,Closed-Good,17,3,False,0.0,Standard Servicing
APP-502157,Closed-Good,20,4,False,0.0,Standard Servicing
APP-502158,Closed-Good,0,0,False,0.0,Standard Servicing
APP-502159,Closed-Good,14,4,False,0.0,Standard Servicing
APP-502160,Closed-Good,13,2,False,0.0,Standard Servicing
APP-502161,Active,23,2,False,0.0,Standard Servicing
APP-502162,Closed-Good,10,1,False,0.0,Standard Servicing
APP-502163,Closed-Good,0,0,False,0.0,Standard Servicing
APP-502164,Written-Off,878,28,False,37490.08,Standard Servicing
APP-502165,Written-Off,1085,24,False,22478.74,Collections/Recovery
APP-502166,Active,8,1,False,0.0,Standard Servicing
APP-502167,Closed-Good,0,0,False,0.0,Standard Servicing
APP-502168,Written-Off,699,10,True,38068.93,Collections/Recovery
APP-502169,Active,0,0,False,0.0,Standard Servicing
APP-502170,Closed-Good,24,1,False,0.0,Standard Servicing
APP-502171,Active,23,2,False,0.0,Standard Servicing
APP-502172,Closed-Good,0,0,False,0.0,Standard Servicing
APP-502173,Active,2,1,False,0.0,Standard Servicing
APP-502174,Active,24,2,False,0.0,Standard Servicing
APP-502175,Active,24,4,False,0.0,Standard Servicing
APP-502176,Active,23,3,False,0.0,Standard Servicing
APP-502177,Active,0,0,False,0.0,Standard Servicing
APP-502178,Closed-Good,23,2,False,0.0,Standard Servicing
APP-502179,Active,24,3,False,0.0,Standard Servicing
APP-502180,Active,6,1,False,0.0,Standard Servicing
APP-502181,Closed-Good,0,0,False,0.0,Standard Servicing
APP-502182,Closed-Good,19,2,False,0.0,Standard Servicing
APP-502183,Active,21,3,False,0.0,Standard Servicing
APP-502184,Active,16,2,False,0.0,Standard Servicing
APP-502185,Closed-Good,19,2,False,0.0,Standard Servicing
APP-502186,Active,13,2,False,0.0,Standard Servicing
APP-502187,Closed-Good,0,0,False,0.0,Standard Servicing
APP-502188,Closed-Good,22,2,False,0.0,Standard Servicing
APP-502189,Active,16,3,False,0.0,Standard Servicing
APP-502190,Active,15,1,False,0.0,Standard Servicing
APP-502191,Closed-Good,13,2,False,0.0,Standard Servicing
APP-502192,Written-Off,501,21,False,20629.28,Collections/Recovery
APP-502193,Active,20,3,False,0.0,Standard Servicing
APP-502194,Closed-Good,17,4,False,0.0,Standard Servicing
APP-502195,Written-Off,1108,36,True,16499.09,Collections/Recovery
APP-502196,Active,15,1,False,0.0,Standard Servicing
APP-502197,Closed-Good,11,1,False,0.0,Standard Servicing
APP-502198,Active,21,1,False,0.0,Standard Servicing
APP-502199,Active,0,0,False,0.0,Standard Servicing
APP-502200,Active,20,2,False,0.0,Standard Servicing
APP-502201,Closed-Good,14,2,False,0.0,Standard Servicing
APP-502202,Active,20,1,False,0.0,Standard Servicing
APP-502203,Closed-Good,0,0,False,0.0,Standard Servicing
APP-502204,Written-Off,336,16,False,19151.65,Standard Servicing
APP-502205,Active,17,3,False,0.0,Standard Servicing
APP-502206,Active,13,7,False,0.0,Standard Servicing
APP-502207,Closed-Good,24,1,False,0.0,Standard Servicing
APP-502208,Closed-Good,15,2,False,0.0,Standard Servicing
APP-502209,Active,24,5,False,0.0,Standard Servicing
APP-502210,Active,18,2,False,0.0,Standard Servicing
APP-502211,Closed-Good,15,2,False,0.0,Standard Servicing
APP-502212,Active,0,0,False,0.0,Standard Servicing
APP-502213,Active,11,3,False,0.0,Standard Servicing
APP-502214,Written-Off,577,22,False,29335.88,Collections/Recovery
APP-502215,Closed-Good,15,1,False,0.0,Standard Servicing
APP-502216,Active,11,2,False,0.0,Standard Servicing
APP-502217,Active,0,0,False,0.0,Standard Servicing
APP-502218,Closed-Good,0,0,False,0.0,Standard Servicing
APP-502219,Written-Off,441,8,True,5921.99,Collections/Recovery
APP-502220,Written-Off,242,8,False,39456.87,Collections/Recovery
APP-502221,Closed-Good,0,0,False,0.0,Standard Servicing
APP-502222,Active,0,0,False,0.0,Standard Servicing
APP-502223,Closed-Good,15,1,False,0.0,Standard Servicing
APP-502224,Closed-Good,22,2,False,0.0,Standard Servicing
APP-502225,Closed-Good,5,1,False,0.0,Standard Servicing
APP-502226,Written-Off,316,16,False,36842.11,Collections/Recovery
APP-502227,Closed-Good,0,0,False,0.0,Standard Servicing
APP-502228,Closed-Good,22,3,False,0.0,Standard Servicing
APP-502229,Closed-Good,15,2,False,0.0,Standard Servicing
APP-502230,Written-Off,406,9,False,12130.61,Standard Servicing
APP-502231,Active,3,1,False,0.0,Standard Servicing
APP-502232,Closed-Good,1,1,False,0.0,Standard Servicing
APP-502233,Active,10,1,False,0.0,Standard Servicing
APP-502234,Closed-Good,15,1,False,0.0,Standard Servicing
APP-502235,Active,21,1,False,0.0,Standard Servicing
APP-502236,Active,0,0,False,0.0,Standard Servicing
APP-502237,Closed-Good,16,4,False,0.0,Standard Servicing
APP-502238,Closed-Good,11,2,False,0.0,Standard Servicing
APP-502239,Active,0,0,False,0.0,Standard Servicing
APP-502240,Closed-Good,20,1,False,0.0,Standard Servicing
APP-502241,Closed-Good,13,1,False,0.0,Standard Servicing
APP-502242,Active,17,2,False,0.0,Standard Servicing
APP-502243,Closed-Good,21,4,False,0.0,Standard Servicing
APP-502244,Active,8,1,False,0.0,Standard Servicing
APP-502245,Active,19,2,False,0.0,Standard Servicing
APP-502246,Closed-Good,8,3,False,0.0,Standard Servicing
APP-502247,Closed-Good,0,0,False,0.0,Standard Servicing
APP-502248,Closed-Good,6,1,False,0.0,Standard Servicing
APP-502249,Closed-Good,16,3,False,0.0,Standard Servicing
APP-502250,Active,15,4,False,0.0,Standard Servicing
APP-502251,Active,24,1,False,0.0,Standard Servicing
APP-502252,Active,18,1,False,0.0,Standard Servicing
APP-502253,Active,15,1,False,0.0,Standard Servicing
APP-502254,Closed-Good,17,3,False,0.0,Standard Servicing
APP-502255,Active,13,1,False,0.0,Standard Servicing
APP-502256,Closed-Good,16,1,False,0.0,Standard Servicing
APP-502257,Active,18,2,False,0.0,Standard Servicing
APP-502258,Closed-Good,10,1,False,0.0,Standard Servicing
APP-502259,Closed-Good,5,1,False,0.0,Standard Servicing
APP-502260,Active,19,4,False,0.0,Standard Servicing
APP-502261,Active,0,0,False,0.0,Standard Servicing
APP-502262,Active,14,1,False,0.0,Standard Servicing
APP-502263,Closed-Good,24,1,False,0.0,Standard Servicing
APP-502264,Active,20,1,False,0.0,Standard Servicing
APP-502265,Closed-Good,10,1,False,0.0,Standard Servicing
APP-502266,Closed-Good,12,1,False,0.0,Standard Servicing
APP-502267,Active,21,3,False,0.0,Standard Servicing
APP-502268,Closed-Good,0,0,False,0.0,Standard Servicing
APP-502269,Closed-Good,24,3,False,0.0,Standard Servicing
APP-502270,Active,12,2,False,0.0,Standard Servicing
APP-502271,Closed-Good,23,2,False,0.0,Standard Servicing
APP-502272,Closed-Good,3,1,False,0.0,Standard Servicing
APP-502273,Written-Off,320,13,False,35723.83,Collections/Recovery
APP-502274,Active,23,1,False,0.0,Standard Servicing
APP-502275,Active,20,2,False,0.0,Standard Servicing
APP-502276,Active,19,1,False,0.0,Standard Servicing
APP-502277,Closed-Good,19,1,False,0.0,Standard Servicing
APP-502278,Active,21,1,False,0.0,Standard Servicing
APP-502279,Active,0,0,False,0.0,Standard Servicing
APP-502280,Active,21,5,False,0.0,Standard Servicing
APP-502281,Active,1,1,False,0.0,Standard Servicing
APP-502282,Written-Off,1058,12,False,17692.19,Collections/Recovery
APP-502283,Active,13,1,False,0.0,Standard Servicing
APP-502284,Closed-Good,16,2,False,0.0,Standard Servicing
APP-502285,Active,15,1,False,0.0,Standard Servicing
APP-502286,Active,0,0,False,0.0,Standard Servicing
APP-502287,Closed-Good,0,0,False,0.0,Standard Servicing
APP-502288,Active,24,3,False,0.0,Standard Servicing
APP-502289,Closed-Good,0,0,False,0.0,Standard Servicing
APP-502290,Closed-Good,18,2,False,0.0,Standard Servicing
APP-502291,Active,17,1,False,0.0,Standard Servicing
APP-502292,Active,24,3,False,0.0,Standard Servicing
APP-502293,Closed-Good,19,2,False,0.0,Standard Servicing
APP-502294,Active,3,1,False,0.0,Standard Servicing
APP-502295,Written-Off,490,9,False,31590.12,Collections/Recovery
APP-502296,Active,3,1,False,0.0,Standard Servicing
APP-502297,Active,17,4,False,0.0,Standard Servicing
APP-502298,Closed-Good,21,3,False,0.0,Standard Servicing
APP-502299,Defaulted,30,2,False,15750.75,Collections/Recovery
APP-502300,Closed-Good,19,1,False,0.0,Standard Servicing
APP-502301,Closed-Good,8,2,False,0.0,Standard Servicing
APP-502302,Active,0,0,False,0.0,Standard Servicing
APP-502303,Active,0,0,False,0.0,Standard Servicing
APP-502304,Active,21,2,False,0.0,Standard Servicing
APP-502305,Active,23,2,False,0.0,Standard Servicing
APP-502306,Active,21,4,False,0.0,Standard Servicing
APP-502307,Active,7,1,False,0.0,Standard Servicing
APP-502308,Active,20,1,False,0.0,Standard Servicing
APP-502309,Active,11,2,False,0.0,Standard Servicing
APP-502310,Closed-Good,15,1,False,0.0,Standard Servicing
APP-502311,Closed-Good,18,1,False,0.0,Standard Servicing
APP-502312,Active,19,3,False,0.0,Standard Servicing
APP-502313,Active,17,3,False,0.0,Standard Servicing
APP-502314,Active,23,2,False,0.0,Standard Servicing
APP-502315,Closed-Good,9,1,False,0.0,Standard Servicing
APP-502316,Active,0,0,False,0.0,Standard Servicing
APP-502317,Active,23,4,False,0.0,Standard Servicing
APP-502318,Closed-Good,0,0,False,0.0,Standard Servicing
APP-502319,Closed-Good,18,2,False,0.0,Standard Servicing
APP-502320,Active,17,2,False,0.0,Standard Servicing
APP-502321,Active,22,4,False,0.0,Standard Servicing
APP-502322,Written-Off,310,13,True,3191.42,Collections/Recovery
APP-502323,Active,12,1,False,0.0,Standard Servicing
APP-502324,Active,11,3,False,0.0,Standard Servicing
APP-502325,Closed-Good,18,1,False,0.0,Standard Servicing
APP-502326,Active,18,1,False,0.0,Standard Servicing
APP-502327,Closed-Good,20,2,False,0.0,Standard Servicing
APP-502328,Closed-Good,15,1,False,0.0,Standard Servicing
APP-502329,Active,15,2,False,0.0,Standard Servicing
APP-502330,Active,5,1,False,0.0,Standard Servicing
APP-502331,Written-Off,834,30,False,32396.59,Standard Servicing
APP-502332,Written-Off,689,26,True,82955.79,Collections/Recovery
APP-502333,Written-Off,774,29,False,18343.57,Collections/Recovery
APP-502334,Closed-Good,12,2,False,0.0,Standard Servicing
APP-502335,Active,23,1,False,0.0,Standard Servicing
APP-502336,Closed-Good,19,3,False,0.0,Standard Servicing
APP-502337,Active,22,3,False,0.0,Standard Servicing
APP-502338,Active,0,0,False,0.0,Standard Servicing
APP-502339,Active,18,5,False,0.0,Standard Servicing
APP-502340,Active,0,0,False,0.0,Standard Servicing
APP-502341,Closed-Good,2,1,False,0.0,Standard Servicing
APP-502342,Active,8,3,False,0.0,Standard Servicing
APP-502343,Closed-Good,0,0,False,0.0,Standard Servicing
APP-502344,Active,0,0,False,0.0,Standard Servicing
APP-502345,Active,4,1,False,0.0,Standard Servicing
APP-502346,Closed-Good,0,0,False,0.0,Standard Servicing
APP-502347,Active,0,0,False,0.0,Standard Servicing
APP-502348,Active,0,0,False,0.0,Standard Servicing
APP-502349,Active,1,1,False,0.0,Standard Servicing
APP-502350,Written-Off,396,18,False,68441.8,Collections/Recovery
APP-502351,Active,23,2,False,0.0,Standard Servicing
APP-502352,Closed-Good,21,4,False,0.0,Standard Servicing
APP-502353,Closed-Good,0,0,False,0.0,Standard Servicing
APP-502354,Active,22,5,False,0.0,Standard Servicing
APP-502355,Active,13,2,False,0.0,Standard Servicing
APP-502356,Closed-Good,17,2,False,0.0,Standard Servicing
APP-502357,Closed-Good,16,2,False,0.0,Standard Servicing
APP-502358,Closed-Good,0,0,False,0.0,Standard Servicing
APP-502359,Closed-Good,18,4,False,0.0,Standard Servicing
APP-502360,Active,24,2,False,0.0,Standard Servicing
APP-502361,Closed-Good,13,1,False,0.0,Standard Servicing
APP-502362,Closed-Good,20,3,False,0.0,Standard Servicing
APP-502363,Closed-Good,20,4,False,0.0,Standard Servicing
APP-502364,Active,0,0,False,0.0,Standard Servicing
APP-502365,Closed-Good,5,1,False,0.0,Standard Servicing
APP-502366,Written-Off,445,17,False,7210.09,Collections/Recovery
APP-502367,Closed-Good,5,1,False,0.0,Standard Servicing
APP-502368,Closed-Good,19,2,False,0.0,Standard Servicing
APP-502369,Active,15,2,False,0.0,Standard Servicing
APP-502370,Closed-Good,20,1,False,0.0,Standard Servicing
APP-502371,Active,11,3,False,0.0,Standard Servicing
APP-502372,Active,20,3,False,0.0,Standard Servicing
APP-502373,Defaulted,66,5,True,7711.01,Collections/Recovery
APP-502374,Closed-Good,1,1,False,0.0,Standard Servicing
APP-502375,Active,24,1,False,0.0,Standard Servicing
APP-502376,Closed-Good,16,3,False,0.0,Standard Servicing
APP-502377,Active,19,3,False,0.0,Standard Servicing
APP-502378,Active,16,2,False,0.0,Standard Servicing
APP-502379,Closed-Good,18,4,False,0.0,Standard Servicing
APP-502380,Active,21,2,False,0.0,Standard Servicing
APP-502381,Active,16,1,False,0.0,Standard Servicing
APP-502382,Closed-Good,20,1,False,0.0,Standard Servicing
APP-502383,Closed-Good,21,3,False,0.0,Standard Servicing
APP-502384,Closed-Good,0,0,False,0.0,Standard Servicing
APP-502385,Active,0,0,False,0.0,Standard Servicing
APP-502386,Active,20,3,False,0.0,Standard Servicing
APP-502387,Closed-Good,0,0,False,0.0,Standard Servicing
APP-502388,Closed-Good,15,3,False,0.0,Standard Servicing
APP-502389,Closed-Good,22,3,False,0.0,Standard Servicing
APP-502390,Closed-Good,17,1,False,0.0,Standard Servicing
APP-502391,Active,18,2,False,0.0,Standard Servicing
APP-502392,Active,8,1,False,0.0,Standard Servicing
APP-502393,Closed-Good,18,2,False,0.0,Standard Servicing
APP-502394,Closed-Good,13,2,False,0.0,Standard Servicing
APP-502395,Defaulted,159,9,False,42505.24,Collections/Recovery
APP-502396,Active,0,0,False,0.0,Standard Servicing
APP-502397,Active,23,5,False,0.0,Standard Servicing
APP-502398,Active,24,3,False,0.0,Standard Servicing
APP-502399,Defaulted,177,8,False,3921.35,Standard Servicing
APP-502400,Closed-Good,18,1,False,0.0,Standard Servicing
APP-502401,Closed-Good,20,4,False,0.0,Standard Servicing
APP-502402,Active,20,1,False,0.0,Standard Servicing
APP-502403,Active,20,1,False,0.0,Standard Servicing
APP-502404,Active,22,2,False,0.0,Standard Servicing
APP-502405,Closed-Good,24,4,False,0.0,Standard Servicing
APP-502406,Active,6,1,False,0.0,Standard Servicing
APP-502407,Closed-Good,0,0,False,0.0,Standard Servicing
APP-502408,Closed-Good,0,0,False,0.0,Standard Servicing
APP-502409,Closed-Good,24,2,False,0.0,Standard Servicing
APP-502410,Written-Off,830,21,False,16411.95,Collections/Recovery
APP-502411,Active,19,1,False,0.0,Standard Servicing
APP-502412,Written-Off,675,25,False,39872.8,Collections/Recovery
APP-502413,Closed-Good,16,4,False,0.0,Standard Servicing
APP-502414,Active,24,2,False,0.0,Standard Servicing
APP-502415,Closed-Good,19,2,False,0.0,Standard Servicing
APP-502416,Closed-Good,17,1,False,0.0,Standard Servicing
APP-502417,Closed-Good,8,1,False,0.0,Standard Servicing
APP-502418,Active,14,2,False,0.0,Standard Servicing
APP-502419,Written-Off,1045,12,False,123076.72,Collections/Recovery
APP-502420,Active,19,1,False,0.0,Standard Servicing
APP-502421,Closed-Good,17,5,False,0.0,Standard Servicing
APP-502422,Closed-Good,0,0,False,0.0,Standard Servicing
APP-502423,Active,24,9,False,0.0,Standard Servicing
APP-502424,Active,19,2,False,0.0,Standard Servicing
APP-502425,Closed-Good,24,1,False,0.0,Standard Servicing
APP-502426,Active,18,2,False,0.0,Standard Servicing
APP-502427,Active,17,2,False,0.0,Standard Servicing
APP-502428,Active,1,1,False,0.0,Standard Servicing
APP-502429,Active,23,1,False,0.0,Standard Servicing
APP-502430,Closed-Good,21,3,False,0.0,Standard Servicing
APP-502431,Active,15,1,False,0.0,Standard Servicing
APP-502432,Closed-Good,24,3,False,0.0,Standard Servicing
APP-502433,Active,0,0,False,0.0,Standard Servicing
APP-502434,Closed-Good,0,0,False,0.0,Standard Servicing
APP-502435,Closed-Good,17,1,False,0.0,Standard Servicing
APP-502436,Active,23,3,False,0.0,Standard Servicing
APP-502437,Closed-Good,24,2,False,0.0,Standard Servicing
APP-502438,Active,12,1,False,0.0,Standard Servicing
APP-502439,Active,20,3,False,0.0,Standard Servicing
APP-502440,Active,17,1,False,0.0,Standard Servicing
APP-502441,Closed-Good,0,0,False,0.0,Standard Servicing
APP-502442,Closed-Good,20,3,False,0.0,Standard Servicing
APP-502443,Active,24,4,False,0.0,Standard Servicing
APP-502444,Closed-Good,20,1,False,0.0,Standard Servicing
APP-502445,Closed-Good,0,0,False,0.0,Standard Servicing
APP-502446,Active,13,1,False,0.0,Standard Servicing
APP-502447,Written-Off,928,8,False,397.9,Standard Servicing
APP-502448,Active,0,0,False,0.0,Standard Servicing
APP-502449,Active,17,2,False,0.0,Standard Servicing
APP-502450,Active,19,2,False,0.0,Standard Servicing
APP-502451,Closed-Good,7,3,False,0.0,Standard Servicing
APP-502452,Active,14,2,False,0.0,Standard Servicing
APP-502453,Closed-Good,0,0,False,0.0,Standard Servicing
APP-502454,Closed-Good,12,1,False,0.0,Standard Servicing
APP-502455,Active,24,2,False,0.0,Standard Servicing
APP-502456,Active,21,2,False,0.0,Standard Servicing
APP-502457,Active,22,3,False,0.0,Standard Servicing
APP-502458,Closed-Good,17,3,False,0.0,Standard Servicing
APP-502459,Closed-Good,14,2,False,0.0,Standard Servicing
APP-502460,Closed-Good,23,3,False,0.0,Standard Servicing
APP-502461,Closed-Good,21,3,False,0.0,Standard Servicing
APP-502462,Closed-Good,0,0,False,0.0,Standard Servicing
APP-502463,Active,0,0,False,0.0,Standard Servicing
APP-502464,Written-Off,661,25,False,54842.03,Collections/Recovery
APP-502465,Active,24,3,False,0.0,Standard Servicing
APP-502466,Closed-Good,16,1,False,0.0,Standard Servicing
APP-502467,Active,0,0,False,0.0,Standard Servicing
APP-502468,Closed-Good,7,2,False,0.0,Standard Servicing
APP-502469,Closed-Good,0,0,False,0.0,Standard Servicing
APP-502470,Written-Off,373,11,False,19934.97,Collections/Recovery
APP-502471,Closed-Good,0,0,False,0.0,Standard Servicing
APP-502472,Closed-Good,8,1,False,0.0,Standard Servicing
APP-502473,Active,16,4,False,0.0,Standard Servicing
APP-502474,Active,16,1,False,0.0,Standard Servicing
APP-502475,Active,17,2,False,0.0,Standard Servicing
APP-502476,Active,9,1,False,0.0,Standard Servicing
APP-502477,Active,9,2,False,0.0,Standard Servicing
APP-502478,Closed-Good,24,3,False,0.0,Standard Servicing
APP-502479,Active,18,1,False,0.0,Standard Servicing
APP-502480,Active,23,3,False,0.0,Standard Servicing
APP-502481,Active,9,1,False,0.0,Standard Servicing
APP-502482,Active,0,0,False,0.0,Standard Servicing
APP-502483,Active,23,4,False,0.0,Standard Servicing
APP-502484,Closed-Good,16,2,False,0.0,Standard Servicing
APP-502485,Active,7,1,False,0.0,Standard Servicing
APP-502486,Closed-Good,20,4,False,0.0,Standard Servicing
APP-502487,Active,13,1,False,0.0,Standard Servicing
APP-502488,Active,14,2,False,0.0,Standard Servicing
APP-502489,Closed-Good,16,2,False,0.0,Standard Servicing
APP-502490,Active,12,1,False,0.0,Standard Servicing
APP-502491,Closed-Good,24,3,False,0.0,Standard Servicing
APP-502492,Defaulted,104,3,False,5922.71,Collections/Recovery
APP-502493,Active,16,2,False,0.0,Standard Servicing
APP-502494,Closed-Good,10,1,False,0.0,Standard Servicing
APP-502495,Closed-Good,24,2,False,0.0,Standard Servicing
APP-502496,Active,3,1,False,0.0,Standard Servicing
APP-502497,Closed-Good,6,2,False,0.0,Standard Servicing
APP-502498,Written-Off,853,3,False,1677.49,Collections/Recovery
APP-502499,Active,0,0,False,0.0,Standard Servicing
APP-502500,Closed-Good,24,3,False,0.0,Standard Servicing
APP-502501,Active,16,2,False,0.0,Standard Servicing
APP-502502,Active,10,1,False,0.0,Standard Servicing
APP-502503,Closed-Good,13,2,False,0.0,Standard Servicing
APP-502504,Closed-Good,24,1,False,0.0,Standard Servicing
APP-502505,Closed-Good,20,1,False,0.0,Standard Servicing
APP-502506,Closed-Good,20,4,False,0.0,Standard Servicing
APP-502507,Active,24,2,False,0.0,Standard Servicing
APP-502508,Active,17,1,False,0.0,Standard Servicing
APP-502509,Active,18,5,False,0.0,Standard Servicing
APP-502510,Active,22,2,False,0.0,Standard Servicing
APP-502511,Written-Off,466,20,False,60217.63,Collections/Recovery
APP-502512,Closed-Good,0,0,False,0.0,Standard Servicing
APP-502513,Active,24,4,False,0.0,Standard Servicing
APP-502514,Closed-Good,9,1,False,0.0,Standard Servicing
APP-502515,Closed-Good,6,1,False,0.0,Standard Servicing
APP-502516,Closed-Good,0,0,False,0.0,Standard Servicing
APP-502517,Active,18,3,False,0.0,Standard Servicing
APP-502518,Closed-Good,13,1,False,0.0,Standard Servicing
APP-502519,Active,24,3,False,0.0,Standard Servicing
APP-502520,Closed-Good,23,4,False,0.0,Standard Servicing
APP-502521,Active,16,1,False,0.0,Standard Servicing
APP-502522,Closed-Good,18,5,False,0.0,Standard Servicing
APP-502523,Active,2,1,False,0.0,Standard Servicing
APP-502524,Closed-Good,15,2,False,0.0,Standard Servicing
APP-502525,Closed-Good,21,5,False,0.0,Standard Servicing
APP-502526,Active,23,4,False,0.0,Standard Servicing
APP-502527,Active,19,3,False,0.0,Standard Servicing
APP-502528,Active,24,4,False,0.0,Standard Servicing
APP-502529,Closed-Good,0,0,False,0.0,Standard Servicing
APP-502530,Closed-Good,0,0,False,0.0,Standard Servicing
APP-502531,Active,9,3,False,0.0,Standard Servicing
APP-502532,Closed-Good,16,2,False,0.0,Standard Servicing
APP-502533,Closed-Good,15,1,False,0.0,Standard Servicing
APP-502534,Active,0,0,False,0.0,Standard Servicing
APP-502535,Closed-Good,17,1,False,0.0,Standard Servicing
APP-502536,Closed-Good,17,1,False,0.0,Standard Servicing
APP-502537,Active,15,4,False,0.0,Standard Servicing
APP-502538,Active,22,2,False,0.0,Standard Servicing
APP-502539,Active,23,1,False,0.0,Standard Servicing
APP-502540,Active,6,1,False,0.0,Standard Servicing
APP-502541,Closed-Good,11,1,False,0.0,Standard Servicing
APP-502542,Active,15,2,False,0.0,Standard Servicing
APP-502543,Active,14,1,False,0.0,Standard Servicing
APP-502544,Active,14,2,False,0.0,Standard Servicing
APP-502545,Closed-Good,18,3,False,0.0,Standard Servicing
APP-502546,Active,9,2,False,0.0,Standard Servicing
APP-502547,Active,0,0,False,0.0,Standard Servicing
APP-502548,Active,20,2,False,0.0,Standard Servicing
APP-502549,Active,12,2,False,0.0,Standard Servicing
APP-502550,Active,18,2,False,0.0,Standard Servicing
APP-502551,Active,11,1,False,0.0,Standard Servicing
APP-502552,Active,17,2,False,0.0,Standard Servicing
APP-502553,Active,0,0,False,0.0,Standard Servicing
APP-502554,Active,0,0,False,0.0,Standard Servicing
APP-502555,Written-Off,737,16,False,36900.23,Collections/Recovery
APP-502556,Closed-Good,18,2,False,0.0,Standard Servicing
APP-502557,Written-Off,508,19,False,27321.39,Collections/Recovery
APP-502558,Active,0,0,False,0.0,Standard Servicing
APP-502559,Active,18,3,False,0.0,Standard Servicing
APP-502560,Active,0,0,False,0.0,Standard Servicing
APP-502561,Active,21,3,False,0.0,Standard Servicing
APP-502562,Closed-Good,9,1,False,0.0,Standard Servicing
APP-502563,Closed-Good,24,1,False,0.0,Standard Servicing
APP-502564,Written-Off,819,20,False,16546.13,Collections/Recovery
APP-502565,Closed-Good,16,2,False,0.0,Standard Servicing
APP-502566,Active,6,1,False,0.0,Standard Servicing
APP-502567,Closed-Good,10,1,False,0.0,Standard Servicing
APP-502568,Closed-Good,21,3,False,0.0,Standard Servicing
APP-502569,Written-Off,276,12,False,6471.22,Collections/Recovery
APP-502570,Active,21,2,False,0.0,Standard Servicing
APP-502571,Active,20,2,False,0.0,Standard Servicing
APP-502572,Closed-Good,23,2,False,0.0,Standard Servicing
APP-502573,Closed-Good,10,1,False,0.0,Standard Servicing
APP-502574,Active,21,4,False,0.0,Standard Servicing
APP-502575,Closed-Good,19,2,False,0.0,Standard Servicing
APP-502576,Closed-Good,18,2,False,0.0,Standard Servicing
APP-502577,Closed-Good,2,1,False,0.0,Standard Servicing
APP-502578,Written-Off,1071,12,False,45397.55,Collections/Recovery
APP-502579,Active,22,2,False,0.0,Standard Servicing
APP-502580,Active,3,2,False,0.0,Standard Servicing
APP-502581,Closed-Good,19,5,False,0.0,Standard Servicing
APP-502582,Closed-Good,24,4,False,0.0,Standard Servicing
APP-502583,Active,13,2,False,0.0,Standard Servicing
APP-502584,Closed-Good,11,2,False,0.0,Standard Servicing
APP-502585,Active,24,1,False,0.0,Standard Servicing
APP-502586,Closed-Good,21,3,False,0.0,Standard Servicing
APP-502587,Active,23,2,False,0.0,Standard Servicing
APP-502588,Closed-Good,19,7,False,0.0,Standard Servicing
APP-502589,Active,24,3,False,0.0,Standard Servicing
APP-502590,Closed-Good,24,2,False,0.0,Standard Servicing
APP-502591,Active,12,2,False,0.0,Standard Servicing
APP-502592,Active,4,1,False,0.0,Standard Servicing
APP-502593,Active,0,0,False,0.0,Standard Servicing
APP-502594,Closed-Good,0,0,False,0.0,Standard Servicing
APP-502595,Active,15,1,False,0.0,Standard Servicing
APP-502596,Closed-Good,24,4,False,0.0,Standard Servicing
APP-502597,Active,19,4,False,0.0,Standard Servicing
APP-502598,Active,15,2,False,0.0,Standard Servicing
APP-502599,Closed-Good,0,0,False,0.0,Standard Servicing
APP-502600,Active,16,1,False,0.0,Standard Servicing
APP-502601,Closed-Good,22,2,False,0.0,Standard Servicing
APP-502602,Active,11,1,False,0.0,Standard Servicing
APP-502603,Active,9,1,False,0.0,Standard Servicing
APP-502604,Active,15,1,False,0.0,Standard Servicing
APP-502605,Written-Off,224,11,False,65760.03,Collections/Recovery
APP-502606,Active,16,4,False,0.0,Standard Servicing
APP-502607,Active,0,0,False,0.0,Standard Servicing
APP-502608,Active,19,6,False,0.0,Standard Servicing
APP-502609,Active,20,1,False,0.0,Standard Servicing
APP-502610,Closed-Good,23,2,False,0.0,Standard Servicing
APP-502611,Active,21,2,False,0.0,Standard Servicing
APP-502612,Written-Off,340,14,True,12556.71,Collections/Recovery
APP-502613,Closed-Good,7,1,False,0.0,Standard Servicing
APP-502614,Active,10,2,False,0.0,Standard Servicing
APP-502615,Closed-Good,20,2,False,0.0,Standard Servicing
APP-502616,Active,3,1,False,0.0,Standard Servicing
APP-502617,Active,15,3,False,0.0,Standard Servicing
APP-502618,Written-Off,277,13,False,16188.28,Collections/Recovery
APP-502619,Written-Off,490,21,False,14584.92,Collections/Recovery
APP-502620,Active,0,0,False,0.0,Standard Servicing
APP-502621,Written-Off,713,27,False,17253.54,Standard Servicing
APP-502622,Closed-Good,4,1,False,0.0,Standard Servicing
APP-502623,Active,23,3,False,0.0,Standard Servicing
APP-502624,Active,4,1,False,0.0,Standard Servicing
APP-502625,Closed-Good,6,2,False,0.0,Standard Servicing
APP-502626,Closed-Good,0,0,False,0.0,Standard Servicing
APP-502627,Active,17,3,False,0.0,Standard Servicing
APP-502628,Closed-Good,17,4,False,0.0,Standard Servicing
APP-502629,Closed-Good,23,2,False,0.0,Standard Servicing
APP-502630,Active,23,4,False,0.0,Standard Servicing
APP-502631,Active,20,1,False,0.0,Standard Servicing
APP-502632,Active,14,1,False,0.0,Standard Servicing
APP-502633,Closed-Good,5,2,False,0.0,Standard Servicing
APP-502634,Closed-Good,0,0,False,0.0,Standard Servicing
APP-502635,Active,0,0,False,0.0,Standard Servicing
APP-502636,Active,0,0,False,0.0,Standard Servicing
APP-502637,Active,20,2,False,0.0,Standard Servicing
APP-502638,Active,17,3,False,0.0,Standard Servicing
APP-502639,Defaulted,155,8,False,18615.93,Collections/Recovery
APP-502640,Closed-Good,24,2,False,0.0,Standard Servicing
APP-502641,Active,0,0,False,0.0,Standard Servicing
APP-502642,Active,21,3,False,0.0,Standard Servicing
APP-502643,Closed-Good,0,0,False,0.0,Standard Servicing
APP-502644,Closed-Good,21,7,False,0.0,Standard Servicing
APP-502645,Active,8,2,False,0.0,Standard Servicing
APP-502646,Closed-Good,16,1,False,0.0,Standard Servicing
APP-502647,Active,18,3,False,0.0,Standard Servicing
APP-502648,Closed-Good,23,3,False,0.0,Standard Servicing
APP-502649,Defaulted,35,1,False,18528.04,Collections/Recovery
APP-502650,Active,0,0,False,0.0,Standard Servicing
APP-502651,Closed-Good,19,1,False,0.0,Standard Servicing
APP-502652,Closed-Good,1,1,False,0.0,Standard Servicing
APP-502653,Active,14,2,False,0.0,Standard Servicing
APP-502654,Closed-Good,15,4,False,0.0,Standard Servicing
APP-502655,Closed-Good,0,0,False,0.0,Standard Servicing
APP-502656,Closed-Good,20,2,False,0.0,Standard Servicing
APP-502657,Closed-Good,0,0,False,0.0,Standard Servicing
APP-502658,Active,19,1,False,0.0,Standard Servicing
APP-502659,Closed-Good,4,1,False,0.0,Standard Servicing
APP-502660,Closed-Good,23,6,False,0.0,Standard Servicing
APP-502661,Active,0,0,False,0.0,Standard Servicing
APP-502662,Active,19,1,False,0.0,Standard Servicing
APP-502663,Written-Off,830,23,True,20143.24,Collections/Recovery
APP-502664,Closed-Good,20,3,False,0.0,Standard Servicing
APP-502665,Closed-Good,18,3,False,0.0,Standard Servicing
APP-502666,Active,10,3,False,0.0,Standard Servicing
APP-502667,Closed-Good,0,0,False,0.0,Standard Servicing
APP-502668,Active,18,1,False,0.0,Standard Servicing
APP-502669,Closed-Good,0,0,False,0.0,Standard Servicing
APP-502670,Active,22,3,False,0.0,Standard Servicing
APP-502671,Closed-Good,15,2,False,0.0,Standard Servicing
APP-502672,Active,20,1,False,0.0,Standard Servicing
APP-502673,Closed-Good,0,0,False,0.0,Standard Servicing
APP-502674,Active,20,2,False,0.0,Standard Servicing
APP-502675,Closed-Good,24,4,False,0.0,Standard Servicing
APP-502676,Written-Off,318,13,True,581.27,Collections/Recovery
APP-502677,Active,5,1,False,0.0,Standard Servicing
APP-502678,Closed-Good,24,6,False,0.0,Standard Servicing
APP-502679,Active,5,1,False,0.0,Standard Servicing
APP-502680,Closed-Good,20,1,False,0.0,Standard Servicing
APP-502681,Active,18,3,False,0.0,Standard Servicing
APP-502682,Written-Off,244,12,False,21858.33,Standard Servicing
APP-502683,Active,13,2,False,0.0,Standard Servicing
APP-502684,Active,20,2,False,0.0,Standard Servicing
APP-502685,Closed-Good,18,2,False,0.0,Standard Servicing
APP-502686,Written-Off,526,19,False,20638.07,Collections/Recovery
APP-502687,Active,18,1,False,0.0,Standard Servicing
APP-502688,Active,0,0,False,0.0,Standard Servicing
APP-502689,Closed-Good,24,5,False,0.0,Standard Servicing
APP-502690,Active,22,1,False,0.0,Standard Servicing
APP-502691,Active,13,2,False,0.0,Standard Servicing
APP-502692,Closed-Good,15,1,False,0.0,Standard Servicing
APP-502693,Closed-Good,5,2,False,0.0,Standard Servicing
APP-502694,Closed-Good,18,2,False,0.0,Standard Servicing
APP-502695,Active,16,1,False,0.0,Standard Servicing
APP-502696,Closed-Good,7,2,False,0.0,Standard Servicing
APP-502697,Active,0,0,False,0.0,Standard Servicing
APP-502698,Closed-Good,7,1,False,0.0,Standard Servicing
APP-502699,Written-Off,559,5,True,1613.54,Collections/Recovery
APP-502700,Closed-Good,21,2,False,0.0,Standard Servicing
APP-502701,Active,20,1,False,0.0,Standard Servicing
APP-502702,Closed-Good,9,2,False,0.0,Standard Servicing
APP-502703,Closed-Good,16,1,False,0.0,Standard Servicing
APP-502704,Active,13,2,False,0.0,Standard Servicing
APP-502705,Active,0,0,False,0.0,Standard Servicing
APP-502706,Active,12,1,False,0.0,Standard Servicing
APP-502707,Active,17,1,False,0.0,Standard Servicing
APP-502708,Closed-Good,11,1,False,0.0,Standard Servicing
APP-502709,Closed-Good,10,1,False,0.0,Standard Servicing
APP-502710,Closed-Good,17,4,False,0.0,Standard Servicing
APP-502711,Active,18,2,False,0.0,Standard Servicing
APP-502712,Closed-Good,2,1,False,0.0,Standard Servicing
APP-502713,Active,17,1,False,0.0,Standard Servicing
APP-502714,Active,17,1,False,0.0,Standard Servicing
APP-502715,Active,21,2,False,0.0,Standard Servicing
APP-502716,Active,14,1,False,0.0,Standard Servicing
APP-502717,Active,22,3,False,0.0,Standard Servicing
APP-502718,Active,14,2,False,0.0,Standard Servicing
APP-502719,Active,16,2,False,0.0,Standard Servicing
APP-502720,Closed-Good,20,4,False,0.0,Standard Servicing
APP-502721,Active,0,0,False,0.0,Standard Servicing
APP-502722,Closed-Good,20,2,False,0.0,Standard Servicing
APP-502723,Closed-Good,14,4,False,0.0,Standard Servicing
APP-502724,Closed-Good,0,0,False,0.0,Standard Servicing
APP-502725,Active,21,2,False,0.0,Standard Servicing
APP-502726,Closed-Good,5,2,False,0.0,Standard Servicing
APP-502727,Closed-Good,1,1,False,0.0,Standard Servicing
APP-502728,Active,16,1,False,0.0,Standard Servicing
APP-502729,Active,0,0,False,0.0,Standard Servicing
APP-502730,Closed-Good,19,1,False,0.0,Standard Servicing
APP-502731,Active,15,1,False,0.0,Standard Servicing
APP-502732,Closed-Good,0,0,False,0.0,Standard Servicing
APP-502733,Active,21,4,False,0.0,Standard Servicing
APP-502734,Closed-Good,17,1,False,0.0,Standard Servicing
APP-502735,Active,24,2,False,0.0,Standard Servicing
APP-502736,Closed-Good,24,5,False,0.0,Standard Servicing
APP-502737,Closed-Good,24,1,False,0.0,Standard Servicing
APP-502738,Active,22,1,False,0.0,Standard Servicing
APP-502739,Closed-Good,21,5,False,0.0,Standard Servicing
APP-502740,Active,17,1,False,0.0,Standard Servicing
APP-502741,Written-Off,757,11,False,16220.81,Collections/Recovery
APP-502742,Active,9,1,False,0.0,Standard Servicing
APP-502743,Active,16,2,False,0.0,Standard Servicing
APP-502744,Closed-Good,11,3,False,0.0,Standard Servicing
APP-502745,Active,24,3,False,0.0,Standard Servicing
APP-502746,Closed-Good,21,1,False,0.0,Standard Servicing
APP-502747,Closed-Good,0,0,False,0.0,Standard Servicing
APP-502748,Closed-Good,5,2,False,0.0,Standard Servicing
APP-502749,Closed-Good,19,1,False,0.0,Standard Servicing
APP-502750,Active,20,4,False,0.0,Standard Servicing
APP-502751,Closed-Good,18,4,False,0.0,Standard Servicing
APP-502752,Closed-Good,10,2,False,0.0,Standard Servicing
APP-502753,Active,0,0,False,0.0,Standard Servicing
APP-502754,Closed-Good,8,3,False,0.0,Standard Servicing
APP-502755,Closed-Good,12,4,False,0.0,Standard Servicing
APP-502756,Closed-Good,22,3,False,0.0,Standard Servicing
APP-502757,Active,8,3,False,0.0,Standard Servicing
APP-502758,Active,14,1,False,0.0,Standard Servicing
APP-502759,Active,16,1,False,0.0,Standard Servicing
APP-502760,Written-Off,730,28,False,30091.99,Collections/Recovery
APP-502761,Active,19,5,False,0.0,Standard Servicing
APP-502762,Active,20,2,False,0.0,Standard Servicing
APP-502763,Active,16,3,False,0.0,Standard Servicing
APP-502764,Active,7,1,False,0.0,Standard Servicing
APP-502765,Active,0,0,False,0.0,Standard Servicing
APP-502766,Closed-Good,8,2,False,0.0,Standard Servicing
APP-502767,Active,15,1,False,0.0,Standard Servicing
APP-502768,Active,16,1,False,0.0,Standard Servicing
APP-502769,Active,16,1,False,0.0,Standard Servicing
APP-502770,Written-Off,254,11,False,15772.92,Collections/Recovery
APP-502771,Active,14,1,False,0.0,Standard Servicing
APP-502772,Closed-Good,15,1,False,0.0,Standard Servicing
APP-502773,Closed-Good,24,7,False,0.0,Standard Servicing
APP-502774,Active,17,2,False,0.0,Standard Servicing
APP-502775,Closed-Good,19,1,False,0.0,Standard Servicing
APP-502776,Closed-Good,22,3,False,0.0,Standard Servicing
APP-502777,Closed-Good,9,2,False,0.0,Standard Servicing
APP-502778,Active,0,0,False,0.0,Standard Servicing
APP-502779,Active,23,2,False,0.0,Standard Servicing
APP-502780,Active,19,3,False,0.0,Standard Servicing
APP-502781,Active,0,0,False,0.0,Standard Servicing
APP-502782,Closed-Good,15,1,False,0.0,Standard Servicing
APP-502783,Closed-Good,24,3,False,0.0,Standard Servicing
APP-502784,Closed-Good,19,2,False,0.0,Standard Servicing
APP-502785,Active,17,1,False,0.0,Standard Servicing
APP-502786,Closed-Good,8,2,False,0.0,Standard Servicing
APP-502787,Active,14,1,False,0.0,Standard Servicing
APP-502788,Written-Off,198,9,True,301.5,Standard Servicing
APP-502789,Closed-Good,0,0,False,0.0,Standard Servicing
APP-502790,Active,21,4,False,0.0,Standard Servicing
APP-502791,Closed-Good,15,2,False,0.0,Standard Servicing
APP-502792,Closed-Good,18,3,False,0.0,Standard Servicing
APP-502793,Active,10,2,False,0.0,Standard Servicing
APP-502794,Active,16,1,False,0.0,Standard Servicing
APP-502795,Closed-Good,23,2,False,0.0,Standard Servicing
APP-502796,Active,0,0,False,0.0,Standard Servicing
APP-502797,Closed-Good,23,4,False,0.0,Standard Servicing
APP-502798,Closed-Good,18,1,False,0.0,Standard Servicing
APP-502799,Active,0,0,False,0.0,Standard Servicing
APP-502800,Written-Off,617,24,False,61651.73,Collections/Recovery
APP-502801,Active,12,1,False,0.0,Standard Servicing
APP-502802,Closed-Good,23,2,False,0.0,Standard Servicing
APP-502803,Active,0,0,False,0.0,Standard Servicing
APP-502804,Defaulted,177,10,False,42352.38,Standard Servicing
APP-502805,Closed-Good,16,5,False,0.0,Standard Servicing
APP-502806,Closed-Good,20,1,False,0.0,Standard Servicing
APP-502807,Active,11,2,False,0.0,Standard Servicing
APP-502808,Closed-Good,16,2,False,0.0,Standard Servicing
APP-502809,Active,19,1,False,0.0,Standard Servicing
APP-502810,Closed-Good,24,3,False,0.0,Standard Servicing
APP-502811,Closed-Good,24,4,False,0.0,Standard Servicing
APP-502812,Active,2,1,False,0.0,Standard Servicing
APP-502813,Closed-Good,19,3,False,0.0,Standard Servicing
APP-502814,Active,12,2,False,0.0,Standard Servicing
APP-502815,Active,19,5,False,0.0,Standard Servicing
APP-502816,Closed-Good,9,1,False,0.0,Standard Servicing
APP-502817,Active,16,2,False,0.0,Standard Servicing
APP-502818,Active,14,2,False,0.0,Standard Servicing
APP-502819,Closed-Good,17,1,False,0.0,Standard Servicing
APP-502820,Active,11,2,False,0.0,Standard Servicing
APP-502821,Active,19,2,False,0.0,Standard Servicing
APP-502822,Active,22,3,False,0.0,Standard Servicing
APP-502823,Active,24,4,False,0.0,Standard Servicing
APP-502824,Closed-Good,16,1,False,0.0,Standard Servicing
APP-502825,Closed-Good,23,4,False,0.0,Standard Servicing
APP-502826,Closed-Good,22,3,False,0.0,Standard Servicing
APP-502827,Active,10,1,False,0.0,Standard Servicing
APP-502828,Active,21,4,False,0.0,Standard Servicing
APP-502829,Active,0,0,False,0.0,Standard Servicing
APP-502830,Active,6,1,False,0.0,Standard Servicing
APP-502831,Closed-Good,18,1,False,0.0,Standard Servicing
APP-502832,Active,0,0,False,0.0,Standard Servicing
APP-502833,Active,18,3,False,0.0,Standard Servicing
APP-502834,Active,24,5,False,0.0,Standard Servicing
APP-502835,Active,0,0,False,0.0,Standard Servicing
APP-502836,Closed-Good,10,2,False,0.0,Standard Servicing
APP-502837,Closed-Good,16,1,False,0.0,Standard Servicing
APP-502838,Active,20,3,False,0.0,Standard Servicing
APP-502839,Written-Off,1056,11,True,21263.14,Collections/Recovery
APP-502840,Closed-Good,22,3,False,0.0,Standard Servicing
APP-502841,Closed-Good,3,2,False,0.0,Standard Servicing
APP-502842,Active,2,1,False,0.0,Standard Servicing
APP-502843,Active,21,3,False,0.0,Standard Servicing
APP-502844,Active,0,0,False,0.0,Standard Servicing
APP-502845,Active,20,1,False,0.0,Standard Servicing
APP-502846,Closed-Good,0,0,False,0.0,Standard Servicing
APP-502847,Closed-Good,21,3,False,0.0,Standard Servicing
APP-502848,Closed-Good,14,2,False,0.0,Standard Servicing
APP-502849,Active,1,1,False,0.0,Standard Servicing
APP-502850,Active,14,3,False,0.0,Standard Servicing
APP-502851,Active,23,2,False,0.0,Standard Servicing
APP-502852,Closed-Good,14,1,False,0.0,Standard Servicing
APP-502853,Written-Off,428,18,False,6478.01,Collections/Recovery
APP-502854,Active,1,1,False,0.0,Standard Servicing
APP-502855,Active,9,2,False,0.0,Standard Servicing
APP-502856,Active,20,3,False,0.0,Standard Servicing
APP-502857,Closed-Good,18,1,False,0.0,Standard Servicing
APP-502858,Closed-Good,7,1,False,0.0,Standard Servicing
APP-502859,Active,15,1,False,0.0,Standard Servicing
APP-502860,Closed-Good,2,1,False,0.0,Standard Servicing
APP-502861,Active,21,3,False,0.0,Standard Servicing
APP-502862,Active,15,2,False,0.0,Standard Servicing
APP-502863,Active,13,2,False,0.0,Standard Servicing
APP-502864,Active,9,1,False,0.0,Standard Servicing
APP-502865,Written-Off,561,17,False,25239.54,Collections/Recovery
APP-502866,Written-Off,468,10,False,1740.86,Collections/Recovery
APP-502867,Active,17,2,False,0.0,Standard Servicing
APP-502868,Written-Off,393,17,False,6610.58,Collections/Recovery
APP-502869,Active,0,0,False,0.0,Standard Servicing
APP-502870,Active,10,1,False,0.0,Standard Servicing
APP-502871,Active,24,1,False,0.0,Standard Servicing
APP-502872,Active,0,0,False,0.0,Standard Servicing
APP-502873,Active,12,1,False,0.0,Standard Servicing
APP-502874,Closed-Good,1,1,False,0.0,Standard Servicing
APP-502875,Closed-Good,11,2,False,0.0,Standard Servicing
APP-502876,Closed-Good,6,1,False,0.0,Standard Servicing
APP-502877,Closed-Good,10,3,False,0.0,Standard Servicing
APP-502878,Active,16,1,False,0.0,Standard Servicing
APP-502879,Closed-Good,16,4,False,0.0,Standard Servicing
APP-502880,Closed-Good,20,2,False,0.0,Standard Servicing
APP-502881,Active,6,1,False,0.0,Standard Servicing
APP-502882,Active,2,1,False,0.0,Standard Servicing
APP-502883,Defaulted,31,2,False,30264.62,Collections/Recovery
APP-502884,Active,0,0,False,0.0,Standard Servicing
APP-502885,Closed-Good,21,2,False,0.0,Standard Servicing
APP-502886,Active,0,0,False,0.0,Standard Servicing
APP-502887,Active,17,2,False,0.0,Standard Servicing
APP-502888,Closed-Good,8,1,False,0.0,Standard Servicing
APP-502889,Closed-Good,22,2,False,0.0,Standard Servicing
APP-502890,Closed-Good,23,2,False,0.0,Standard Servicing
APP-502891,Closed-Good,0,0,False,0.0,Standard Servicing
APP-502892,Closed-Good,14,2,False,0.0,Standard Servicing
APP-502893,Active,24,3,False,0.0,Standard Servicing
APP-502894,Closed-Good,19,2,False,0.0,Standard Servicing
APP-502895,Closed-Good,9,1,False,0.0,Standard Servicing
APP-502896,Closed-Good,16,2,False,0.0,Standard Servicing
APP-502897,Closed-Good,0,0,False,0.0,Standard Servicing
APP-502898,Closed-Good,0,0,False,0.0,Standard Servicing
APP-502899,Active,6,1,False,0.0,Standard Servicing
APP-502900,Closed-Good,24,4,False,0.0,Standard Servicing
APP-502901,Active,0,0,False,0.0,Standard Servicing
APP-502902,Active,14,2,False,0.0,Standard Servicing
APP-502903,Active,23,1,False,0.0,Standard Servicing
APP-502904,Closed-Good,24,1,False,0.0,Standard Servicing
APP-502905,Active,15,3,False,0.0,Standard Servicing
APP-502906,Closed-Good,17,2,False,0.0,Standard Servicing
APP-502907,Closed-Good,0,0,False,0.0,Standard Servicing
APP-502908,Active,15,2,False,0.0,Standard Servicing
APP-502909,Written-Off,349,15,False,3292.87,Standard Servicing
APP-502910,Closed-Good,0,0,False,0.0,Standard Servicing
APP-502911,Active,21,3,False,0.0,Standard Servicing
APP-502912,Closed-Good,14,1,False,0.0,Standard Servicing
APP-502913,Active,0,0,False,0.0,Standard Servicing
APP-502914,Closed-Good,17,1,False,0.0,Standard Servicing
APP-502915,Closed-Good,15,3,False,0.0,Standard Servicing
APP-502916,Active,24,5,False,0.0,Standard Servicing
APP-502917,Closed-Good,22,4,False,0.0,Standard Servicing
APP-502918,Active,22,2,False,0.0,Standard Servicing
APP-502919,Defaulted,64,4,False,49148.97,Collections/Recovery
APP-502920,Closed-Good,15,2,False,0.0,Standard Servicing
APP-502921,Closed-Good,24,3,False,0.0,Standard Servicing
APP-502922,Active,6,1,False,0.0,Standard Servicing
APP-502923,Written-Off,273,10,False,13678.51,Collections/Recovery
APP-502924,Active,21,4,False,0.0,Standard Servicing
APP-502925,Closed-Good,17,5,False,0.0,Standard Servicing
APP-502926,Active,24,3,False,0.0,Standard Servicing
APP-502927,Closed-Good,2,1,False,0.0,Standard Servicing
APP-502928,Active,2,1,False,0.0,Standard Servicing
APP-502929,Closed-Good,12,2,False,0.0,Standard Servicing
APP-502930,Active,18,2,False,0.0,Standard Servicing
APP-502931,Active,0,0,False,0.0,Standard Servicing
APP-502932,Closed-Good,12,2,False,0.0,Standard Servicing
APP-502933,Closed-Good,0,0,False,0.0,Standard Servicing
APP-502934,Closed-Good,14,3,False,0.0,Standard Servicing
APP-502935,Active,8,1,False,0.0,Standard Servicing
APP-502936,Active,18,2,False,0.0,Standard Servicing
APP-502937,Active,11,1,False,0.0,Standard Servicing
APP-502938,Closed-Good,20,3,False,0.0,Standard Servicing
APP-502939,Closed-Good,15,2,False,0.0,Standard Servicing
APP-502940,Closed-Good,7,1,False,0.0,Standard Servicing
APP-502941,Closed-Good,18,2,False,0.0,Standard Servicing
APP-502942,Active,23,3,False,0.0,Standard Servicing
APP-502943,Closed-Good,21,4,False,0.0,Standard Servicing
APP-502944,Closed-Good,19,1,False,0.0,Standard Servicing
APP-502945,Active,12,2,False,0.0,Standard Servicing
APP-502946,Closed-Good,15,1,False,0.0,Standard Servicing
APP-502947,Closed-Good,21,2,False,0.0,Standard Servicing
APP-502948,Active,0,0,False,0.0,Standard Servicing
APP-502949,Active,13,1,False,0.0,Standard Servicing
APP-502950,Active,0,0,False,0.0,Standard Servicing
APP-502951,Active,22,2,False,0.0,Standard Servicing
APP-502952,Active,11,2,False,0.0,Standard Servicing
APP-502953,Active,0,0,False,0.0,Standard Servicing
APP-502954,Active,13,1,False,0.0,Standard Servicing
APP-502955,Active,19,2,False,0.0,Standard Servicing
APP-502956,Written-Off,681,11,False,59232.06,Standard Servicing
APP-502957,Active,21,2,False,0.0,Standard Servicing
APP-502958,Active,21,4,False,0.0,Standard Servicing
APP-502959,Active,13,2,False,0.0,Standard Servicing
APP-502960,Closed-Good,0,0,False,0.0,Standard Servicing
APP-502961,Closed-Good,21,3,False,0.0,Standard Servicing
APP-502962,Closed-Good,24,1,False,0.0,Standard Servicing
APP-502963,Active,13,2,False,0.0,Standard Servicing
APP-502964,Active,24,5,False,0.0,Standard Servicing
APP-502965,Active,11,3,False,0.0,Standard Servicing
APP-502966,Active,19,3,False,0.0,Standard Servicing
APP-502967,Active,14,2,False,0.0,Standard Servicing
APP-502968,Active,13,3,False,0.0,Standard Servicing
APP-502969,Closed-Good,14,1,False,0.0,Standard Servicing
APP-502970,Closed-Good,17,1,False,0.0,Standard Servicing
APP-502971,Active,24,6,False,0.0,Standard Servicing
APP-502972,Closed-Good,0,0,False,0.0,Standard Servicing
APP-502973,Active,9,2,False,0.0,Standard Servicing
APP-502974,Defaulted,36,2,True,23676.73,Collections/Recovery
APP-502975,Active,9,1,False,0.0,Standard Servicing
APP-502976,Closed-Good,0,0,False,0.0,Standard Servicing
APP-502977,Active,3,1,False,0.0,Standard Servicing
APP-502978,Active,13,2,False,0.0,Standard Servicing
APP-502979,Active,23,3,False,0.0,Standard Servicing
APP-502980,Active,24,5,False,0.0,Standard Servicing
APP-502981,Written-Off,555,9,False,44364.89,Collections/Recovery
APP-502982,Closed-Good,4,1,False,0.0,Standard Servicing
APP-502983,Active,0,0,False,0.0,Standard Servicing
APP-502984,Closed-Good,21,4,False,0.0,Standard Servicing
APP-502985,Closed-Good,18,1,False,0.0,Standard Servicing
APP-502986,Closed-Good,2,1,False,0.0,Standard Servicing
APP-502987,Closed-Good,22,2,False,0.0,Standard Servicing
APP-502988,Closed-Good,0,0,False,0.0,Standard Servicing
APP-502989,Closed-Good,23,2,False,0.0,Standard Servicing
APP-502990,Active,17,3,False,0.0,Standard Servicing
APP-502991,Active,16,3,False,0.0,Standard Servicing
APP-502992,Closed-Good,17,2,False,0.0,Standard Servicing
APP-502993,Closed-Good,6,2,False,0.0,Standard Servicing
APP-502994,Active,18,3,False,0.0,Standard Servicing
APP-502995,Closed-Good,0,0,False,0.0,Standard Servicing
APP-502996,Closed-Good,23,5,False,0.0,Standard Servicing
APP-502997,Active,0,0,False,0.0,Standard Servicing
APP-502998,Active,24,3,False,0.0,Standard Servicing
APP-502999,Active,16,1,False,0.0,Standard Servicing
APP-503000,Written-Off,866,5,True,8328.8,Collections/Recovery
APP-503001,Closed-Good,21,3,False,0.0,Standard Servicing
APP-503002,Active,20,3,False,0.0,Standard Servicing
APP-503003,Defaulted,60,3,False,42962.25,Collections/Recovery
APP-503004,Active,0,0,False,0.0,Standard Servicing
APP-503005,Closed-Good,20,3,False,0.0,Standard Servicing
APP-503006,Closed-Good,9,2,False,0.0,Standard Servicing
APP-503007,Active,22,3,False,0.0,Standard Servicing
APP-503008,Closed-Good,19,1,False,0.0,Standard Servicing
APP-503009,Active,11,2,False,0.0,Standard Servicing
APP-503010,Active,22,4,False,0.0,Standard Servicing
APP-503011,Active,19,1,False,0.0,Standard Servicing
APP-503012,Closed-Good,9,1,False,0.0,Standard Servicing
APP-503013,Closed-Good,21,1,False,0.0,Standard Servicing
APP-503014,Closed-Good,20,2,False,0.0,Standard Servicing
APP-503015,Closed-Good,13,2,False,0.0,Standard Servicing
APP-503016,Active,20,1,False,0.0,Standard Servicing
APP-503017,Active,21,2,False,0.0,Standard Servicing
APP-503018,Active,16,2,False,0.0,Standard Servicing
APP-503019,Active,15,1,False,0.0,Standard Servicing
APP-503020,Closed-Good,0,0,False,0.0,Standard Servicing
APP-503021,Active,16,3,False,0.0,Standard Servicing
APP-503022,Closed-Good,11,1,False,0.0,Standard Servicing
APP-503023,Active,8,3,False,0.0,Standard Servicing
APP-503024,Closed-Good,19,3,False,0.0,Standard Servicing
APP-503025,Active,2,1,False,0.0,Standard Servicing
APP-503026,Active,0,0,False,0.0,Standard Servicing
APP-503027,Closed-Good,23,3,False,0.0,Standard Servicing
APP-503028,Active,20,2,False,0.0,Standard Servicing
APP-503029,Active,17,1,False,0.0,Standard Servicing
APP-503030,Active,12,1,False,0.0,Standard Servicing
APP-503031,Closed-Good,22,1,False,0.0,Standard Servicing
APP-503032,Active,10,4,False,0.0,Standard Servicing
APP-503033,Active,16,2,False,0.0,Standard Servicing
APP-503034,Active,0,0,False,0.0,Standard Servicing
APP-503035,Closed-Good,0,0,False,0.0,Standard Servicing
APP-503036,Active,9,1,False,0.0,Standard Servicing
APP-503037,Active,0,0,False,0.0,Standard Servicing
APP-503038,Active,23,5,False,0.0,Standard Servicing
APP-503039,Closed-Good,2,1,False,0.0,Standard Servicing
APP-503040,Active,23,2,False,0.0,Standard Servicing
APP-503041,Active,21,4,False,0.0,Standard Servicing
APP-503042,Closed-Good,14,1,False,0.0,Standard Servicing
APP-503043,Closed-Good,17,1,False,0.0,Standard Servicing
APP-503044,Active,20,1,False,0.0,Standard Servicing
APP-503045,Written-Off,548,21,False,20706.42,Collections/Recovery
APP-503046,Closed-Good,19,3,False,0.0,Standard Servicing
APP-503047,Written-Off,276,16,False,3883.14,Standard Servicing
APP-503048,Closed-Good,0,0,False,0.0,Standard Servicing
APP-503049,Active,23,1,False,0.0,Standard Servicing
APP-503050,Closed-Good,16,3,False,0.0,Standard Servicing
APP-503051,Closed-Good,22,2,False,0.0,Standard Servicing
APP-503052,Closed-Good,9,1,False,0.0,Standard Servicing
APP-503053,Active,20,4,False,0.0,Standard Servicing
APP-503054,Active,14,1,False,0.0,Standard Servicing
APP-503055,Active,23,2,False,0.0,Standard Servicing
APP-503056,Closed-Good,24,4,False,0.0,Standard Servicing
APP-503057,Active,0,0,False,0.0,Standard Servicing
APP-503058,Closed-Good,14,2,False,0.0,Standard Servicing
APP-503059,Active,22,3,False,0.0,Standard Servicing
APP-503060,Closed-Good,8,1,False,0.0,Standard Servicing
APP-503061,Active,22,3,False,0.0,Standard Servicing
APP-503062,Closed-Good,2,1,False,0.0,Standard Servicing
APP-503063,Closed-Good,7,2,False,0.0,Standard Servicing
APP-503064,Active,23,1,False,0.0,Standard Servicing
APP-503065,Active,19,1,False,0.0,Standard Servicing
APP-503066,Closed-Good,19,3,False,0.0,Standard Servicing
APP-503067,Active,23,3,False,0.0,Standard Servicing
APP-503068,Closed-Good,0,0,False,0.0,Standard Servicing
APP-503069,Closed-Good,13,3,False,0.0,Standard Servicing
APP-503070,Active,15,2,False,0.0,Standard Servicing
APP-503071,Closed-Good,24,8,False,0.0,Standard Servicing
APP-503072,Active,17,1,False,0.0,Standard Servicing
APP-503073,Active,22,4,False,0.0,Standard Servicing
APP-503074,Active,19,3,False,0.0,Standard Servicing
APP-503075,Closed-Good,15,3,False,0.0,Standard Servicing
APP-503076,Closed-Good,23,4,False,0.0,Standard Servicing
APP-503077,Active,16,2,False,0.0,Standard Servicing
APP-503078,Written-Off,449,4,True,68937.65,Collections/Recovery
APP-503079,Closed-Good,2,1,False,0.0,Standard Servicing
APP-503080,Closed-Good,0,0,False,0.0,Standard Servicing
APP-503081,Active,14,1,False,0.0,Standard Servicing
APP-503082,Active,0,0,False,0.0,Standard Servicing
APP-503083,Closed-Good,4,1,False,0.0,Standard Servicing
APP-503084,Closed-Good,17,2,False,0.0,Standard Servicing
APP-503085,Active,24,2,False,0.0,Standard Servicing
APP-503086,Active,17,3,False,0.0,Standard Servicing
APP-503087,Defaulted,66,2,False,15857.13,Collections/Recovery
APP-503088,Closed-Good,19,3,False,0.0,Standard Servicing
APP-503089,Active,18,1,False,0.0,Standard Servicing
APP-503090,Active,5,1,False,0.0,Standard Servicing
APP-503091,Written-Off,251,11,False,62914.68,Collections/Recovery
APP-503092,Closed-Good,0,0,False,0.0,Standard Servicing
APP-503093,Active,21,4,False,0.0,Standard Servicing
APP-503094,Closed-Good,8,1,False,0.0,Standard Servicing
APP-503095,Written-Off,324,13,False,33657.36,Collections/Recovery
APP-503096,Closed-Good,14,2,False,0.0,Standard Servicing
APP-503097,Active,23,2,False,0.0,Standard Servicing
APP-503098,Active,14,1,False,0.0,Standard Servicing
APP-503099,Active,20,4,False,0.0,Standard Servicing
APP-503100,Written-Off,304,12,False,59551.61,Collections/Recovery
APP-503101,Closed-Good,21,5,False,0.0,Standard Servicing
APP-503102,Active,17,2,False,0.0,Standard Servicing
APP-503103,Written-Off,231,9,False,4745.77,Collections/Recovery
APP-503104,Closed-Good,20,4,False,0.0,Standard Servicing
APP-503105,Closed-Good,14,1,False,0.0,Standard Servicing
APP-503106,Closed-Good,0,0,False,0.0,Standard Servicing
APP-503107,Active,19,1,False,0.0,Standard Servicing
APP-503108,Closed-Good,11,1,False,0.0,Standard Servicing
APP-503109,Written-Off,650,26,True,5768.93,Collections/Recovery
APP-503110,Active,5,2,False,0.0,Standard Servicing
APP-503111,Active,20,2,False,0.0,Standard Servicing
APP-503112,Active,20,1,False,0.0,Standard Servicing
APP-503113,Written-Off,675,27,False,7953.1,Collections/Recovery
APP-503114,Closed-Good,14,3,False,0.0,Standard Servicing
APP-503115,Closed-Good,18,2,False,0.0,Standard Servicing
APP-503116,Active,0,0,False,0.0,Standard Servicing
APP-503117,Active,22,2,False,0.0,Standard Servicing
APP-503118,Closed-Good,12,2,False,0.0,Standard Servicing
APP-503119,Active,22,3,False,0.0,Standard Servicing
APP-503120,Active,5,1,False,0.0,Standard Servicing
APP-503121,Active,24,2,False,0.0,Standard Servicing
APP-503122,Defaulted,40,2,False,3328.17,Collections/Recovery
APP-503123,Closed-Good,24,4,False,0.0,Standard Servicing
APP-503124,Active,2,2,False,0.0,Standard Servicing
APP-503125,Active,24,2,False,0.0,Standard Servicing
APP-503126,Closed-Good,21,1,False,0.0,Standard Servicing
APP-503127,Active,10,1,False,0.0,Standard Servicing
APP-503128,Closed-Good,10,2,False,0.0,Standard Servicing
APP-503129,Active,21,2,False,0.0,Standard Servicing
APP-503130,Closed-Good,0,0,False,0.0,Standard Servicing
APP-503131,Closed-Good,18,2,False,0.0,Standard Servicing
APP-503132,Active,0,0,False,0.0,Standard Servicing
APP-503133,Closed-Good,2,1,False,0.0,Standard Servicing
APP-503134,Closed-Good,20,1,False,0.0,Standard Servicing
APP-503135,Closed-Good,24,3,False,0.0,Standard Servicing
APP-503136,Active,19,2,False,0.0,Standard Servicing
APP-503137,Active,16,4,False,0.0,Standard Servicing
APP-503138,Active,23,2,False,0.0,Standard Servicing
APP-503139,Active,16,4,False,0.0,Standard Servicing
APP-503140,Closed-Good,0,0,False,0.0,Standard Servicing
APP-503141,Written-Off,693,13,True,18678.55,Collections/Recovery
APP-503142,Closed-Good,22,5,False,0.0,Standard Servicing
APP-503143,Written-Off,476,9,False,24452.4,Collections/Recovery
APP-503144,Closed-Good,14,2,False,0.0,Standard Servicing
APP-503145,Closed-Good,23,1,False,0.0,Standard Servicing
APP-503146,Closed-Good,9,2,False,0.0,Standard Servicing
APP-503147,Active,9,2,False,0.0,Standard Servicing
APP-503148,Closed-Good,14,3,False,0.0,Standard Servicing
APP-503149,Active,17,5,False,0.0,Standard Servicing
APP-503150,Active,13,1,False,0.0,Standard Servicing
APP-503151,Active,24,3,False,0.0,Standard Servicing
APP-503152,Active,0,0,False,0.0,Standard Servicing
APP-503153,Closed-Good,0,0,False,0.0,Standard Servicing
APP-503154,Active,20,3,False,0.0,Standard Servicing
APP-503155,Closed-Good,3,1,False,0.0,Standard Servicing
APP-503156,Closed-Good,19,3,False,0.0,Standard Servicing
APP-503157,Active,15,1,False,0.0,Standard Servicing
APP-503158,Closed-Good,10,2,False,0.0,Standard Servicing
APP-503159,Active,18,1,False,0.0,Standard Servicing
APP-503160,Active,19,1,False,0.0,Standard Servicing
APP-503161,Closed-Good,20,2,False,0.0,Standard Servicing
APP-503162,Closed-Good,22,3,False,0.0,Standard Servicing
APP-503163,Written-Off,938,8,False,87807.3,Collections/Recovery
APP-503164,Closed-Good,20,3,False,0.0,Standard Servicing
APP-503165,Closed-Good,15,2,False,0.0,Standard Servicing
APP-503166,Active,2,1,False,0.0,Standard Servicing
APP-503167,Active,9,3,False,0.0,Standard Servicing
APP-503168,Active,7,2,False,0.0,Standard Servicing
APP-503169,Closed-Good,24,3,False,0.0,Standard Servicing
APP-503170,Active,0,0,False,0.0,Standard Servicing
APP-503171,Closed-Good,17,1,False,0.0,Standard Servicing
APP-503172,Closed-Good,16,2,False,0.0,Standard Servicing
APP-503173,Closed-Good,18,4,False,0.0,Standard Servicing
APP-503174,Closed-Good,0,0,False,0.0,Standard Servicing
APP-503175,Closed-Good,23,3,False,0.0,Standard Servicing
APP-503176,Written-Off,588,6,False,73895.85,Collections/Recovery
APP-503177,Active,17,2,False,0.0,Standard Servicing
APP-503178,Active,0,0,False,0.0,Standard Servicing
APP-503179,Closed-Good,23,2,False,0.0,Standard Servicing
APP-503180,Written-Off,386,17,False,9723.49,Collections/Recovery
APP-503181,Active,20,2,False,0.0,Standard Servicing
APP-503182,Active,23,4,False,0.0,Standard Servicing
APP-503183,Active,13,2,False,0.0,Standard Servicing
APP-503184,Active,7,1,False,0.0,Standard Servicing
APP-503185,Active,0,0,False,0.0,Standard Servicing
APP-503186,Closed-Good,4,1,False,0.0,Standard Servicing
APP-503187,Closed-Good,17,3,False,0.0,Standard Servicing
APP-503188,Active,19,2,False,0.0,Standard Servicing
APP-503189,Closed-Good,15,1,False,0.0,Standard Servicing
APP-503190,Active,18,4,False,0.0,Standard Servicing
APP-503191,Closed-Good,18,2,False,0.0,Standard Servicing
APP-503192,Active,16,3,False,0.0,Standard Servicing
APP-503193,Written-Off,706,26,False,19199.08,Standard Servicing
APP-503194,Closed-Good,22,2,False,0.0,Standard Servicing
APP-503195,Closed-Good,5,1,False,0.0,Standard Servicing
APP-503196,Closed-Good,18,3,False,0.0,Standard Servicing
APP-503197,Active,7,3,False,0.0,Standard Servicing
APP-503198,Closed-Good,7,1,False,0.0,Standard Servicing
APP-503199,Active,13,1,False,0.0,Standard Servicing
APP-503200,Closed-Good,21,1,False,0.0,Standard Servicing
APP-503201,Closed-Good,24,3,False,0.0,Standard Servicing
APP-503202,Active,14,3,False,0.0,Standard Servicing
APP-503203,Closed-Good,24,2,False,0.0,Standard Servicing
APP-503204,Active,18,1,False,0.0,Standard Servicing
APP-503205,Closed-Good,0,0,False,0.0,Standard Servicing
APP-503206,Active,19,3,False,0.0,Standard Servicing
APP-503207,Closed-Good,19,3,False,0.0,Standard Servicing
APP-503208,Defaulted,158,9,True,36399.66,Standard Servicing
APP-503209,Closed-Good,17,2,False,0.0,Standard Servicing
APP-503210,Active,2,1,False,0.0,Standard Servicing
APP-503211,Active,24,5,False,0.0,Standard Servicing
APP-503212,Active,0,0,False,0.0,Standard Servicing
APP-503213,Closed-Good,19,2,False,0.0,Standard Servicing
APP-503214,Active,19,3,False,0.0,Standard Servicing
APP-503215,Written-Off,965,21,False,31685.55,Collections/Recovery
APP-503216,Closed-Good,24,3,False,0.0,Standard Servicing
APP-503217,Closed-Good,19,2,False,0.0,Standard Servicing
APP-503218,Closed-Good,22,1,False,0.0,Standard Servicing
APP-503219,Closed-Good,20,2,False,0.0,Standard Servicing
APP-503220,Closed-Good,1,2,False,0.0,Standard Servicing
APP-503221,Closed-Good,24,2,False,0.0,Standard Servicing
APP-503222,Closed-Good,0,0,False,0.0,Standard Servicing
APP-503223,Defaulted,96,7,False,15587.53,Collections/Recovery
APP-503224,Written-Off,450,17,False,9971.94,Standard Servicing
APP-503225,Active,0,0,False,0.0,Standard Servicing
APP-503226,Closed-Good,3,1,False,0.0,Standard Servicing
APP-503227,Closed-Good,18,2,False,0.0,Standard Servicing
APP-503228,Closed-Good,16,4,False,0.0,Standard Servicing
APP-503229,Closed-Good,0,0,False,0.0,Standard Servicing
APP-503230,Active,17,2,False,0.0,Standard Servicing
APP-503231,Active,23,3,False,0.0,Standard Servicing
APP-503232,Active,11,3,False,0.0,Standard Servicing
APP-503233,Closed-Good,5,2,False,0.0,Standard Servicing
APP-503234,Closed-Good,22,2,False,0.0,Standard Servicing
APP-503235,Closed-Good,16,3,False,0.0,Standard Servicing
APP-503236,Closed-Good,16,2,False,0.0,Standard Servicing
APP-503237,Closed-Good,17,2,False,0.0,Standard Servicing
APP-503238,Active,8,3,False,0.0,Standard Servicing
APP-503239,Active,0,0,False,0.0,Standard Servicing
APP-503240,Active,21,4,False,0.0,Standard Servicing
APP-503241,Active,17,1,False,0.0,Standard Servicing
APP-503242,Active,8,1,False,0.0,Standard Servicing
APP-503243,Closed-Good,8,1,False,0.0,Standard Servicing
APP-503244,Active,8,1,False,0.0,Standard Servicing
APP-503245,Active,21,3,False,0.0,Standard Servicing
APP-503246,Closed-Good,0,0,False,0.0,Standard Servicing
APP-503247,Active,13,3,False,0.0,Standard Servicing
APP-503248,Active,19,1,False,0.0,Standard Servicing
APP-503249,Active,15,4,False,0.0,Standard Servicing
APP-503250,Active,3,1,False,0.0,Standard Servicing
APP-503251,Active,21,3,False,0.0,Standard Servicing
APP-503252,Active,0,0,False,0.0,Standard Servicing
APP-503253,Closed-Good,14,2,False,0.0,Standard Servicing
APP-503254,Active,10,2,False,0.0,Standard Servicing
APP-503255,Closed-Good,23,4,False,0.0,Standard Servicing
APP-503256,Closed-Good,23,1,False,0.0,Standard Servicing
APP-503257,Written-Off,751,9,True,3641.01,Standard Servicing
APP-503258,Closed-Good,15,5,False,0.0,Standard Servicing
APP-503259,Active,24,1,False,0.0,Standard Servicing
APP-503260,Active,0,0,False,0.0,Standard Servicing
APP-503261,Closed-Good,0,0,False,0.0,Standard Servicing
APP-503262,Closed-Good,21,3,False,0.0,Standard Servicing
APP-503263,Active,17,4,False,0.0,Standard Servicing
APP-503264,Active,18,3,False,0.0,Standard Servicing
APP-503265,Closed-Good,2,1,False,0.0,Standard Servicing
APP-503266,Active,23,2,False,0.0,Standard Servicing
APP-503267,Closed-Good,18,1,False,0.0,Standard Servicing
APP-503268,Written-Off,419,17,False,71992.54,Collections/Recovery
APP-503269,Active,20,2,False,0.0,Standard Servicing
APP-503270,Closed-Good,12,3,False,0.0,Standard Servicing
APP-503271,Active,0,0,False,0.0,Standard Servicing
APP-503272,Closed-Good,0,0,False,0.0,Standard Servicing
APP-503273,Closed-Good,19,5,False,0.0,Standard Servicing
APP-503274,Active,0,0,False,0.0,Standard Servicing
APP-503275,Closed-Good,19,2,False,0.0,Standard Servicing
APP-503276,Active,6,2,False,0.0,Standard Servicing
APP-503277,Active,23,3,False,0.0,Standard Servicing
APP-503278,Active,14,3,False,0.0,Standard Servicing
APP-503279,Closed-Good,20,2,False,0.0,Standard Servicing
APP-503280,Closed-Good,7,1,False,0.0,Standard Servicing
APP-503281,Active,13,1,False,0.0,Standard Servicing
APP-503282,Closed-Good,19,2,False,0.0,Standard Servicing
APP-503283,Active,16,3,False,0.0,Standard Servicing
APP-503284,Active,15,3,False,0.0,Standard Servicing
APP-503285,Closed-Good,13,3,False,0.0,Standard Servicing
APP-503286,Active,7,2,False,0.0,Standard Servicing
APP-503287,Active,23,7,False,0.0,Standard Servicing
APP-503288,Active,8,1,False,0.0,Standard Servicing
APP-503289,Active,24,1,False,0.0,Standard Servicing
APP-503290,Active,19,3,False,0.0,Standard Servicing
APP-503291,Closed-Good,24,4,False,0.0,Standard Servicing
APP-503292,Closed-Good,5,1,False,0.0,Standard Servicing
APP-503293,Active,19,1,False,0.0,Standard Servicing
APP-503294,Closed-Good,16,2,False,0.0,Standard Servicing
APP-503295,Closed-Good,12,1,False,0.0,Standard Servicing
APP-503296,Closed-Good,22,2,False,0.0,Standard Servicing
APP-503297,Closed-Good,19,2,False,0.0,Standard Servicing
APP-503298,Active,12,1,False,0.0,Standard Servicing
APP-503299,Closed-Good,0,0,False,0.0,Standard Servicing
APP-503300,Closed-Good,18,2,False,0.0,Standard Servicing
APP-503301,Active,24,3,False,0.0,Standard Servicing
APP-503302,Closed-Good,18,1,False,0.0,Standard Servicing
APP-503303,Closed-Good,6,1,False,0.0,Standard Servicing
APP-503304,Closed-Good,0,0,False,0.0,Standard Servicing
APP-503305,Closed-Good,11,1,False,0.0,Standard Servicing
APP-503306,Active,21,3,False,0.0,Standard Servicing
APP-503307,Defaulted,48,2,False,10105.12,Collections/Recovery
APP-503308,Defaulted,165,11,True,32366.57,Standard Servicing
APP-503309,Closed-Good,0,0,False,0.0,Standard Servicing
APP-503310,Active,11,4,False,0.0,Standard Servicing
APP-503311,Active,13,4,False,0.0,Standard Servicing
APP-503312,Active,20,3,False,0.0,Standard Servicing
APP-503313,Active,14,2,False,0.0,Standard Servicing
APP-503314,Active,21,2,False,0.0,Standard Servicing
APP-503315,Written-Off,528,22,True,57873.33,Collections/Recovery
APP-503316,Active,24,3,False,0.0,Standard Servicing
APP-503317,Active,24,3,False,0.0,Standard Servicing
APP-503318,Defaulted,102,6,False,12542.03,Collections/Recovery
APP-503319,Active,8,1,False,0.0,Standard Servicing
APP-503320,Active,21,1,False,0.0,Standard Servicing
APP-503321,Active,0,0,False,0.0,Standard Servicing
APP-503322,Closed-Good,20,2,False,0.0,Standard Servicing
APP-503323,Active,14,3,False,0.0,Standard Servicing
APP-503324,Active,0,0,False,0.0,Standard Servicing
APP-503325,Active,4,1,False,0.0,Standard Servicing
APP-503326,Closed-Good,24,3,False,0.0,Standard Servicing
APP-503327,Active,24,3,False,0.0,Standard Servicing
APP-503328,Active,22,5,False,0.0,Standard Servicing
APP-503329,Closed-Good,14,2,False,0.0,Standard Servicing
APP-503330,Closed-Good,23,2,False,0.0,Standard Servicing
APP-503331,Active,17,1,False,0.0,Standard Servicing
APP-503332,Written-Off,374,6,False,17481.92,Standard Servicing
APP-503333,Active,4,1,False,0.0,Standard Servicing
APP-503334,Active,12,1,False,0.0,Standard Servicing
APP-503335,Active,16,2,False,0.0,Standard Servicing
APP-503336,Closed-Good,20,1,False,0.0,Standard Servicing
APP-503337,Active,0,0,False,0.0,Standard Servicing
APP-503338,Active,22,2,False,0.0,Standard Servicing
APP-503339,Closed-Good,13,1,False,0.0,Standard Servicing
APP-503340,Active,0,0,False,0.0,Standard Servicing
APP-503341,Active,14,2,False,0.0,Standard Servicing
APP-503342,Active,0,0,False,0.0,Standard Servicing
APP-503343,Active,6,1,False,0.0,Standard Servicing
APP-503344,Defaulted,145,10,False,20177.31,Collections/Recovery
APP-503345,Active,6,1,False,0.0,Standard Servicing
APP-503346,Closed-Good,22,3,False,0.0,Standard Servicing
APP-503347,Closed-Good,6,2,False,0.0,Standard Servicing
APP-503348,Active,13,1,False,0.0,Standard Servicing
APP-503349,Active,22,2,False,0.0,Standard Servicing
APP-503350,Active,0,0,False,0.0,Standard Servicing
APP-503351,Closed-Good,0,0,False,0.0,Standard Servicing
APP-503352,Active,8,1,False,0.0,Standard Servicing
APP-503353,Active,16,2,False,0.0,Standard Servicing
APP-503354,Active,11,3,False,0.0,Standard Servicing
APP-503355,Closed-Good,19,3,False,0.0,Standard Servicing
APP-503356,Active,4,1,False,0.0,Standard Servicing
APP-503357,Written-Off,942,9,False,116509.12,Collections/Recovery
APP-503358,Closed-Good,21,2,False,0.0,Standard Servicing
APP-503359,Active,13,4,False,0.0,Standard Servicing
APP-503360,Active,18,4,False,0.0,Standard Servicing
APP-503361,Closed-Good,15,3,False,0.0,Standard Servicing
APP-503362,Active,6,1,False,0.0,Standard Servicing
APP-503363,Active,22,5,False,0.0,Standard Servicing
APP-503364,Written-Off,816,5,False,55784.96,Collections/Recovery
APP-503365,Closed-Good,23,6,False,0.0,Standard Servicing
APP-503366,Active,22,2,False,0.0,Standard Servicing
APP-503367,Active,17,1,False,0.0,Standard Servicing
APP-503368,Closed-Good,22,2,False,0.0,Standard Servicing
APP-503369,Active,0,0,False,0.0,Standard Servicing
APP-503370,Active,0,0,False,0.0,Standard Servicing
APP-503371,Active,23,5,False,0.0,Standard Servicing
APP-503372,Active,21,2,False,0.0,Standard Servicing
APP-503373,Closed-Good,21,4,False,0.0,Standard Servicing
APP-503374,Closed-Good,18,4,False,0.0,Standard Servicing
APP-503375,Closed-Good,16,2,False,0.0,Standard Servicing
APP-503376,Closed-Good,0,0,False,0.0,Standard Servicing
APP-503377,Active,1,1,False,0.0,Standard Servicing
APP-503378,Written-Off,535,20,False,13224.57,Collections/Recovery
APP-503379,Active,17,4,False,0.0,Standard Servicing
APP-503380,Active,24,5,False,0.0,Standard Servicing
APP-503381,Active,17,3,False,0.0,Standard Servicing
APP-503382,Active,10,2,False,0.0,Standard Servicing
APP-503383,Active,19,1,False,0.0,Standard Servicing
APP-503384,Closed-Good,19,1,False,0.0,Standard Servicing
APP-503385,Closed-Good,22,1,False,0.0,Standard Servicing
APP-503386,Active,16,2,False,0.0,Standard Servicing
APP-503387,Active,23,3,False,0.0,Standard Servicing
APP-503388,Closed-Good,1,1,False,0.0,Standard Servicing
APP-503389,Active,17,1,False,0.0,Standard Servicing
APP-503390,Written-Off,183,10,True,51888.67,Collections/Recovery
APP-503391,Active,18,4,False,0.0,Standard Servicing
APP-503392,Active,0,0,False,0.0,Standard Servicing
APP-503393,Active,21,2,False,0.0,Standard Servicing
APP-503394,Active,0,0,False,0.0,Standard Servicing
APP-503395,Active,22,3,False,0.0,Standard Servicing
APP-503396,Closed-Good,20,3,False,0.0,Standard Servicing
APP-503397,Closed-Good,13,4,False,0.0,Standard Servicing
APP-503398,Active,14,1,False,0.0,Standard Servicing
APP-503399,Closed-Good,17,2,False,0.0,Standard Servicing
APP-503400,Written-Off,1012,9,False,56041.82,Standard Servicing
APP-503401,Written-Off,513,16,False,25041.68,Collections/Recovery
APP-503402,Written-Off,276,15,True,16733.91,Collections/Recovery
APP-503403,Active,24,2,False,0.0,Standard Servicing
APP-503404,Active,22,1,False,0.0,Standard Servicing
APP-503405,Active,21,1,False,0.0,Standard Servicing
APP-503406,Active,21,3,False,0.0,Standard Servicing
APP-503407,Closed-Good,11,3,False,0.0,Standard Servicing
APP-503408,Closed-Good,2,1,False,0.0,Standard Servicing
APP-503409,Closed-Good,23,3,False,0.0,Standard Servicing
APP-503410,Closed-Good,0,0,False,0.0,Standard Servicing
APP-503411,Closed-Good,20,4,False,0.0,Standard Servicing
APP-503412,Active,3,1,False,0.0,Standard Servicing
APP-503413,Closed-Good,2,1,False,0.0,Standard Servicing
APP-503414,Written-Off,620,23,False,54391.57,Standard Servicing
APP-503415,Closed-Good,20,3,False,0.0,Standard Servicing
APP-503416,Active,16,1,False,0.0,Standard Servicing
APP-503417,Written-Off,209,10,False,54052.99,Collections/Recovery
APP-503418,Written-Off,276,12,False,9140.52,Collections/Recovery
APP-503419,Closed-Good,19,5,False,0.0,Standard Servicing
APP-503420,Closed-Good,0,0,False,0.0,Standard Servicing
APP-503421,Active,19,1,False,0.0,Standard Servicing
APP-503422,Closed-Good,19,3,False,0.0,Standard Servicing
APP-503423,Active,0,0,False,0.0,Standard Servicing
APP-503424,Closed-Good,20,3,False,0.0,Standard Servicing
APP-503425,Closed-Good,21,3,False,0.0,Standard Servicing
APP-503426,Active,9,1,False,0.0,Standard Servicing
APP-503427,Closed-Good,24,3,False,0.0,Standard Servicing
APP-503428,Closed-Good,22,2,False,0.0,Standard Servicing
APP-503429,Active,23,4,False,0.0,Standard Servicing
APP-503430,Active,11,4,False,0.0,Standard Servicing
APP-503431,Active,22,2,False,0.0,Standard Servicing
APP-503432,Active,22,1,False,0.0,Standard Servicing
APP-503433,Active,0,0,False,0.0,Standard Servicing
APP-503434,Closed-Good,13,2,False,0.0,Standard Servicing
APP-503435,Closed-Good,0,0,False,0.0,Standard Servicing
APP-503436,Defaulted,126,7,False,14941.24,Collections/Recovery
APP-503437,Active,18,2,False,0.0,Standard Servicing
APP-503438,Closed-Good,22,3,False,0.0,Standard Servicing
APP-503439,Closed-Good,24,1,False,0.0,Standard Servicing
APP-503440,Defaulted,126,9,False,2349.68,Standard Servicing
APP-503441,Active,20,1,False,0.0,Standard Servicing
APP-503442,Closed-Good,22,4,False,0.0,Standard Servicing
APP-503443,Closed-Good,0,0,False,0.0,Standard Servicing
APP-503444,Active,10,2,False,0.0,Standard Servicing
APP-503445,Active,0,0,False,0.0,Standard Servicing
APP-503446,Closed-Good,7,1,False,0.0,Standard Servicing
APP-503447,Closed-Good,16,2,False,0.0,Standard Servicing
APP-503448,Active,15,1,False,0.0,Standard Servicing
APP-503449,Closed-Good,5,1,False,0.0,Standard Servicing
APP-503450,Active,9,1,False,0.0,Standard Servicing
APP-503451,Active,12,4,False,0.0,Standard Servicing
APP-503452,Closed-Good,24,2,False,0.0,Standard Servicing
APP-503453,Active,11,1,False,0.0,Standard Servicing
APP-503454,Active,21,4,False,0.0,Standard Servicing
APP-503455,Active,21,5,False,0.0,Standard Servicing
APP-503456,Defaulted,178,10,False,14137.58,Standard Servicing
APP-503457,Closed-Good,17,2,False,0.0,Standard Servicing
APP-503458,Active,0,0,False,0.0,Standard Servicing
APP-503459,Active,0,0,False,0.0,Standard Servicing
APP-503460,Written-Off,868,21,False,45930.27,Collections/Recovery
APP-503461,Closed-Good,17,5,False,0.0,Standard Servicing
APP-503462,Closed-Good,21,1,False,0.0,Standard Servicing
APP-503463,Active,20,1,False,0.0,Standard Servicing
APP-503464,Active,23,2,False,0.0,Standard Servicing
APP-503465,Defaulted,89,5,False,42405.7,Collections/Recovery
APP-503466,Active,21,4,False,0.0,Standard Servicing
APP-503467,Active,20,3,False,0.0,Standard Servicing
APP-503468,Closed-Good,15,1,False,0.0,Standard Servicing
APP-503469,Closed-Good,16,1,False,0.0,Standard Servicing
APP-503470,Closed-Good,23,2,False,0.0,Standard Servicing
APP-503471,Written-Off,682,20,False,16166.55,Collections/Recovery
APP-503472,Closed-Good,2,1,False,0.0,Standard Servicing
APP-503473,Closed-Good,0,0,False,0.0,Standard Servicing
APP-503474,Active,23,1,False,0.0,Standard Servicing
APP-503475,Closed-Good,0,0,False,0.0,Standard Servicing
APP-503476,Closed-Good,9,2,False,0.0,Standard Servicing
APP-503477,Closed-Good,22,1,False,0.0,Standard Servicing
APP-503478,Active,23,1,False,0.0,Standard Servicing
APP-503479,Closed-Good,24,4,False,0.0,Standard Servicing
APP-503480,Closed-Good,15,2,False,0.0,Standard Servicing
APP-503481,Active,11,2,False,0.0,Standard Servicing
APP-503482,Active,0,0,False,0.0,Standard Servicing
APP-503483,Active,24,3,False,0.0,Standard Servicing
APP-503484,Closed-Good,3,1,False,0.0,Standard Servicing
APP-503485,Active,24,2,False,0.0,Standard Servicing
APP-503486,Closed-Good,0,0,False,0.0,Standard Servicing
APP-503487,Closed-Good,21,2,False,0.0,Standard Servicing
APP-503488,Active,22,1,False,0.0,Standard Servicing
APP-503489,Written-Off,199,8,True,10456.83,Standard Servicing
APP-503490,Closed-Good,18,4,False,0.0,Standard Servicing
APP-503491,Active,10,1,False,0.0,Standard Servicing
APP-503492,Active,13,2,False,0.0,Standard Servicing
APP-503493,Active,0,0,False,0.0,Standard Servicing
APP-503494,Closed-Good,20,2,False,0.0,Standard Servicing
APP-503495,Active,22,2,False,0.0,Standard Servicing
APP-503496,Active,20,3,False,0.0,Standard Servicing
APP-503497,Closed-Good,5,1,False,0.0,Standard Servicing
APP-503498,Active,0,0,False,0.0,Standard Servicing
APP-503499,Active,0,0,False,0.0,Standard Servicing
APP-503500,Active,24,5,False,0.0,Standard Servicing
APP-503501,Active,21,4,False,0.0,Standard Servicing
APP-503502,Active,0,0,False,0.0,Standard Servicing
APP-503503,Active,19,3,False,0.0,Standard Servicing
APP-503504,Active,13,1,False,0.0,Standard Servicing
APP-503505,Closed-Good,17,2,False,0.0,Standard Servicing
APP-503506,Closed-Good,20,2,False,0.0,Standard Servicing
APP-503507,Written-Off,326,15,False,69712.53,Standard Servicing
APP-503508,Closed-Good,3,1,False,0.0,Standard Servicing
APP-503509,Active,10,1,False,0.0,Standard Servicing
APP-503510,Active,24,4,False,0.0,Standard Servicing
APP-503511,Active,10,1,False,0.0,Standard Servicing
APP-503512,Active,13,3,False,0.0,Standard Servicing
APP-503513,Closed-Good,21,4,False,0.0,Standard Servicing
APP-503514,Active,19,2,False,0.0,Standard Servicing
APP-503515,Active,9,2,False,0.0,Standard Servicing
APP-503516,Active,19,1,False,0.0,Standard Servicing
APP-503517,Active,23,2,False,0.0,Standard Servicing
APP-503518,Written-Off,971,35,False,153075.69,Collections/Recovery
APP-503519,Closed-Good,7,1,False,0.0,Standard Servicing
APP-503520,Active,24,6,False,0.0,Standard Servicing
APP-503521,Active,11,2,False,0.0,Standard Servicing
APP-503522,Active,13,1,False,0.0,Standard Servicing
APP-503523,Active,0,0,False,0.0,Standard Servicing
APP-503524,Closed-Good,9,1,False,0.0,Standard Servicing
APP-503525,Active,17,2,False,0.0,Standard Servicing
APP-503526,Closed-Good,0,0,False,0.0,Standard Servicing
APP-503527,Active,24,3,False,0.0,Standard Servicing
APP-503528,Active,19,2,False,0.0,Standard Servicing
APP-503529,Active,13,1,False,0.0,Standard Servicing
APP-503530,Active,21,1,False,0.0,Standard Servicing
APP-503531,Closed-Good,23,3,False,0.0,Standard Servicing
APP-503532,Active,17,1,False,0.0,Standard Servicing
APP-503533,Closed-Good,0,0,False,0.0,Standard Servicing
APP-503534,Active,22,2,False,0.0,Standard Servicing
APP-503535,Closed-Good,24,2,False,0.0,Standard Servicing
APP-503536,Closed-Good,13,2,False,0.0,Standard Servicing
APP-503537,Closed-Good,22,4,False,0.0,Standard Servicing
APP-503538,Closed-Good,3,1,False,0.0,Standard Servicing
APP-503539,Active,22,3,False,0.0,Standard Servicing
APP-503540,Closed-Good,13,3,False,0.0,Standard Servicing
APP-503541,Active,0,0,False,0.0,Standard Servicing
APP-503542,Active,21,1,False,0.0,Standard Servicing
APP-503543,Defaulted,106,7,False,67767.78,Collections/Recovery
APP-503544,Active,18,1,False,0.0,Standard Servicing
APP-503545,Active,21,4,False,0.0,Standard Servicing
APP-503546,Active,7,1,False,0.0,Standard Servicing
APP-503547,Active,2,1,False,0.0,Standard Servicing
APP-503548,Active,10,1,False,0.0,Standard Servicing
APP-503549,Active,0,0,False,0.0,Standard Servicing
APP-503550,Active,3,1,False,0.0,Standard Servicing
APP-503551,Closed-Good,7,2,False,0.0,Standard Servicing
APP-503552,Closed-Good,16,5,False,0.0,Standard Servicing
APP-503553,Closed-Good,15,1,False,0.0,Standard Servicing
APP-503554,Active,13,1,False,0.0,Standard Servicing
APP-503555,Closed-Good,9,2,False,0.0,Standard Servicing
APP-503556,Active,21,3,False,0.0,Standard Servicing
APP-503557,Closed-Good,18,1,False,0.0,Standard Servicing
APP-503558,Active,13,1,False,0.0,Standard Servicing
APP-503559,Closed-Good,2,1,False,0.0,Standard Servicing
APP-503560,Active,0,0,False,0.0,Standard Servicing
APP-503561,Closed-Good,13,4,False,0.0,Standard Servicing
APP-503562,Active,0,0,False,0.0,Standard Servicing
APP-503563,Closed-Good,22,4,False,0.0,Standard Servicing
APP-503564,Written-Off,705,26,False,17526.4,Collections/Recovery
APP-503565,Active,0,0,False,0.0,Standard Servicing
APP-503566,Closed-Good,0,0,False,0.0,Standard Servicing
APP-503567,Active,4,2,False,0.0,Standard Servicing
APP-503568,Active,16,2,False,0.0,Standard Servicing
APP-503569,Closed-Good,17,2,False,0.0,Standard Servicing
APP-503570,Closed-Good,13,2,False,0.0,Standard Servicing
APP-503571,Written-Off,955,19,False,6437.88,Collections/Recovery
APP-503572,Active,18,3,False,0.0,Standard Servicing
APP-503573,Active,24,1,False,0.0,Standard Servicing
APP-503574,Written-Off,474,16,True,18825.55,Collections/Recovery
APP-503575,Closed-Good,3,1,False,0.0,Standard Servicing
APP-503576,Closed-Good,6,1,False,0.0,Standard Servicing
APP-503577,Closed-Good,19,1,False,0.0,Standard Servicing
APP-503578,Active,24,4,False,0.0,Standard Servicing
APP-503579,Written-Off,486,7,False,24632.32,Collections/Recovery
APP-503580,Closed-Good,0,0,False,0.0,Standard Servicing
APP-503581,Closed-Good,15,3,False,0.0,Standard Servicing
APP-503582,Active,14,2,False,0.0,Standard Servicing
APP-503583,Active,0,0,False,0.0,Standard Servicing
APP-503584,Written-Off,355,14,False,54517.48,Collections/Recovery
APP-503585,Active,9,2,False,0.0,Standard Servicing
APP-503586,Closed-Good,19,2,False,0.0,Standard Servicing
APP-503587,Active,16,3,False,0.0,Standard Servicing
APP-503588,Active,0,0,False,0.0,Standard Servicing
APP-503589,Active,24,1,False,0.0,Standard Servicing
APP-503590,Active,23,1,False,0.0,Standard Servicing
APP-503591,Active,22,5,False,0.0,Standard Servicing
APP-503592,Written-Off,666,23,False,21653.73,Collections/Recovery
APP-503593,Closed-Good,22,4,False,0.0,Standard Servicing
APP-503594,Active,0,0,False,0.0,Standard Servicing
APP-503595,Active,20,2,False,0.0,Standard Servicing
APP-503596,Active,0,0,False,0.0,Standard Servicing
APP-503597,Active,3,2,False,0.0,Standard Servicing
APP-503598,Active,24,1,False,0.0,Standard Servicing
APP-503599,Active,19,1,False,0.0,Standard Servicing
APP-503600,Closed-Good,24,5,False,0.0,Standard Servicing
APP-503601,Active,14,5,False,0.0,Standard Servicing
APP-503602,Closed-Good,5,2,False,0.0,Standard Servicing
APP-503603,Written-Off,744,28,False,5710.69,Collections/Recovery
APP-503604,Active,4,1,False,0.0,Standard Servicing
APP-503605,Closed-Good,15,4,False,0.0,Standard Servicing
APP-503606,Closed-Good,0,0,False,0.0,Standard Servicing
APP-503607,Active,21,2,False,0.0,Standard Servicing
APP-503608,Closed-Good,12,1,False,0.0,Standard Servicing
APP-503609,Active,21,3,False,0.0,Standard Servicing
APP-503610,Closed-Good,21,2,False,0.0,Standard Servicing
APP-503611,Closed-Good,14,1,False,0.0,Standard Servicing
APP-503612,Active,17,1,False,0.0,Standard Servicing
APP-503613,Active,0,0,False,0.0,Standard Servicing
APP-503614,Active,0,0,False,0.0,Standard Servicing
APP-503615,Closed-Good,22,3,False,0.0,Standard Servicing
APP-503616,Active,0,0,False,0.0,Standard Servicing
APP-503617,Closed-Good,5,1,False,0.0,Standard Servicing
APP-503618,Closed-Good,13,4,False,0.0,Standard Servicing
APP-503619,Closed-Good,1,1,False,0.0,Standard Servicing
APP-503620,Active,21,1,False,0.0,Standard Servicing
APP-503621,Closed-Good,18,4,False,0.0,Standard Servicing
APP-503622,Active,0,0,False,0.0,Standard Servicing
APP-503623,Closed-Good,21,5,False,0.0,Standard Servicing
APP-503624,Active,13,3,False,0.0,Standard Servicing
APP-503625,Active,15,3,False,0.0,Standard Servicing
APP-503626,Closed-Good,0,0,False,0.0,Standard Servicing
APP-503627,Closed-Good,14,2,False,0.0,Standard Servicing
APP-503628,Active,19,3,False,0.0,Standard Servicing
APP-503629,Closed-Good,20,5,False,0.0,Standard Servicing
APP-503630,Closed-Good,13,2,False,0.0,Standard Servicing
APP-503631,Active,24,2,False,0.0,Standard Servicing
APP-503632,Active,7,2,False,0.0,Standard Servicing
APP-503633,Active,21,3,False,0.0,Standard Servicing
APP-503634,Active,0,0,False,0.0,Standard Servicing
APP-503635,Closed-Good,17,3,False,0.0,Standard Servicing
APP-503636,Defaulted,112,7,True,19433.54,Collections/Recovery
APP-503637,Closed-Good,5,1,False,0.0,Standard Servicing
APP-503638,Closed-Good,24,5,False,0.0,Standard Servicing
APP-503639,Active,17,2,False,0.0,Standard Servicing
APP-503640,Active,17,1,False,0.0,Standard Servicing
APP-503641,Closed-Good,22,3,False,0.0,Standard Servicing
APP-503642,Closed-Good,0,0,False,0.0,Standard Servicing
APP-503643,Active,23,5,False,0.0,Standard Servicing
APP-503644,Closed-Good,0,0,False,0.0,Standard Servicing
APP-503645,Closed-Good,15,1,False,0.0,Standard Servicing
APP-503646,Closed-Good,19,5,False,0.0,Standard Servicing
APP-503647,Closed-Good,0,0,False,0.0,Standard Servicing
APP-503648,Closed-Good,0,0,False,0.0,Standard Servicing
APP-503649,Active,6,2,False,0.0,Standard Servicing
APP-503650,Closed-Good,22,3,False,0.0,Standard Servicing
APP-503651,Closed-Good,10,2,False,0.0,Standard Servicing
APP-503652,Closed-Good,0,0,False,0.0,Standard Servicing
APP-503653,Active,23,3,False,0.0,Standard Servicing
APP-503654,Closed-Good,22,3,False,0.0,Standard Servicing
APP-503655,Closed-Good,0,0,False,0.0,Standard Servicing
APP-503656,Active,14,3,False,0.0,Standard Servicing
APP-503657,Closed-Good,21,3,False,0.0,Standard Servicing
APP-503658,Closed-Good,8,1,False,0.0,Standard Servicing
APP-503659,Closed-Good,15,2,False,0.0,Standard Servicing
APP-503660,Defaulted,90,5,False,6426.86,Collections/Recovery
APP-503661,Active,6,1,False,0.0,Standard Servicing
APP-503662,Closed-Good,24,1,False,0.0,Standard Servicing
APP-503663,Closed-Good,0,0,False,0.0,Standard Servicing
APP-503664,Closed-Good,22,2,False,0.0,Standard Servicing
APP-503665,Active,0,0,False,0.0,Standard Servicing
APP-503666,Active,0,0,False,0.0,Standard Servicing
APP-503667,Active,21,2,False,0.0,Standard Servicing
APP-503668,Active,17,3,False,0.0,Standard Servicing
APP-503669,Active,15,1,False,0.0,Standard Servicing
APP-503670,Closed-Good,0,0,False,0.0,Standard Servicing
APP-503671,Closed-Good,18,2,False,0.0,Standard Servicing
APP-503672,Active,22,3,False,0.0,Standard Servicing
APP-503673,Active,23,3,False,0.0,Standard Servicing
APP-503674,Closed-Good,20,1,False,0.0,Standard Servicing
APP-503675,Closed-Good,12,3,False,0.0,Standard Servicing
APP-503676,Active,1,1,False,0.0,Standard Servicing
APP-503677,Closed-Good,24,3,False,0.0,Standard Servicing
APP-503678,Active,23,4,False,0.0,Standard Servicing
APP-503679,Active,11,1,False,0.0,Standard Servicing
APP-503680,Written-Off,427,17,False,20560.36,Collections/Recovery
APP-503681,Active,0,0,False,0.0,Standard Servicing
APP-503682,Closed-Good,3,1,False,0.0,Standard Servicing
APP-503683,Active,7,2,False,0.0,Standard Servicing
APP-503684,Active,14,2,False,0.0,Standard Servicing
APP-503685,Closed-Good,0,0,False,0.0,Standard Servicing
APP-503686,Closed-Good,8,2,False,0.0,Standard Servicing
APP-503687,Closed-Good,0,0,False,0.0,Standard Servicing
APP-503688,Closed-Good,6,1,False,0.0,Standard Servicing
APP-503689,Closed-Good,21,3,False,0.0,Standard Servicing
APP-503690,Active,6,1,False,0.0,Standard Servicing
APP-503691,Active,14,2,False,0.0,Standard Servicing
APP-503692,Active,22,3,False,0.0,Standard Servicing
APP-503693,Active,4,2,False,0.0,Standard Servicing
APP-503694,Active,24,1,False,0.0,Standard Servicing
APP-503695,Active,9,2,False,0.0,Standard Servicing
APP-503696,Closed-Good,23,3,False,0.0,Standard Servicing
APP-503697,Defaulted,89,5,False,2397.47,Collections/Recovery
APP-503698,Closed-Good,21,3,False,0.0,Standard Servicing
APP-503699,Active,24,4,False,0.0,Standard Servicing
APP-503700,Active,24,5,False,0.0,Standard Servicing
APP-503701,Closed-Good,24,1,False,0.0,Standard Servicing
APP-503702,Active,1,1,False,0.0,Standard Servicing
APP-503703,Active,17,1,False,0.0,Standard Servicing
APP-503704,Active,19,1,False,0.0,Standard Servicing
APP-503705,Closed-Good,14,2,False,0.0,Standard Servicing
APP-503706,Active,21,3,False,0.0,Standard Servicing
APP-503707,Active,15,4,False,0.0,Standard Servicing
APP-503708,Closed-Good,12,2,False,0.0,Standard Servicing
APP-503709,Active,15,3,False,0.0,Standard Servicing
APP-503710,Defaulted,96,6,False,44512.73,Collections/Recovery
APP-503711,Active,13,3,False,0.0,Standard Servicing
APP-503712,Active,23,1,False,0.0,Standard Servicing
APP-503713,Closed-Good,17,1,False,0.0,Standard Servicing
APP-503714,Active,7,1,False,0.0,Standard Servicing
APP-503715,Closed-Good,20,3,False,0.0,Standard Servicing
APP-503716,Active,0,0,False,0.0,Standard Servicing
APP-503717,Active,1,1,False,0.0,Standard Servicing
APP-503718,Written-Off,958,12,False,43069.29,Collections/Recovery
APP-503719,Closed-Good,12,2,False,0.0,Standard Servicing
APP-503720,Closed-Good,7,1,False,0.0,Standard Servicing
APP-503721,Closed-Good,20,1,False,0.0,Standard Servicing
APP-503722,Active,3,1,False,0.0,Standard Servicing
APP-503723,Written-Off,717,27,False,18944.63,Collections/Recovery
APP-503724,Active,24,5,False,0.0,Standard Servicing
APP-503725,Closed-Good,3,1,False,0.0,Standard Servicing
APP-503726,Active,2,1,False,0.0,Standard Servicing
APP-503727,Active,0,0,False,0.0,Standard Servicing
APP-503728,Closed-Good,7,1,False,0.0,Standard Servicing
APP-503729,Active,16,3,False,0.0,Standard Servicing
APP-503730,Closed-Good,11,1,False,0.0,Standard Servicing
APP-503731,Closed-Good,14,2,False,0.0,Standard Servicing
APP-503732,Active,19,2,False,0.0,Standard Servicing
APP-503733,Active,24,2,False,0.0,Standard Servicing
APP-503734,Active,15,3,False,0.0,Standard Servicing
APP-503735,Closed-Good,19,2,False,0.0,Standard Servicing
APP-503736,Closed-Good,0,0,False,0.0,Standard Servicing
APP-503737,Closed-Good,21,4,False,0.0,Standard Servicing
APP-503738,Closed-Good,19,2,False,0.0,Standard Servicing
APP-503739,Active,0,0,False,0.0,Standard Servicing
APP-503740,Closed-Good,0,0,False,0.0,Standard Servicing
APP-503741,Active,21,4,False,0.0,Standard Servicing
APP-503742,Active,12,2,False,0.0,Standard Servicing
APP-503743,Active,20,4,False,0.0,Standard Servicing
APP-503744,Active,21,3,False,0.0,Standard Servicing
APP-503745,Closed-Good,15,2,False,0.0,Standard Servicing
APP-503746,Active,21,3,False,0.0,Standard Servicing
APP-503747,Active,0,0,False,0.0,Standard Servicing
APP-503748,Active,22,3,False,0.0,Standard Servicing
APP-503749,Active,0,0,False,0.0,Standard Servicing
APP-503750,Closed-Good,23,2,False,0.0,Standard Servicing
APP-503751,Active,0,0,False,0.0,Standard Servicing
APP-503752,Written-Off,1078,33,False,40413.24,Collections/Recovery
APP-503753,Active,20,2,False,0.0,Standard Servicing
APP-503754,Active,23,3,False,0.0,Standard Servicing
APP-503755,Closed-Good,18,3,False,0.0,Standard Servicing
APP-503756,Closed-Good,23,1,False,0.0,Standard Servicing
APP-503757,Active,15,3,False,0.0,Standard Servicing
APP-503758,Closed-Good,1,1,False,0.0,Standard Servicing
APP-503759,Active,14,2,False,0.0,Standard Servicing
APP-503760,Closed-Good,22,3,False,0.0,Standard Servicing
APP-503761,Defaulted,6,2,True,29253.87,Collections/Recovery
APP-503762,Active,19,3,False,0.0,Standard Servicing
APP-503763,Active,20,1,False,0.0,Standard Servicing
APP-503764,Active,10,1,False,0.0,Standard Servicing
APP-503765,Active,17,2,False,0.0,Standard Servicing
APP-503766,Closed-Good,20,2,False,0.0,Standard Servicing
APP-503767,Active,23,3,False,0.0,Standard Servicing
APP-503768,Active,10,1,False,0.0,Standard Servicing
APP-503769,Closed-Good,11,2,False,0.0,Standard Servicing
APP-503770,Active,0,0,False,0.0,Standard Servicing
APP-503771,Closed-Good,15,3,False,0.0,Standard Servicing
APP-503772,Active,3,1,False,0.0,Standard Servicing
APP-503773,Active,15,3,False,0.0,Standard Servicing
APP-503774,Closed-Good,0,0,False,0.0,Standard Servicing
APP-503775,Closed-Good,17,3,False,0.0,Standard Servicing
APP-503776,Active,22,1,False,0.0,Standard Servicing
APP-503777,Closed-Good,22,1,False,0.0,Standard Servicing
APP-503778,Closed-Good,20,3,False,0.0,Standard Servicing
APP-503779,Closed-Good,14,1,False,0.0,Standard Servicing
APP-503780,Active,4,1,False,0.0,Standard Servicing
APP-503781,Active,0,0,False,0.0,Standard Servicing
APP-503782,Active,16,5,False,0.0,Standard Servicing
APP-503783,Active,6,1,False,0.0,Standard Servicing
APP-503784,Active,15,1,False,0.0,Standard Servicing
APP-503785,Active,18,1,False,0.0,Standard Servicing
APP-503786,Written-Off,409,17,False,4249.21,Collections/Recovery
APP-503787,Closed-Good,0,0,False,0.0,Standard Servicing
APP-503788,Closed-Good,12,1,False,0.0,Standard Servicing
APP-503789,Active,19,1,False,0.0,Standard Servicing
APP-503790,Closed-Good,17,1,False,0.0,Standard Servicing
APP-503791,Closed-Good,15,1,False,0.0,Standard Servicing
APP-503792,Closed-Good,2,1,False,0.0,Standard Servicing
APP-503793,Active,7,1,False,0.0,Standard Servicing
APP-503794,Closed-Good,18,3,False,0.0,Standard Servicing
APP-503795,Closed-Good,21,4,False,0.0,Standard Servicing
APP-503796,Closed-Good,21,2,False,0.0,Standard Servicing
APP-503797,Active,24,2,False,0.0,Standard Servicing
APP-503798,Active,8,1,False,0.0,Standard Servicing
APP-503799,Closed-Good,22,2,False,0.0,Standard Servicing
APP-503800,Written-Off,769,21,False,32616.65,Collections/Recovery
APP-503801,Active,11,1,False,0.0,Standard Servicing
APP-503802,Closed-Good,11,2,False,0.0,Standard Servicing
APP-503803,Written-Off,349,14,False,41948.25,Collections/Recovery
APP-503804,Closed-Good,16,6,False,0.0,Standard Servicing
APP-503805,Closed-Good,0,0,False,0.0,Standard Servicing
APP-503806,Active,23,1,False,0.0,Standard Servicing
APP-503807,Active,8,4,False,0.0,Standard Servicing
APP-503808,Closed-Good,16,2,False,0.0,Standard Servicing
APP-503809,Active,16,2,False,0.0,Standard Servicing
APP-503810,Closed-Good,18,4,False,0.0,Standard Servicing
APP-503811,Closed-Good,16,4,False,0.0,Standard Servicing
APP-503812,Closed-Good,22,3,False,0.0,Standard Servicing
APP-503813,Active,16,6,False,0.0,Standard Servicing
APP-503814,Closed-Good,24,5,False,0.0,Standard Servicing
APP-503815,Active,23,1,False,0.0,Standard Servicing
APP-503816,Closed-Good,23,1,False,0.0,Standard Servicing
APP-503817,Closed-Good,0,0,False,0.0,Standard Servicing
APP-503818,Closed-Good,23,5,False,0.0,Standard Servicing
APP-503819,Active,12,3,False,0.0,Standard Servicing
APP-503820,Active,9,1,False,0.0,Standard Servicing
APP-503821,Active,0,0,False,0.0,Standard Servicing
APP-503822,Active,11,2,False,0.0,Standard Servicing
APP-503823,Closed-Good,21,1,False,0.0,Standard Servicing
APP-503824,Active,18,1,False,0.0,Standard Servicing
APP-503825,Written-Off,319,4,False,67007.44,Collections/Recovery
APP-503826,Closed-Good,10,2,False,0.0,Standard Servicing
APP-503827,Active,21,1,False,0.0,Standard Servicing
APP-503828,Closed-Good,21,1,False,0.0,Standard Servicing
APP-503829,Closed-Good,21,3,False,0.0,Standard Servicing
APP-503830,Closed-Good,23,4,False,0.0,Standard Servicing
APP-503831,Active,3,1,False,0.0,Standard Servicing
APP-503832,Active,0,0,False,0.0,Standard Servicing
APP-503833,Active,18,2,False,0.0,Standard Servicing
APP-503834,Closed-Good,7,3,False,0.0,Standard Servicing
APP-503835,Active,18,4,False,0.0,Standard Servicing
APP-503836,Active,24,3,False,0.0,Standard Servicing
APP-503837,Active,22,3,False,0.0,Standard Servicing
APP-503838,Written-Off,759,28,True,18066.21,Collections/Recovery
APP-503839,Written-Off,889,6,True,5703.27,Collections/Recovery
APP-503840,Closed-Good,7,2,False,0.0,Standard Servicing
APP-503841,Closed-Good,0,0,False,0.0,Standard Servicing
APP-503842,Closed-Good,2,1,False,0.0,Standard Servicing
APP-503843,Active,21,3,False,0.0,Standard Servicing
APP-503844,Active,23,1,False,0.0,Standard Servicing
APP-503845,Closed-Good,12,1,False,0.0,Standard Servicing
APP-503846,Active,0,0,False,0.0,Standard Servicing
APP-503847,Active,23,1,False,0.0,Standard Servicing
APP-503848,Active,20,2,False,0.0,Standard Servicing
APP-503849,Closed-Good,3,1,False,0.0,Standard Servicing
APP-503850,Active,1,1,False,0.0,Standard Servicing
APP-503851,Active,18,2,False,0.0,Standard Servicing
APP-503852,Closed-Good,10,2,False,0.0,Standard Servicing
APP-503853,Active,24,3,False,0.0,Standard Servicing
APP-503854,Active,14,4,False,0.0,Standard Servicing
APP-503855,Active,23,1,False,0.0,Standard Servicing
APP-503856,Closed-Good,12,3,False,0.0,Standard Servicing
APP-503857,Closed-Good,18,1,False,0.0,Standard Servicing
APP-503858,Closed-Good,7,2,False,0.0,Standard Servicing
APP-503859,Closed-Good,0,0,False,0.0,Standard Servicing
APP-503860,Written-Off,813,17,False,7472.42,Collections/Recovery
APP-503861,Written-Off,1016,36,False,11146.4,Collections/Recovery
APP-503862,Written-Off,593,6,False,20784.55,Collections/Recovery
APP-503863,Closed-Good,24,5,False,0.0,Standard Servicing
APP-503864,Active,3,2,False,0.0,Standard Servicing
APP-503865,Closed-Good,10,5,False,0.0,Standard Servicing
APP-503866,Closed-Good,0,0,False,0.0,Standard Servicing
APP-503867,Written-Off,478,12,False,63845.08,Collections/Recovery
APP-503868,Active,16,3,False,0.0,Standard Servicing
APP-503869,Active,12,1,False,0.0,Standard Servicing
APP-503870,Active,24,4,False,0.0,Standard Servicing
APP-503871,Active,22,3,False,0.0,Standard Servicing
APP-503872,Active,0,0,False,0.0,Standard Servicing
APP-503873,Active,2,1,False,0.0,Standard Servicing
APP-503874,Active,21,3,False,0.0,Standard Servicing
APP-503875,Active,7,1,False,0.0,Standard Servicing
APP-503876,Closed-Good,0,0,False,0.0,Standard Servicing
APP-503877,Closed-Good,17,1,False,0.0,Standard Servicing
APP-503878,Active,18,3,False,0.0,Standard Servicing
APP-503879,Closed-Good,17,3,False,0.0,Standard Servicing
APP-503880,Active,18,2,False,0.0,Standard Servicing
APP-503881,Active,18,4,False,0.0,Standard Servicing
APP-503882,Active,21,2,False,0.0,Standard Servicing
APP-503883,Active,13,1,False,0.0,Standard Servicing
APP-503884,Active,0,0,False,0.0,Standard Servicing
APP-503885,Active,0,0,False,0.0,Standard Servicing
APP-503886,Closed-Good,23,2,False,0.0,Standard Servicing
APP-503887,Closed-Good,20,1,False,0.0,Standard Servicing
APP-503888,Active,0,0,False,0.0,Standard Servicing
APP-503889,Active,23,1,False,0.0,Standard Servicing
APP-503890,Active,9,1,False,0.0,Standard Servicing
APP-503891,Active,5,1,False,0.0,Standard Servicing
APP-503892,Active,17,1,False,0.0,Standard Servicing
APP-503893,Closed-Good,5,1,False,0.0,Standard Servicing
APP-503894,Closed-Good,19,1,False,0.0,Standard Servicing
APP-503895,Closed-Good,18,4,False,0.0,Standard Servicing
APP-503896,Active,16,1,False,0.0,Standard Servicing
APP-503897,Closed-Good,11,1,False,0.0,Standard Servicing
APP-503898,Active,12,2,False,0.0,Standard Servicing
APP-503899,Active,18,4,False,0.0,Standard Servicing
APP-503900,Closed-Good,4,1,False,0.0,Standard Servicing
APP-503901,Active,20,3,False,0.0,Standard Servicing
APP-503902,Written-Off,669,30,False,13661.87,Collections/Recovery
APP-503903,Closed-Good,21,3,False,0.0,Standard Servicing
APP-503904,Active,11,1,False,0.0,Standard Servicing
APP-503905,Active,0,0,False,0.0,Standard Servicing
APP-503906,Closed-Good,18,2,False,0.0,Standard Servicing
APP-503907,Active,0,0,False,0.0,Standard Servicing
APP-503908,Closed-Good,9,2,False,0.0,Standard Servicing
APP-503909,Closed-Good,4,1,False,0.0,Standard Servicing
APP-503910,Written-Off,526,6,True,35736.88,Collections/Recovery
APP-503911,Closed-Good,1,1,False,0.0,Standard Servicing
APP-503912,Written-Off,1097,22,False,12230.6,Collections/Recovery
APP-503913,Written-Off,544,19,False,19978.09,Collections/Recovery
APP-503914,Closed-Good,20,4,False,0.0,Standard Servicing
APP-503915,Written-Off,409,16,True,866.99,Collections/Recovery
APP-503916,Active,7,2,False,0.0,Standard Servicing
APP-503917,Active,15,3,False,0.0,Standard Servicing
APP-503918,Active,19,1,False,0.0,Standard Servicing
APP-503919,Closed-Good,24,5,False,0.0,Standard Servicing
APP-503920,Active,21,3,False,0.0,Standard Servicing
APP-503921,Written-Off,699,8,True,29968.02,Standard Servicing
APP-503922,Closed-Good,12,1,False,0.0,Standard Servicing
APP-503923,Active,2,2,False,0.0,Standard Servicing
APP-503924,Active,24,2,False,0.0,Standard Servicing
APP-503925,Closed-Good,20,4,False,0.0,Standard Servicing
APP-503926,Written-Off,534,23,False,4063.52,Collections/Recovery
APP-503927,Active,21,2,False,0.0,Standard Servicing
APP-503928,Closed-Good,20,3,False,0.0,Standard Servicing
APP-503929,Closed-Good,0,0,False,0.0,Standard Servicing
APP-503930,Closed-Good,0,0,False,0.0,Standard Servicing
APP-503931,Written-Off,714,23,False,22779.29,Collections/Recovery
APP-503932,Closed-Good,0,0,False,0.0,Standard Servicing
APP-503933,Defaulted,18,1,True,191805.1,Collections/Recovery
APP-503934,Active,12,1,False,0.0,Standard Servicing
APP-503935,Closed-Good,13,1,False,0.0,Standard Servicing
APP-503936,Written-Off,854,27,False,6434.67,Collections/Recovery
APP-503937,Active,5,3,False,0.0,Standard Servicing
APP-503938,Closed-Good,18,2,False,0.0,Standard Servicing
APP-503939,Active,21,1,False,0.0,Standard Servicing
APP-503940,Closed-Good,23,4,False,0.0,Standard Servicing
APP-503941,Closed-Good,10,2,False,0.0,Standard Servicing
APP-503942,Closed-Good,6,1,False,0.0,Standard Servicing
APP-503943,Active,18,4,False,0.0,Standard Servicing
APP-503944,Active,20,2,False,0.0,Standard Servicing
APP-503945,Active,20,3,False,0.0,Standard Servicing
APP-503946,Closed-Good,22,6,False,0.0,Standard Servicing
APP-503947,Active,5,1,False,0.0,Standard Servicing
APP-503948,Active,14,3,False,0.0,Standard Servicing
APP-503949,Defaulted,66,4,False,39742.46,Collections/Recovery
APP-503950,Active,21,3,False,0.0,Standard Servicing
APP-503951,Active,22,1,False,0.0,Standard Servicing
APP-503952,Closed-Good,19,2,False,0.0,Standard Servicing
APP-503953,Active,0,0,False,0.0,Standard Servicing
APP-503954,Active,17,1,False,0.0,Standard Servicing
APP-503955,Closed-Good,23,2,False,0.0,Standard Servicing
APP-503956,Active,17,4,False,0.0,Standard Servicing
APP-503957,Closed-Good,1,1,False,0.0,Standard Servicing
APP-503958,Active,14,2,False,0.0,Standard Servicing
APP-503959,Closed-Good,11,3,False,0.0,Standard Servicing
APP-503960,Active,22,6,False,0.0,Standard Servicing
APP-503961,Active,24,1,False,0.0,Standard Servicing
APP-503962,Active,22,3,False,0.0,Standard Servicing
APP-503963,Active,23,3,False,0.0,Standard Servicing
APP-503964,Closed-Good,24,1,False,0.0,Standard Servicing
APP-503965,Active,22,3,False,0.0,Standard Servicing
APP-503966,Active,20,2,False,0.0,Standard Servicing
APP-503967,Active,17,3,False,0.0,Standard Servicing
APP-503968,Active,11,2,False,0.0,Standard Servicing
APP-503969,Written-Off,313,14,False,49379.21,Collections/Recovery
APP-503970,Written-Off,327,14,False,64707.96,Collections/Recovery
APP-503971,Active,21,5,False,0.0,Standard Servicing
APP-503972,Active,22,1,False,0.0,Standard Servicing
APP-503973,Active,24,2,False,0.0,Standard Servicing
APP-503974,Closed-Good,21,2,False,0.0,Standard Servicing
APP-503975,Active,14,4,False,0.0,Standard Servicing
APP-503976,Active,1,1,False,0.0,Standard Servicing
APP-503977,Active,0,0,False,0.0,Standard Servicing
APP-503978,Closed-Good,6,1,False,0.0,Standard Servicing
APP-503979,Defaulted,33,3,False,23725.14,Collections/Recovery
APP-503980,Closed-Good,11,1,False,0.0,Standard Servicing
APP-503981,Written-Off,611,24,False,4098.64,Collections/Recovery
APP-503982,Active,0,0,False,0.0,Standard Servicing
APP-503983,Active,18,3,False,0.0,Standard Servicing
APP-503984,Closed-Good,0,0,False,0.0,Standard Servicing
APP-503985,Closed-Good,23,2,False,0.0,Standard Servicing
APP-503986,Closed-Good,21,10,False,0.0,Standard Servicing
APP-503987,Active,24,4,False,0.0,Standard Servicing
APP-503988,Closed-Good,0,0,False,0.0,Standard Servicing
APP-503989,Closed-Good,0,0,False,0.0,Standard Servicing
APP-503990,Closed-Good,21,1,False,0.0,Standard Servicing
APP-503991,Active,0,0,False,0.0,Standard Servicing
APP-503992,Closed-Good,21,2,False,0.0,Standard Servicing
APP-503993,Active,17,3,False,0.0,Standard Servicing
APP-503994,Closed-Good,10,1,False,0.0,Standard Servicing
APP-503995,Active,0,0,False,0.0,Standard Servicing
APP-503996,Closed-Good,17,3,False,0.0,Standard Servicing
APP-503997,Closed-Good,23,3,False,0.0,Standard Servicing
APP-503998,Closed-Good,18,1,False,0.0,Standard Servicing
APP-503999,Active,21,3,False,0.0,Standard Servicing
APP-504000,Closed-Good,0,0,False,0.0,Standard Servicing
APP-504001,Active,21,1,False,0.0,Standard Servicing
APP-504002,Active,1,1,False,0.0,Standard Servicing
APP-504003,Active,0,0,False,0.0,Standard Servicing
APP-504004,Active,0,0,False,0.0,Standard Servicing
APP-504005,Closed-Good,0,0,False,0.0,Standard Servicing
APP-504006,Closed-Good,13,1,False,0.0,Standard Servicing
APP-504007,Closed-Good,24,4,False,0.0,Standard Servicing
APP-504008,Active,18,1,False,0.0,Standard Servicing
APP-504009,Closed-Good,7,1,False,0.0,Standard Servicing
APP-504010,Closed-Good,6,1,False,0.0,Standard Servicing
APP-504011,Active,22,4,False,0.0,Standard Servicing
APP-504012,Active,0,0,False,0.0,Standard Servicing
APP-504013,Closed-Good,10,1,False,0.0,Standard Servicing
APP-504014,Active,21,2,False,0.0,Standard Servicing
APP-504015,Active,9,2,False,0.0,Standard Servicing
APP-504016,Active,0,0,False,0.0,Standard Servicing
APP-504017,Closed-Good,8,1,False,0.0,Standard Servicing
APP-504018,Closed-Good,0,0,False,0.0,Standard Servicing
APP-504019,Written-Off,980,21,False,9023.0,Collections/Recovery
APP-504020,Active,19,4,False,0.0,Standard Servicing
APP-504021,Active,19,5,False,0.0,Standard Servicing
APP-504022,Active,9,1,False,0.0,Standard Servicing
APP-504023,Active,9,4,False,0.0,Standard Servicing
APP-504024,Closed-Good,0,0,False,0.0,Standard Servicing
APP-504025,Closed-Good,19,4,False,0.0,Standard Servicing
APP-504026,Closed-Good,10,5,False,0.0,Standard Servicing
APP-504027,Active,0,0,False,0.0,Standard Servicing
APP-504028,Active,12,5,False,0.0,Standard Servicing
APP-504029,Closed-Good,21,2,False,0.0,Standard Servicing
APP-504030,Closed-Good,8,3,False,0.0,Standard Servicing
APP-504031,Closed-Good,22,2,False,0.0,Standard Servicing
APP-504032,Written-Off,406,16,False,9600.13,Collections/Recovery
APP-504033,Closed-Good,16,4,False,0.0,Standard Servicing
APP-504034,Closed-Good,0,0,False,0.0,Standard Servicing
APP-504035,Active,20,5,False,0.0,Standard Servicing
APP-504036,Closed-Good,0,0,False,0.0,Standard Servicing
APP-504037,Closed-Good,22,1,False,0.0,Standard Servicing
APP-504038,Active,5,2,False,0.0,Standard Servicing
APP-504039,Active,16,5,False,0.0,Standard Servicing
APP-504040,Active,24,3,False,0.0,Standard Servicing
APP-504041,Written-Off,388,7,False,17266.21,Collections/Recovery
APP-504042,Closed-Good,0,0,False,0.0,Standard Servicing
APP-504043,Closed-Good,17,2,False,0.0,Standard Servicing
APP-504044,Active,19,1,False,0.0,Standard Servicing
APP-504045,Active,16,3,False,0.0,Standard Servicing
APP-504046,Written-Off,830,23,False,6444.04,Collections/Recovery
APP-504047,Active,22,2,False,0.0,Standard Servicing
APP-504048,Active,22,5,False,0.0,Standard Servicing
APP-504049,Active,24,2,False,0.0,Standard Servicing
APP-504050,Active,9,2,False,0.0,Standard Servicing
APP-504051,Active,17,1,False,0.0,Standard Servicing
APP-504052,Closed-Good,20,3,False,0.0,Standard Servicing
APP-504053,Closed-Good,16,2,False,0.0,Standard Servicing
APP-504054,Closed-Good,22,5,False,0.0,Standard Servicing
APP-504055,Active,0,0,False,0.0,Standard Servicing
APP-504056,Active,18,3,False,0.0,Standard Servicing
APP-504057,Closed-Good,21,2,False,0.0,Standard Servicing
APP-504058,Active,24,1,False,0.0,Standard Servicing
APP-504059,Written-Off,537,22,False,10430.34,Standard Servicing
APP-504060,Active,18,2,False,0.0,Standard Servicing
APP-504061,Closed-Good,21,3,False,0.0,Standard Servicing
APP-504062,Closed-Good,23,7,False,0.0,Standard Servicing
APP-504063,Closed-Good,21,3,False,0.0,Standard Servicing
APP-504064,Active,0,0,False,0.0,Standard Servicing
APP-504065,Active,9,2,False,0.0,Standard Servicing
APP-504066,Active,22,5,False,0.0,Standard Servicing
APP-504067,Closed-Good,15,2,False,0.0,Standard Servicing
APP-504068,Active,11,2,False,0.0,Standard Servicing
APP-504069,Active,15,3,False,0.0,Standard Servicing
APP-504070,Active,16,3,False,0.0,Standard Servicing
APP-504071,Active,0,0,False,0.0,Standard Servicing
APP-504072,Closed-Good,2,1,False,0.0,Standard Servicing
APP-504073,Active,21,3,False,0.0,Standard Servicing
APP-504074,Closed-Good,0,0,False,0.0,Standard Servicing
APP-504075,Active,10,1,False,0.0,Standard Servicing
APP-504076,Active,0,0,False,0.0,Standard Servicing
APP-504077,Written-Off,438,3,False,47416.61,Collections/Recovery
APP-504078,Closed-Good,19,2,False,0.0,Standard Servicing
APP-504079,Active,15,2,False,0.0,Standard Servicing
APP-504080,Closed-Good,24,8,False,0.0,Standard Servicing
APP-504081,Active,24,2,False,0.0,Standard Servicing
APP-504082,Closed-Good,4,4,False,0.0,Standard Servicing
APP-504083,Closed-Good,0,0,False,0.0,Standard Servicing
APP-504084,Closed-Good,11,2,False,0.0,Standard Servicing
APP-504085,Active,19,1,False,0.0,Standard Servicing
APP-504086,Closed-Good,19,4,False,0.0,Standard Servicing
APP-504087,Active,0,0,False,0.0,Standard Servicing
APP-504088,Active,16,2,False,0.0,Standard Servicing
APP-504089,Written-Off,1016,12,False,16199.64,Standard Servicing
APP-504090,Active,21,1,False,0.0,Standard Servicing
APP-504091,Active,0,0,False,0.0,Standard Servicing
APP-504092,Active,20,5,False,0.0,Standard Servicing
APP-504093,Active,20,2,False,0.0,Standard Servicing
APP-504094,Closed-Good,21,3,False,0.0,Standard Servicing
APP-504095,Active,0,0,False,0.0,Standard Servicing
APP-504096,Closed-Good,0,0,False,0.0,Standard Servicing
APP-504097,Active,17,3,False,0.0,Standard Servicing
APP-504098,Active,17,1,False,0.0,Standard Servicing
APP-504099,Closed-Good,17,3,False,0.0,Standard Servicing
APP-504100,Written-Off,919,33,False,105052.1,Collections/Recovery
APP-504101,Written-Off,670,15,False,85301.75,Collections/Recovery
APP-504102,Active,0,0,False,0.0,Standard Servicing
APP-504103,Closed-Good,11,1,False,0.0,Standard Servicing
APP-504104,Closed-Good,19,4,False,0.0,Standard Servicing
APP-504105,Active,6,1,False,0.0,Standard Servicing
APP-504106,Active,21,2,False,0.0,Standard Servicing
APP-504107,Defaulted,49,2,False,27545.31,Collections/Recovery
APP-504108,Closed-Good,24,3,False,0.0,Standard Servicing
APP-504109,Active,3,1,False,0.0,Standard Servicing
APP-504110,Active,24,1,False,0.0,Standard Servicing
APP-504111,Closed-Good,0,0,False,0.0,Standard Servicing
APP-504112,Closed-Good,17,2,False,0.0,Standard Servicing
APP-504113,Active,16,1,False,0.0,Standard Servicing
APP-504114,Active,22,3,False,0.0,Standard Servicing
APP-504115,Closed-Good,15,3,False,0.0,Standard Servicing
APP-504116,Active,0,0,False,0.0,Standard Servicing
APP-504117,Active,20,2,False,0.0,Standard Servicing
APP-504118,Active,9,2,False,0.0,Standard Servicing
APP-504119,Active,16,1,False,0.0,Standard Servicing
APP-504120,Active,10,1,False,0.0,Standard Servicing
APP-504121,Active,0,0,False,0.0,Standard Servicing
APP-504122,Written-Off,755,8,True,36403.78,Collections/Recovery
APP-504123,Active,10,2,False,0.0,Standard Servicing
APP-504124,Closed-Good,9,2,False,0.0,Standard Servicing
APP-504125,Active,12,2,False,0.0,Standard Servicing
APP-504126,Written-Off,819,29,False,66398.71,Collections/Recovery
APP-504127,Closed-Good,23,2,False,0.0,Standard Servicing
APP-504128,Written-Off,976,35,False,45525.47,Collections/Recovery
APP-504129,Active,0,0,False,0.0,Standard Servicing
APP-504130,Active,9,2,False,0.0,Standard Servicing
APP-504131,Closed-Good,23,2,False,0.0,Standard Servicing
APP-504132,Closed-Good,16,1,False,0.0,Standard Servicing
APP-504133,Closed-Good,14,1,False,0.0,Standard Servicing
APP-504134,Closed-Good,22,3,False,0.0,Standard Servicing
APP-504135,Closed-Good,0,0,False,0.0,Standard Servicing
APP-504136,Closed-Good,20,3,False,0.0,Standard Servicing
APP-504137,Closed-Good,0,0,False,0.0,Standard Servicing
APP-504138,Active,23,3,False,0.0,Standard Servicing
APP-504139,Closed-Good,9,1,False,0.0,Standard Servicing
APP-504140,Active,11,1,False,0.0,Standard Servicing
APP-504141,Active,21,7,False,0.0,Standard Servicing
APP-504142,Active,17,5,False,0.0,Standard Servicing
APP-504143,Active,16,3,False,0.0,Standard Servicing
APP-504144,Written-Off,746,27,False,59612.08,Collections/Recovery
APP-504145,Active,24,4,False,0.0,Standard Servicing
APP-504146,Closed-Good,0,0,False,0.0,Standard Servicing
APP-504147,Closed-Good,0,0,False,0.0,Standard Servicing
APP-504148,Active,14,2,False,0.0,Standard Servicing
APP-504149,Closed-Good,22,1,False,0.0,Standard Servicing
APP-504150,Closed-Good,10,2,False,0.0,Standard Servicing
APP-504151,Active,0,0,False,0.0,Standard Servicing
APP-504152,Active,0,0,False,0.0,Standard Servicing
APP-504153,Active,20,3,False,0.0,Standard Servicing
APP-504154,Active,0,0,False,0.0,Standard Servicing
APP-504155,Closed-Good,19,4,False,0.0,Standard Servicing
APP-504156,Closed-Good,20,4,False,0.0,Standard Servicing
APP-504157,Active,11,3,False,0.0,Standard Servicing
APP-504158,Active,24,4,False,0.0,Standard Servicing
APP-504159,Active,0,0,False,0.0,Standard Servicing
APP-504160,Closed-Good,5,1,False,0.0,Standard Servicing
APP-504161,Closed-Good,19,2,False,0.0,Standard Servicing
APP-504162,Active,22,3,False,0.0,Standard Servicing
APP-504163,Active,1,1,False,0.0,Standard Servicing
APP-504164,Active,22,2,False,0.0,Standard Servicing
APP-504165,Closed-Good,24,2,False,0.0,Standard Servicing
APP-504166,Active,24,2,False,0.0,Standard Servicing
APP-504167,Active,6,1,False,0.0,Standard Servicing
APP-504168,Closed-Good,22,3,False,0.0,Standard Servicing
APP-504169,Closed-Good,24,1,False,0.0,Standard Servicing
APP-504170,Closed-Good,7,3,False,0.0,Standard Servicing
APP-504171,Closed-Good,21,2,False,0.0,Standard Servicing
APP-504172,Closed-Good,24,1,False,0.0,Standard Servicing
APP-504173,Closed-Good,18,4,False,0.0,Standard Servicing
APP-504174,Closed-Good,16,3,False,0.0,Standard Servicing
APP-504175,Closed-Good,0,0,False,0.0,Standard Servicing
APP-504176,Closed-Good,24,2,False,0.0,Standard Servicing
APP-504177,Closed-Good,0,0,False,0.0,Standard Servicing
APP-504178,Active,0,0,False,0.0,Standard Servicing
APP-504179,Active,12,2,False,0.0,Standard Servicing
APP-504180,Closed-Good,0,0,False,0.0,Standard Servicing
APP-504181,Active,4,1,False,0.0,Standard Servicing
APP-504182,Closed-Good,22,3,False,0.0,Standard Servicing
APP-504183,Closed-Good,22,1,False,0.0,Standard Servicing
APP-504184,Active,9,2,False,0.0,Standard Servicing
APP-504185,Closed-Good,0,0,False,0.0,Standard Servicing
APP-504186,Closed-Good,24,2,False,0.0,Standard Servicing
APP-504187,Active,8,2,False,0.0,Standard Servicing
APP-504188,Active,16,3,False,0.0,Standard Servicing
APP-504189,Closed-Good,24,4,False,0.0,Standard Servicing
APP-504190,Closed-Good,23,2,False,0.0,Standard Servicing
APP-504191,Closed-Good,24,5,False,0.0,Standard Servicing
APP-504192,Active,0,0,False,0.0,Standard Servicing
APP-504193,Closed-Good,16,1,False,0.0,Standard Servicing
APP-504194,Active,18,1,False,0.0,Standard Servicing
APP-504195,Closed-Good,7,1,False,0.0,Standard Servicing
APP-504196,Closed-Good,3,1,False,0.0,Standard Servicing
APP-504197,Active,11,1,False,0.0,Standard Servicing
APP-504198,Written-Off,359,14,True,32793.45,Standard Servicing
APP-504199,Closed-Good,17,3,False,0.0,Standard Servicing
APP-504200,Active,8,3,False,0.0,Standard Servicing
APP-504201,Closed-Good,0,0,False,0.0,Standard Servicing
APP-504202,Active,0,0,False,0.0,Standard Servicing
APP-504203,Active,24,2,False,0.0,Standard Servicing
APP-504204,Active,10,1,False,0.0,Standard Servicing
APP-504205,Closed-Good,0,0,False,0.0,Standard Servicing
APP-504206,Active,9,1,False,0.0,Standard Servicing
APP-504207,Closed-Good,20,1,False,0.0,Standard Servicing
APP-504208,Closed-Good,21,4,False,0.0,Standard Servicing
APP-504209,Active,24,3,False,0.0,Standard Servicing
APP-504210,Closed-Good,0,0,False,0.0,Standard Servicing
APP-504211,Closed-Good,12,1,False,0.0,Standard Servicing
APP-504212,Closed-Good,11,1,False,0.0,Standard Servicing
APP-504213,Active,22,3,False,0.0,Standard Servicing
APP-504214,Written-Off,523,22,False,89802.18,Collections/Recovery
APP-504215,Active,22,3,False,0.0,Standard Servicing
APP-504216,Active,14,1,False,0.0,Standard Servicing
APP-504217,Active,0,0,False,0.0,Standard Servicing
APP-504218,Active,16,2,False,0.0,Standard Servicing
APP-504219,Active,0,0,False,0.0,Standard Servicing
APP-504220,Closed-Good,13,1,False,0.0,Standard Servicing
APP-504221,Closed-Good,15,3,False,0.0,Standard Servicing
APP-504222,Closed-Good,0,0,False,0.0,Standard Servicing
APP-504223,Closed-Good,0,0,False,0.0,Standard Servicing
APP-504224,Closed-Good,21,4,False,0.0,Standard Servicing
APP-504225,Active,0,0,False,0.0,Standard Servicing
APP-504226,Active,13,1,False,0.0,Standard Servicing
APP-504227,Active,24,2,False,0.0,Standard Servicing
APP-504228,Closed-Good,12,1,False,0.0,Standard Servicing
APP-504229,Closed-Good,23,3,False,0.0,Standard Servicing
APP-504230,Closed-Good,9,1,False,0.0,Standard Servicing
APP-504231,Defaulted,166,11,False,9338.28,Collections/Recovery
APP-504232,Closed-Good,14,1,False,0.0,Standard Servicing
APP-504233,Active,20,1,False,0.0,Standard Servicing
APP-504234,Closed-Good,18,3,False,0.0,Standard Servicing
APP-504235,Closed-Good,12,2,False,0.0,Standard Servicing
APP-504236,Active,10,2,False,0.0,Standard Servicing
APP-504237,Closed-Good,24,3,False,0.0,Standard Servicing
APP-504238,Written-Off,1044,34,False,63387.19,Collections/Recovery
APP-504239,Closed-Good,17,1,False,0.0,Standard Servicing
APP-504240,Active,23,2,False,0.0,Standard Servicing
APP-504241,Closed-Good,8,2,False,0.0,Standard Servicing
APP-504242,Active,20,5,False,0.0,Standard Servicing
APP-504243,Active,13,1,False,0.0,Standard Servicing
APP-504244,Written-Off,407,17,False,4035.46,Collections/Recovery
APP-504245,Active,22,4,False,0.0,Standard Servicing
APP-504246,Active,18,2,False,0.0,Standard Servicing
APP-504247,Active,16,3,False,0.0,Standard Servicing
APP-504248,Active,22,2,False,0.0,Standard Servicing
APP-504249,Closed-Good,21,1,False,0.0,Standard Servicing
APP-504250,Closed-Good,22,2,False,0.0,Standard Servicing
APP-504251,Active,12,3,False,0.0,Standard Servicing
APP-504252,Active,0,0,False,0.0,Standard Servicing
APP-504253,Active,22,2,False,0.0,Standard Servicing
APP-504254,Closed-Good,24,3,False,0.0,Standard Servicing
APP-504255,Written-Off,618,21,False,40194.31,Collections/Recovery
APP-504256,Active,0,0,False,0.0,Standard Servicing
APP-504257,Written-Off,452,12,True,70142.77,Collections/Recovery
APP-504258,Active,12,2,False,0.0,Standard Servicing
APP-504259,Active,11,2,False,0.0,Standard Servicing
APP-504260,Closed-Good,10,2,False,0.0,Standard Servicing
APP-504261,Active,4,1,False,0.0,Standard Servicing
APP-504262,Active,19,2,False,0.0,Standard Servicing
APP-504263,Closed-Good,13,2,False,0.0,Standard Servicing
APP-504264,Closed-Good,21,3,False,0.0,Standard Servicing
APP-504265,Closed-Good,24,8,False,0.0,Standard Servicing
APP-504266,Closed-Good,16,2,False,0.0,Standard Servicing
APP-504267,Closed-Good,6,1,False,0.0,Standard Servicing
APP-504268,Active,6,2,False,0.0,Standard Servicing
APP-504269,Active,0,0,False,0.0,Standard Servicing
APP-504270,Closed-Good,21,2,False,0.0,Standard Servicing
APP-504271,Active,17,3,False,0.0,Standard Servicing
APP-504272,Active,24,3,False,0.0,Standard Servicing
APP-504273,Closed-Good,0,0,False,0.0,Standard Servicing
APP-504274,Closed-Good,20,1,False,0.0,Standard Servicing
APP-504275,Active,21,2,False,0.0,Standard Servicing
APP-504276,Closed-Good,24,2,False,0.0,Standard Servicing
APP-504277,Written-Off,950,33,True,16842.05,Collections/Recovery
APP-504278,Active,3,1,False,0.0,Standard Servicing
APP-504279,Closed-Good,0,0,False,0.0,Standard Servicing
APP-504280,Active,16,2,False,0.0,Standard Servicing
APP-504281,Closed-Good,16,1,False,0.0,Standard Servicing
APP-504282,Active,14,1,False,0.0,Standard Servicing
APP-504283,Active,0,0,False,0.0,Standard Servicing
APP-504284,Closed-Good,18,1,False,0.0,Standard Servicing
APP-504285,Closed-Good,14,5,False,0.0,Standard Servicing
APP-504286,Closed-Good,0,0,False,0.0,Standard Servicing
APP-504287,Defaulted,6,1,True,56677.27,Collections/Recovery
APP-504288,Active,22,3,False,0.0,Standard Servicing
APP-504289,Active,0,0,False,0.0,Standard Servicing
APP-504290,Closed-Good,9,1,False,0.0,Standard Servicing
APP-504291,Written-Off,886,32,False,18983.8,Collections/Recovery
APP-504292,Closed-Good,0,0,False,0.0,Standard Servicing
APP-504293,Closed-Good,20,2,False,0.0,Standard Servicing
APP-504294,Closed-Good,12,2,False,0.0,Standard Servicing
APP-504295,Active,13,4,False,0.0,Standard Servicing
APP-504296,Active,0,0,False,0.0,Standard Servicing
APP-504297,Closed-Good,5,1,False,0.0,Standard Servicing
APP-504298,Closed-Good,0,0,False,0.0,Standard Servicing
APP-504299,Active,12,1,False,0.0,Standard Servicing
APP-504300,Closed-Good,8,3,False,0.0,Standard Servicing
APP-504301,Closed-Good,0,0,False,0.0,Standard Servicing
APP-504302,Active,0,0,False,0.0,Standard Servicing
APP-504303,Active,22,4,False,0.0,Standard Servicing
APP-504304,Closed-Good,13,2,False,0.0,Standard Servicing
APP-504305,Closed-Good,0,0,False,0.0,Standard Servicing
APP-504306,Closed-Good,20,2,False,0.0,Standard Servicing
APP-504307,Closed-Good,0,0,False,0.0,Standard Servicing
APP-504308,Active,0,0,False,0.0,Standard Servicing
APP-504309,Active,24,2,False,0.0,Standard Servicing
APP-504310,Closed-Good,18,1,False,0.0,Standard Servicing
APP-504311,Closed-Good,6,1,False,0.0,Standard Servicing
APP-504312,Closed-Good,7,2,False,0.0,Standard Servicing
APP-504313,Closed-Good,8,1,False,0.0,Standard Servicing
APP-504314,Written-Off,392,16,False,15268.89,Collections/Recovery
APP-504315,Active,6,2,False,0.0,Standard Servicing
APP-504316,Closed-Good,21,2,False,0.0,Standard Servicing
APP-504317,Active,19,2,False,0.0,Standard Servicing
APP-504318,Closed-Good,24,6,False,0.0,Standard Servicing
APP-504319,Active,0,0,False,0.0,Standard Servicing
APP-504320,Closed-Good,3,1,False,0.0,Standard Servicing
APP-504321,Active,3,1,False,0.0,Standard Servicing
APP-504322,Closed-Good,15,2,False,0.0,Standard Servicing
APP-504323,Written-Off,916,30,False,66429.89,Collections/Recovery
APP-504324,Closed-Good,6,1,False,0.0,Standard Servicing
APP-504325,Active,0,0,False,0.0,Standard Servicing
APP-504326,Closed-Good,16,2,False,0.0,Standard Servicing
APP-504327,Active,0,0,False,0.0,Standard Servicing
APP-504328,Closed-Good,5,1,False,0.0,Standard Servicing
APP-504329,Closed-Good,13,2,False,0.0,Standard Servicing
APP-504330,Active,19,4,False,0.0,Standard Servicing
APP-504331,Closed-Good,14,4,False,0.0,Standard Servicing
APP-504332,Closed-Good,22,4,False,0.0,Standard Servicing
APP-504333,Active,15,5,False,0.0,Standard Servicing
APP-504334,Closed-Good,16,2,False,0.0,Standard Servicing
APP-504335,Active,2,1,False,0.0,Standard Servicing
APP-504336,Closed-Good,11,1,False,0.0,Standard Servicing
APP-504337,Closed-Good,23,5,False,0.0,Standard Servicing
APP-504338,Active,15,2,False,0.0,Standard Servicing
APP-504339,Closed-Good,0,0,False,0.0,Standard Servicing
APP-504340,Active,16,3,False,0.0,Standard Servicing
APP-504341,Closed-Good,0,0,False,0.0,Standard Servicing
APP-504342,Active,24,6,False,0.0,Standard Servicing
APP-504343,Active,22,2,False,0.0,Standard Servicing
APP-504344,Closed-Good,23,2,False,0.0,Standard Servicing
APP-504345,Closed-Good,19,1,False,0.0,Standard Servicing
APP-504346,Active,16,5,False,0.0,Standard Servicing
APP-504347,Active,9,2,False,0.0,Standard Servicing
APP-504348,Active,24,2,False,0.0,Standard Servicing
APP-504349,Active,23,2,False,0.0,Standard Servicing
APP-504350,Closed-Good,13,1,False,0.0,Standard Servicing
APP-504351,Active,18,3,False,0.0,Standard Servicing
APP-504352,Active,12,1,False,0.0,Standard Servicing
APP-504353,Closed-Good,0,0,False,0.0,Standard Servicing
APP-504354,Closed-Good,14,6,False,0.0,Standard Servicing
APP-504355,Active,15,3,False,0.0,Standard Servicing
APP-504356,Closed-Good,12,4,False,0.0,Standard Servicing
APP-504357,Active,20,3,False,0.0,Standard Servicing
APP-504358,Active,4,1,False,0.0,Standard Servicing
APP-504359,Active,22,2,False,0.0,Standard Servicing
APP-504360,Active,15,2,False,0.0,Standard Servicing
APP-504361,Closed-Good,16,2,False,0.0,Standard Servicing
APP-504362,Active,21,5,False,0.0,Standard Servicing
APP-504363,Closed-Good,0,0,False,0.0,Standard Servicing
APP-504364,Closed-Good,7,1,False,0.0,Standard Servicing
APP-504365,Active,22,3,False,0.0,Standard Servicing
APP-504366,Active,0,0,False,0.0,Standard Servicing
APP-504367,Defaulted,22,2,False,20638.8,Collections/Recovery
APP-504368,Closed-Good,24,1,False,0.0,Standard Servicing
APP-504369,Closed-Good,19,1,False,0.0,Standard Servicing
APP-504370,Written-Off,600,25,False,1259.99,Collections/Recovery
APP-504371,Active,21,1,False,0.0,Standard Servicing
APP-504372,Active,3,1,False,0.0,Standard Servicing
APP-504373,Written-Off,534,18,False,14119.1,Standard Servicing
APP-504374,Closed-Good,23,5,False,0.0,Standard Servicing
APP-504375,Closed-Good,24,2,False,0.0,Standard Servicing
APP-504376,Active,18,2,False,0.0,Standard Servicing
APP-504377,Active,0,0,False,0.0,Standard Servicing
APP-504378,Closed-Good,23,1,False,0.0,Standard Servicing
APP-504379,Closed-Good,18,1,False,0.0,Standard Servicing
APP-504380,Active,20,1,False,0.0,Standard Servicing
APP-504381,Active,2,1,False,0.0,Standard Servicing
APP-504382,Closed-Good,15,2,False,0.0,Standard Servicing
APP-504383,Active,0,0,False,0.0,Standard Servicing
APP-504384,Active,5,1,False,0.0,Standard Servicing
APP-504385,Closed-Good,21,3,False,0.0,Standard Servicing
APP-504386,Active,5,1,False,0.0,Standard Servicing
APP-504387,Active,21,3,False,0.0,Standard Servicing
APP-504388,Written-Off,299,5,False,13133.91,Standard Servicing
APP-504389,Active,13,3,False,0.0,Standard Servicing
APP-504390,Active,5,1,False,0.0,Standard Servicing
APP-504391,Written-Off,650,10,False,79939.52,Standard Servicing
APP-504392,Closed-Good,10,1,False,0.0,Standard Servicing
APP-504393,Active,18,3,False,0.0,Standard Servicing
APP-504394,Active,18,4,False,0.0,Standard Servicing
APP-504395,Active,20,2,False,0.0,Standard Servicing
APP-504396,Active,22,2,False,0.0,Standard Servicing
APP-504397,Active,17,2,False,0.0,Standard Servicing
APP-504398,Closed-Good,14,2,False,0.0,Standard Servicing
APP-504399,Active,15,3,False,0.0,Standard Servicing
APP-504400,Active,12,3,False,0.0,Standard Servicing
APP-504401,Closed-Good,10,2,False,0.0,Standard Servicing
APP-504402,Active,18,3,False,0.0,Standard Servicing
APP-504403,Active,0,0,False,0.0,Standard Servicing
APP-504404,Closed-Good,24,3,False,0.0,Standard Servicing
APP-504405,Closed-Good,24,3,False,0.0,Standard Servicing
APP-504406,Closed-Good,0,0,False,0.0,Standard Servicing
APP-504407,Active,7,2,False,0.0,Standard Servicing
APP-504408,Active,0,0,False,0.0,Standard Servicing
APP-504409,Closed-Good,24,2,False,0.0,Standard Servicing
APP-504410,Closed-Good,22,2,False,0.0,Standard Servicing
APP-504411,Active,14,3,False,0.0,Standard Servicing
APP-504412,Closed-Good,14,2,False,0.0,Standard Servicing
APP-504413,Closed-Good,24,1,False,0.0,Standard Servicing
APP-504414,Written-Off,937,31,False,90685.71,Collections/Recovery
APP-504415,Written-Off,276,12,False,58465.36,Collections/Recovery
APP-504416,Closed-Good,16,1,False,0.0,Standard Servicing
APP-504417,Closed-Good,4,2,False,0.0,Standard Servicing
APP-504418,Closed-Good,23,2,False,0.0,Standard Servicing
APP-504419,Closed-Good,21,4,False,0.0,Standard Servicing
APP-504420,Closed-Good,13,1,False,0.0,Standard Servicing
APP-504421,Active,20,3,False,0.0,Standard Servicing
APP-504422,Closed-Good,19,4,False,0.0,Standard Servicing
APP-504423,Closed-Good,23,4,False,0.0,Standard Servicing
APP-504424,Active,5,3,False,0.0,Standard Servicing
APP-504425,Active,19,3,False,0.0,Standard Servicing
APP-504426,Active,21,2,False,0.0,Standard Servicing
APP-504427,Closed-Good,17,5,False,0.0,Standard Servicing
APP-504428,Closed-Good,0,0,False,0.0,Standard Servicing
APP-504429,Active,5,1,False,0.0,Standard Servicing
APP-504430,Closed-Good,23,4,False,0.0,Standard Servicing
APP-504431,Closed-Good,11,2,False,0.0,Standard Servicing
APP-504432,Closed-Good,0,0,False,0.0,Standard Servicing
APP-504433,Active,0,0,False,0.0,Standard Servicing
APP-504434,Written-Off,560,15,True,76806.26,Collections/Recovery
APP-504435,Active,23,1,False,0.0,Standard Servicing
APP-504436,Active,0,0,False,0.0,Standard Servicing
APP-504437,Active,0,0,False,0.0,Standard Servicing
APP-504438,Active,3,1,False,0.0,Standard Servicing
APP-504439,Closed-Good,21,5,False,0.0,Standard Servicing
APP-504440,Active,24,9,False,0.0,Standard Servicing
APP-504441,Active,0,0,False,0.0,Standard Servicing
APP-504442,Active,23,2,False,0.0,Standard Servicing
APP-504443,Active,10,3,False,0.0,Standard Servicing
APP-504444,Active,24,2,False,0.0,Standard Servicing
APP-504445,Active,23,4,False,0.0,Standard Servicing
APP-504446,Written-Off,340,15,False,59444.99,Collections/Recovery
APP-504447,Written-Off,1051,38,False,9657.38,Collections/Recovery
APP-504448,Closed-Good,0,0,False,0.0,Standard Servicing
APP-504449,Closed-Good,12,4,False,0.0,Standard Servicing
APP-504450,Active,10,1,False,0.0,Standard Servicing
APP-504451,Active,18,3,False,0.0,Standard Servicing
APP-504452,Closed-Good,0,0,False,0.0,Standard Servicing
APP-504453,Active,10,2,False,0.0,Standard Servicing
APP-504454,Written-Off,239,8,True,33567.84,Collections/Recovery
APP-504455,Active,14,3,False,0.0,Standard Servicing
APP-504456,Closed-Good,14,2,False,0.0,Standard Servicing
APP-504457,Closed-Good,1,1,False,0.0,Standard Servicing
APP-504458,Closed-Good,11,1,False,0.0,Standard Servicing
APP-504459,Active,0,0,False,0.0,Standard Servicing
APP-504460,Closed-Good,22,2,False,0.0,Standard Servicing
APP-504461,Closed-Good,2,1,False,0.0,Standard Servicing
APP-504462,Active,0,0,False,0.0,Standard Servicing
APP-504463,Closed-Good,13,2,False,0.0,Standard Servicing
APP-504464,Active,0,0,False,0.0,Standard Servicing
APP-504465,Active,22,1,False,0.0,Standard Servicing
APP-504466,Active,16,2,False,0.0,Standard Servicing
APP-504467,Active,24,3,False,0.0,Standard Servicing
APP-504468,Active,0,0,False,0.0,Standard Servicing
APP-504469,Closed-Good,23,2,False,0.0,Standard Servicing
APP-504470,Active,22,3,False,0.0,Standard Servicing
APP-504471,Closed-Good,24,6,False,0.0,Standard Servicing
APP-504472,Active,0,0,False,0.0,Standard Servicing
APP-504473,Active,9,2,False,0.0,Standard Servicing
APP-504474,Active,19,5,False,0.0,Standard Servicing
APP-504475,Closed-Good,0,0,False,0.0,Standard Servicing
APP-504476,Active,10,1,False,0.0,Standard Servicing
APP-504477,Active,12,2,False,0.0,Standard Servicing
APP-504478,Written-Off,548,19,False,70305.29,Collections/Recovery
APP-504479,Defaulted,57,4,True,172536.76,Collections/Recovery
APP-504480,Active,9,2,False,0.0,Standard Servicing
APP-504481,Active,19,5,False,0.0,Standard Servicing
APP-504482,Closed-Good,11,1,False,0.0,Standard Servicing
APP-504483,Active,21,1,False,0.0,Standard Servicing
APP-504484,Closed-Good,0,0,False,0.0,Standard Servicing
APP-504485,Active,23,2,False,0.0,Standard Servicing
APP-504486,Active,23,3,False,0.0,Standard Servicing
APP-504487,Active,22,1,False,0.0,Standard Servicing
APP-504488,Active,24,3,False,0.0,Standard Servicing
APP-504489,Closed-Good,23,2,False,0.0,Standard Servicing
APP-504490,Closed-Good,14,4,False,0.0,Standard Servicing
APP-504491,Closed-Good,19,3,False,0.0,Standard Servicing
APP-504492,Closed-Good,0,0,False,0.0,Standard Servicing
APP-504493,Closed-Good,0,0,False,0.0,Standard Servicing
APP-504494,Active,15,2,False,0.0,Standard Servicing
APP-504495,Closed-Good,19,1,False,0.0,Standard Servicing
APP-504496,Closed-Good,2,1,False,0.0,Standard Servicing
APP-504497,Defaulted,71,6,True,67894.07,Collections/Recovery
APP-504498,Active,24,4,False,0.0,Standard Servicing
APP-504499,Closed-Good,0,0,False,0.0,Standard Servicing
APP-504500,Closed-Good,0,0,False,0.0,Standard Servicing
APP-504501,Closed-Good,21,4,False,0.0,Standard Servicing
APP-504502,Active,0,0,False,0.0,Standard Servicing
APP-504503,Closed-Good,22,2,False,0.0,Standard Servicing
APP-504504,Closed-Good,13,2,False,0.0,Standard Servicing
APP-504505,Closed-Good,24,4,False,0.0,Standard Servicing
APP-504506,Closed-Good,20,1,False,0.0,Standard Servicing
APP-504507,Closed-Good,12,2,False,0.0,Standard Servicing
APP-504508,Active,19,2,False,0.0,Standard Servicing
APP-504509,Active,0,0,False,0.0,Standard Servicing
APP-504510,Closed-Good,8,1,False,0.0,Standard Servicing
APP-504511,Active,24,1,False,0.0,Standard Servicing
APP-504512,Closed-Good,7,2,False,0.0,Standard Servicing
APP-504513,Closed-Good,14,3,False,0.0,Standard Servicing
APP-504514,Closed-Good,23,3,False,0.0,Standard Servicing
APP-504515,Written-Off,1005,19,False,2453.56,Collections/Recovery
APP-504516,Active,7,1,False,0.0,Standard Servicing
APP-504517,Closed-Good,19,1,False,0.0,Standard Servicing
APP-504518,Closed-Good,23,3,False,0.0,Standard Servicing
APP-504519,Closed-Good,19,4,False,0.0,Standard Servicing
APP-504520,Written-Off,899,11,False,122242.8,Standard Servicing
APP-504521,Closed-Good,13,1,False,0.0,Standard Servicing
APP-504522,Active,7,1,False,0.0,Standard Servicing
APP-504523,Active,22,1,False,0.0,Standard Servicing
APP-504524,Closed-Good,24,1,False,0.0,Standard Servicing
APP-504525,Active,11,1,False,0.0,Standard Servicing
APP-504526,Closed-Good,13,3,False,0.0,Standard Servicing
APP-504527,Active,19,2,False,0.0,Standard Servicing
APP-504528,Active,0,0,False,0.0,Standard Servicing
APP-504529,Active,14,2,False,0.0,Standard Servicing
APP-504530,Written-Off,337,15,False,31314.88,Collections/Recovery
APP-504531,Closed-Good,18,3,False,0.0,Standard Servicing
APP-504532,Active,11,3,False,0.0,Standard Servicing
APP-504533,Active,17,1,False,0.0,Standard Servicing
APP-504534,Active,1,1,False,0.0,Standard Servicing
APP-504535,Active,13,2,False,0.0,Standard Servicing
APP-504536,Active,16,5,False,0.0,Standard Servicing
APP-504537,Active,24,4,False,0.0,Standard Servicing
APP-504538,Active,10,1,False,0.0,Standard Servicing
APP-504539,Written-Off,587,17,False,16083.66,Collections/Recovery
APP-504540,Written-Off,483,11,False,1775.43,Collections/Recovery
APP-504541,Closed-Good,6,2,False,0.0,Standard Servicing
APP-504542,Active,7,1,False,0.0,Standard Servicing
APP-504543,Active,24,1,False,0.0,Standard Servicing
APP-504544,Closed-Good,23,2,False,0.0,Standard Servicing
APP-504545,Active,14,1,False,0.0,Standard Servicing
APP-504546,Active,23,2,False,0.0,Standard Servicing
APP-504547,Active,13,1,False,0.0,Standard Servicing
APP-504548,Written-Off,525,22,False,3691.72,Collections/Recovery
APP-504549,Closed-Good,22,3,False,0.0,Standard Servicing
APP-504550,Closed-Good,5,1,False,0.0,Standard Servicing
APP-504551,Active,18,3,False,0.0,Standard Servicing
APP-504552,Closed-Good,20,5,False,0.0,Standard Servicing
APP-504553,Closed-Good,18,3,False,0.0,Standard Servicing
APP-504554,Closed-Good,18,2,False,0.0,Standard Servicing
APP-504555,Active,24,1,False,0.0,Standard Servicing
APP-504556,Closed-Good,23,1,False,0.0,Standard Servicing
APP-504557,Active,23,4,False,0.0,Standard Servicing
APP-504558,Active,0,0,False,0.0,Standard Servicing
APP-504559,Closed-Good,0,0,False,0.0,Standard Servicing
APP-504560,Closed-Good,0,0,False,0.0,Standard Servicing
APP-504561,Closed-Good,0,0,False,0.0,Standard Servicing
APP-504562,Active,9,1,False,0.0,Standard Servicing
APP-504563,Active,13,3,False,0.0,Standard Servicing
APP-504564,Closed-Good,16,2,False,0.0,Standard Servicing
APP-504565,Active,24,2,False,0.0,Standard Servicing
APP-504566,Written-Off,638,11,False,35773.0,Collections/Recovery
APP-504567,Active,20,3,False,0.0,Standard Servicing
APP-504568,Closed-Good,17,1,False,0.0,Standard Servicing
APP-504569,Closed-Good,18,1,False,0.0,Standard Servicing
APP-504570,Closed-Good,0,0,False,0.0,Standard Servicing
APP-504571,Closed-Good,13,1,False,0.0,Standard Servicing
APP-504572,Closed-Good,5,1,False,0.0,Standard Servicing
APP-504573,Closed-Good,0,0,False,0.0,Standard Servicing
APP-504574,Closed-Good,23,6,False,0.0,Standard Servicing
APP-504575,Defaulted,51,6,False,69506.98,Standard Servicing
APP-504576,Active,22,5,False,0.0,Standard Servicing
APP-504577,Active,16,1,False,0.0,Standard Servicing
APP-504578,Active,12,3,False,0.0,Standard Servicing
APP-504579,Active,14,2,False,0.0,Standard Servicing
APP-504580,Written-Off,826,20,True,6209.26,Collections/Recovery
APP-504581,Closed-Good,6,3,False,0.0,Standard Servicing
APP-504582,Active,21,2,False,0.0,Standard Servicing
APP-504583,Active,24,2,False,0.0,Standard Servicing
APP-504584,Closed-Good,0,0,False,0.0,Standard Servicing
APP-504585,Active,15,1,False,0.0,Standard Servicing
APP-504586,Closed-Good,22,3,False,0.0,Standard Servicing
APP-504587,Active,0,0,False,0.0,Standard Servicing
APP-504588,Closed-Good,21,2,False,0.0,Standard Servicing
APP-504589,Active,0,0,False,0.0,Standard Servicing
APP-504590,Closed-Good,17,1,False,0.0,Standard Servicing
APP-504591,Active,18,3,False,0.0,Standard Servicing
APP-504592,Active,20,3,False,0.0,Standard Servicing
APP-504593,Closed-Good,0,0,False,0.0,Standard Servicing
APP-504594,Written-Off,470,5,False,52944.94,Standard Servicing
APP-504595,Active,16,1,False,0.0,Standard Servicing
APP-504596,Active,5,2,False,0.0,Standard Servicing
APP-504597,Active,9,3,False,0.0,Standard Servicing
APP-504598,Closed-Good,18,2,False,0.0,Standard Servicing
APP-504599,Closed-Good,9,2,False,0.0,Standard Servicing
APP-504600,Active,19,2,False,0.0,Standard Servicing
APP-504601,Closed-Good,14,2,False,0.0,Standard Servicing
APP-504602,Written-Off,553,5,False,15548.1,Collections/Recovery
APP-504603,Active,0,0,False,0.0,Standard Servicing
APP-504604,Closed-Good,11,1,False,0.0,Standard Servicing
APP-504605,Closed-Good,24,2,False,0.0,Standard Servicing
APP-504606,Closed-Good,20,4,False,0.0,Standard Servicing
APP-504607,Active,0,0,False,0.0,Standard Servicing
APP-504608,Active,11,1,False,0.0,Standard Servicing
APP-504609,Active,23,4,False,0.0,Standard Servicing
APP-504610,Closed-Good,23,4,False,0.0,Standard Servicing
APP-504611,Active,12,3,False,0.0,Standard Servicing
APP-504612,Closed-Good,14,1,False,0.0,Standard Servicing
APP-504613,Active,0,0,False,0.0,Standard Servicing
APP-504614,Active,22,2,False,0.0,Standard Servicing
APP-504615,Active,16,1,False,0.0,Standard Servicing
APP-504616,Active,14,1,False,0.0,Standard Servicing
APP-504617,Closed-Good,0,0,False,0.0,Standard Servicing
APP-504618,Closed-Good,22,5,False,0.0,Standard Servicing
APP-504619,Active,22,2,False,0.0,Standard Servicing
APP-504620,Active,16,1,False,0.0,Standard Servicing
APP-504621,Closed-Good,0,0,False,0.0,Standard Servicing
APP-504622,Closed-Good,17,2,False,0.0,Standard Servicing
APP-504623,Active,22,2,False,0.0,Standard Servicing
APP-504624,Closed-Good,18,1,False,0.0,Standard Servicing
APP-504625,Closed-Good,9,1,False,0.0,Standard Servicing
APP-504626,Active,0,0,False,0.0,Standard Servicing
APP-504627,Closed-Good,20,3,False,0.0,Standard Servicing
APP-504628,Closed-Good,16,1,False,0.0,Standard Servicing
APP-504629,Active,13,2,False,0.0,Standard Servicing
APP-504630,Active,13,1,False,0.0,Standard Servicing
APP-504631,Closed-Good,5,1,False,0.0,Standard Servicing
APP-504632,Closed-Good,10,4,False,0.0,Standard Servicing
APP-504633,Closed-Good,8,2,False,0.0,Standard Servicing
APP-504634,Active,24,3,False,0.0,Standard Servicing
APP-504635,Written-Off,539,7,True,23542.89,Collections/Recovery
APP-504636,Active,24,5,False,0.0,Standard Servicing
APP-504637,Active,22,2,False,0.0,Standard Servicing
APP-504638,Closed-Good,22,1,False,0.0,Standard Servicing
APP-504639,Written-Off,910,34,True,14888.84,Collections/Recovery
APP-504640,Active,0,0,False,0.0,Standard Servicing
APP-504641,Active,3,2,False,0.0,Standard Servicing
APP-504642,Active,6,1,False,0.0,Standard Servicing
APP-504643,Active,24,1,False,0.0,Standard Servicing
APP-504644,Active,24,4,False,0.0,Standard Servicing
APP-504645,Closed-Good,0,0,False,0.0,Standard Servicing
APP-504646,Closed-Good,20,2,False,0.0,Standard Servicing
APP-504647,Active,18,2,False,0.0,Standard Servicing
APP-504648,Active,10,1,False,0.0,Standard Servicing
APP-504649,Active,15,1,False,0.0,Standard Servicing
APP-504650,Active,12,1,False,0.0,Standard Servicing
APP-504651,Closed-Good,10,4,False,0.0,Standard Servicing
APP-504652,Active,23,4,False,0.0,Standard Servicing
APP-504653,Closed-Good,5,1,False,0.0,Standard Servicing
APP-504654,Written-Off,914,20,False,2983.62,Collections/Recovery
APP-504655,Active,15,3,False,0.0,Standard Servicing
APP-504656,Active,15,2,False,0.0,Standard Servicing
APP-504657,Written-Off,412,18,False,38892.89,Collections/Recovery
APP-504658,Active,12,2,False,0.0,Standard Servicing
APP-504659,Active,24,3,False,0.0,Standard Servicing
APP-504660,Closed-Good,20,2,False,0.0,Standard Servicing
APP-504661,Closed-Good,11,1,False,0.0,Standard Servicing
APP-504662,Active,7,2,False,0.0,Standard Servicing
APP-504663,Active,21,4,False,0.0,Standard Servicing
APP-504664,Closed-Good,12,2,False,0.0,Standard Servicing
APP-504665,Active,21,1,False,0.0,Standard Servicing
APP-504666,Active,21,2,False,0.0,Standard Servicing
APP-504667,Closed-Good,6,1,False,0.0,Standard Servicing
APP-504668,Closed-Good,0,0,False,0.0,Standard Servicing
APP-504669,Active,5,2,False,0.0,Standard Servicing
APP-504670,Active,19,2,False,0.0,Standard Servicing
APP-504671,Active,19,1,False,0.0,Standard Servicing
APP-504672,Active,21,3,False,0.0,Standard Servicing
APP-504673,Closed-Good,10,2,False,0.0,Standard Servicing
APP-504674,Closed-Good,0,0,False,0.0,Standard Servicing
APP-504675,Closed-Good,22,2,False,0.0,Standard Servicing
APP-504676,Active,21,3,False,0.0,Standard Servicing
APP-504677,Active,23,3,False,0.0,Standard Servicing
APP-504678,Active,22,4,False,0.0,Standard Servicing
APP-504679,Closed-Good,0,0,False,0.0,Standard Servicing
APP-504680,Active,12,2,False,0.0,Standard Servicing
APP-504681,Active,0,0,False,0.0,Standard Servicing
APP-504682,Closed-Good,0,0,False,0.0,Standard Servicing
APP-504683,Active,23,1,False,0.0,Standard Servicing
APP-504684,Closed-Good,18,2,False,0.0,Standard Servicing
APP-504685,Active,0,0,False,0.0,Standard Servicing
APP-504686,Active,20,2,False,0.0,Standard Servicing
APP-504687,Active,0,0,False,0.0,Standard Servicing
APP-504688,Active,23,2,False,0.0,Standard Servicing
APP-504689,Active,17,2,False,0.0,Standard Servicing
APP-504690,Active,3,1,False,0.0,Standard Servicing
APP-504691,Closed-Good,0,0,False,0.0,Standard Servicing
APP-504692,Closed-Good,0,0,False,0.0,Standard Servicing
APP-504693,Active,8,1,False,0.0,Standard Servicing
APP-504694,Closed-Good,21,2,False,0.0,Standard Servicing
APP-504695,Active,22,6,False,0.0,Standard Servicing
APP-504696,Closed-Good,23,3,False,0.0,Standard Servicing
APP-504697,Defaulted,164,7,False,97960.77,Standard Servicing
APP-504698,Closed-Good,22,2,False,0.0,Standard Servicing
APP-504699,Closed-Good,0,0,False,0.0,Standard Servicing
APP-504700,Closed-Good,23,2,False,0.0,Standard Servicing
APP-504701,Active,17,2,False,0.0,Standard Servicing
APP-504702,Written-Off,639,26,True,49281.28,Collections/Recovery
APP-504703,Closed-Good,0,0,False,0.0,Standard Servicing
APP-504704,Closed-Good,17,4,False,0.0,Standard Servicing
APP-504705,Closed-Good,24,8,False,0.0,Standard Servicing
APP-504706,Active,23,4,False,0.0,Standard Servicing
APP-504707,Active,21,1,False,0.0,Standard Servicing
APP-504708,Active,0,0,False,0.0,Standard Servicing
APP-504709,Closed-Good,22,4,False,0.0,Standard Servicing
APP-504710,Active,0,0,False,0.0,Standard Servicing
APP-504711,Written-Off,344,14,False,37641.73,Collections/Recovery
APP-504712,Defaulted,131,9,True,6508.05,Collections/Recovery
APP-504713,Closed-Good,11,1,False,0.0,Standard Servicing
APP-504714,Active,23,3,False,0.0,Standard Servicing
APP-504715,Closed-Good,21,3,False,0.0,Standard Servicing
APP-504716,Written-Off,467,18,False,61948.39,Standard Servicing
APP-504717,Closed-Good,22,2,False,0.0,Standard Servicing
APP-504718,Active,15,1,False,0.0,Standard Servicing
APP-504719,Closed-Good,19,4,False,0.0,Standard Servicing
APP-504720,Closed-Good,0,0,False,0.0,Standard Servicing
APP-504721,Active,0,0,False,0.0,Standard Servicing
APP-504722,Active,0,0,False,0.0,Standard Servicing
APP-504723,Active,0,0,False,0.0,Standard Servicing
APP-504724,Written-Off,444,18,False,21544.85,Collections/Recovery
APP-504725,Active,0,0,False,0.0,Standard Servicing
APP-504726,Active,23,1,False,0.0,Standard Servicing
APP-504727,Active,9,2,False,0.0,Standard Servicing
APP-504728,Active,15,1,False,0.0,Standard Servicing
APP-504729,Closed-Good,0,0,False,0.0,Standard Servicing
APP-504730,Closed-Good,22,4,False,0.0,Standard Servicing
APP-504731,Active,17,1,False,0.0,Standard Servicing
APP-504732,Active,11,4,False,0.0,Standard Servicing
APP-504733,Closed-Good,22,3,False,0.0,Standard Servicing
APP-504734,Closed-Good,16,3,False,0.0,Standard Servicing
APP-504735,Written-Off,565,22,False,13558.68,Collections/Recovery
APP-504736,Active,0,0,False,0.0,Standard Servicing
APP-504737,Active,16,4,False,0.0,Standard Servicing
APP-504738,Active,11,1,False,0.0,Standard Servicing
APP-504739,Closed-Good,15,1,False,0.0,Standard Servicing
APP-504740,Active,7,1,False,0.0,Standard Servicing
APP-504741,Closed-Good,24,2,False,0.0,Standard Servicing
APP-504742,Closed-Good,17,2,False,0.0,Standard Servicing
APP-504743,Closed-Good,14,3,False,0.0,Standard Servicing
APP-504744,Active,20,1,False,0.0,Standard Servicing
APP-504745,Written-Off,358,15,False,28567.67,Collections/Recovery
APP-504746,Active,15,2,False,0.0,Standard Servicing
APP-504747,Active,22,8,False,0.0,Standard Servicing
APP-504748,Active,19,5,False,0.0,Standard Servicing
APP-504749,Closed-Good,0,0,False,0.0,Standard Servicing
APP-504750,Active,14,1,False,0.0,Standard Servicing
APP-504751,Active,16,2,False,0.0,Standard Servicing
APP-504752,Active,18,4,False,0.0,Standard Servicing
APP-504753,Written-Off,319,16,False,94519.68,Collections/Recovery
APP-504754,Closed-Good,24,1,False,0.0,Standard Servicing
APP-504755,Active,22,3,False,0.0,Standard Servicing
APP-504756,Active,4,1,False,0.0,Standard Servicing
APP-504757,Active,7,2,False,0.0,Standard Servicing
APP-504758,Written-Off,412,17,True,28903.71,Collections/Recovery
APP-504759,Active,1,1,False,0.0,Standard Servicing
APP-504760,Active,17,5,False,0.0,Standard Servicing
APP-504761,Active,20,2,False,0.0,Standard Servicing
APP-504762,Active,22,2,False,0.0,Standard Servicing
APP-504763,Closed-Good,19,3,False,0.0,Standard Servicing
APP-504764,Written-Off,601,19,False,19311.76,Collections/Recovery
APP-504765,Closed-Good,24,2,False,0.0,Standard Servicing
APP-504766,Active,20,2,False,0.0,Standard Servicing
APP-504767,Closed-Good,7,1,False,0.0,Standard Servicing
APP-504768,Closed-Good,17,3,False,0.0,Standard Servicing
APP-504769,Closed-Good,20,5,False,0.0,Standard Servicing
APP-504770,Active,22,3,False,0.0,Standard Servicing
APP-504771,Active,24,5,False,0.0,Standard Servicing
APP-504772,Closed-Good,0,0,False,0.0,Standard Servicing
APP-504773,Active,21,3,False,0.0,Standard Servicing
APP-504774,Active,0,0,False,0.0,Standard Servicing
APP-504775,Closed-Good,17,4,False,0.0,Standard Servicing
APP-504776,Active,0,0,False,0.0,Standard Servicing
APP-504777,Active,0,0,False,0.0,Standard Servicing
APP-504778,Active,23,3,False,0.0,Standard Servicing
APP-504779,Closed-Good,22,2,False,0.0,Standard Servicing
APP-504780,Active,14,1,False,0.0,Standard Servicing
APP-504781,Active,13,2,False,0.0,Standard Servicing
APP-504782,Closed-Good,14,1,False,0.0,Standard Servicing
APP-504783,Closed-Good,0,0,False,0.0,Standard Servicing
APP-504784,Written-Off,729,9,False,6224.57,Collections/Recovery
APP-504785,Active,24,6,False,0.0,Standard Servicing
APP-504786,Closed-Good,11,2,False,0.0,Standard Servicing
APP-504787,Written-Off,317,13,False,15550.46,Standard Servicing
APP-504788,Active,18,4,False,0.0,Standard Servicing
APP-504789,Active,6,1,False,0.0,Standard Servicing
APP-504790,Closed-Good,22,2,False,0.0,Standard Servicing
APP-504791,Closed-Good,23,6,False,0.0,Standard Servicing
APP-504792,Active,20,2,False,0.0,Standard Servicing
APP-504793,Active,22,3,False,0.0,Standard Servicing
APP-504794,Closed-Good,21,1,False,0.0,Standard Servicing
APP-504795,Written-Off,321,15,False,57539.8,Standard Servicing
APP-504796,Active,22,2,False,0.0,Standard Servicing
APP-504797,Closed-Good,24,4,False,0.0,Standard Servicing
APP-504798,Active,19,7,False,0.0,Standard Servicing
APP-504799,Active,17,1,False,0.0,Standard Servicing
APP-504800,Closed-Good,15,1,False,0.0,Standard Servicing
APP-504801,Closed-Good,17,1,False,0.0,Standard Servicing
APP-504802,Closed-Good,11,1,False,0.0,Standard Servicing
APP-504803,Closed-Good,11,2,False,0.0,Standard Servicing
APP-504804,Active,13,1,False,0.0,Standard Servicing
APP-504805,Active,22,5,False,0.0,Standard Servicing
APP-504806,Closed-Good,8,2,False,0.0,Standard Servicing
APP-504807,Closed-Good,16,5,False,0.0,Standard Servicing
APP-504808,Closed-Good,18,1,False,0.0,Standard Servicing
APP-504809,Active,10,1,False,0.0,Standard Servicing
APP-504810,Closed-Good,23,1,False,0.0,Standard Servicing
APP-504811,Active,23,3,False,0.0,Standard Servicing
APP-504812,Active,16,1,False,0.0,Standard Servicing
APP-504813,Defaulted,70,3,False,3156.13,Collections/Recovery
APP-504814,Active,22,1,False,0.0,Standard Servicing
APP-504815,Closed-Good,18,4,False,0.0,Standard Servicing
APP-504816,Closed-Good,23,4,False,0.0,Standard Servicing
APP-504817,Closed-Good,20,2,False,0.0,Standard Servicing
APP-504818,Active,11,1,False,0.0,Standard Servicing
APP-504819,Closed-Good,13,2,False,0.0,Standard Servicing
APP-504820,Active,21,6,False,0.0,Standard Servicing
APP-504821,Closed-Good,13,2,False,0.0,Standard Servicing
APP-504822,Active,17,3,False,0.0,Standard Servicing
APP-504823,Written-Off,993,23,False,32300.58,Collections/Recovery
APP-504824,Closed-Good,10,1,False,0.0,Standard Servicing
APP-504825,Closed-Good,22,1,False,0.0,Standard Servicing
APP-504826,Active,2,1,False,0.0,Standard Servicing
APP-504827,Active,11,2,False,0.0,Standard Servicing
APP-504828,Written-Off,1000,36,False,49798.64,Collections/Recovery
APP-504829,Active,0,0,False,0.0,Standard Servicing
APP-504830,Closed-Good,17,4,False,0.0,Standard Servicing
APP-504831,Closed-Good,22,2,False,0.0,Standard Servicing
APP-504832,Closed-Good,18,5,False,0.0,Standard Servicing
APP-504833,Closed-Good,22,1,False,0.0,Standard Servicing
APP-504834,Closed-Good,0,0,False,0.0,Standard Servicing
APP-504835,Active,8,1,False,0.0,Standard Servicing
APP-504836,Closed-Good,13,3,False,0.0,Standard Servicing
APP-504837,Closed-Good,14,1,False,0.0,Standard Servicing
APP-504838,Active,15,5,False,0.0,Standard Servicing
APP-504839,Written-Off,1094,21,True,23818.95,Collections/Recovery
APP-504840,Active,17,2,False,0.0,Standard Servicing
APP-504841,Closed-Good,1,1,False,0.0,Standard Servicing
APP-504842,Active,0,0,False,0.0,Standard Servicing
APP-504843,Active,23,1,False,0.0,Standard Servicing
APP-504844,Active,6,1,False,0.0,Standard Servicing
APP-504845,Written-Off,871,30,True,43523.75,Collections/Recovery
APP-504846,Active,14,1,False,0.0,Standard Servicing
APP-504847,Active,0,0,False,0.0,Standard Servicing
APP-504848,Active,11,1,False,0.0,Standard Servicing
APP-504849,Active,23,4,False,0.0,Standard Servicing
APP-504850,Active,24,4,False,0.0,Standard Servicing
APP-504851,Active,17,1,False,0.0,Standard Servicing
APP-504852,Active,24,4,False,0.0,Standard Servicing
APP-504853,Defaulted,44,2,True,42345.59,Collections/Recovery
APP-504854,Closed-Good,7,1,False,0.0,Standard Servicing
APP-504855,Active,6,2,False,0.0,Standard Servicing
APP-504856,Closed-Good,8,2,False,0.0,Standard Servicing
APP-504857,Closed-Good,11,1,False,0.0,Standard Servicing
APP-504858,Closed-Good,20,2,False,0.0,Standard Servicing
APP-504859,Defaulted,152,10,False,1834.25,Collections/Recovery
APP-504860,Closed-Good,0,0,False,0.0,Standard Servicing
APP-504861,Closed-Good,0,0,False,0.0,Standard Servicing
APP-504862,Active,21,2,False,0.0,Standard Servicing
APP-504863,Active,24,2,False,0.0,Standard Servicing
APP-504864,Closed-Good,24,5,False,0.0,Standard Servicing
APP-504865,Active,15,2,False,0.0,Standard Servicing
APP-504866,Active,0,0,False,0.0,Standard Servicing
APP-504867,Active,11,2,False,0.0,Standard Servicing
APP-504868,Closed-Good,17,2,False,0.0,Standard Servicing
APP-504869,Closed-Good,22,1,False,0.0,Standard Servicing
APP-504870,Active,5,1,False,0.0,Standard Servicing
APP-504871,Written-Off,544,21,False,33460.99,Collections/Recovery
APP-504872,Closed-Good,23,3,False,0.0,Standard Servicing
APP-504873,Active,11,2,False,0.0,Standard Servicing
APP-504874,Closed-Good,24,2,False,0.0,Standard Servicing
APP-504875,Active,0,0,False,0.0,Standard Servicing
APP-504876,Active,4,1,False,0.0,Standard Servicing
APP-504877,Closed-Good,13,4,False,0.0,Standard Servicing
APP-504878,Closed-Good,12,1,False,0.0,Standard Servicing
APP-504879,Active,14,1,False,0.0,Standard Servicing
APP-504880,Closed-Good,18,1,False,0.0,Standard Servicing
APP-504881,Active,3,1,False,0.0,Standard Servicing
APP-504882,Active,3,1,False,0.0,Standard Servicing
APP-504883,Active,24,1,False,0.0,Standard Servicing
APP-504884,Active,15,1,False,0.0,Standard Servicing
APP-504885,Written-Off,578,22,False,6920.24,Collections/Recovery
APP-504886,Active,10,1,False,0.0,Standard Servicing
APP-504887,Active,23,4,False,0.0,Standard Servicing
APP-504888,Active,22,3,False,0.0,Standard Servicing
APP-504889,Active,10,2,False,0.0,Standard Servicing
APP-504890,Active,21,2,False,0.0,Standard Servicing
APP-504891,Active,13,3,False,0.0,Standard Servicing
APP-504892,Active,19,2,False,0.0,Standard Servicing
APP-504893,Active,19,5,False,0.0,Standard Servicing
APP-504894,Closed-Good,20,3,False,0.0,Standard Servicing
APP-504895,Closed-Good,11,3,False,0.0,Standard Servicing
APP-504896,Closed-Good,14,2,False,0.0,Standard Servicing
APP-504897,Defaulted,35,1,True,42870.21,Standard Servicing
APP-504898,Active,0,0,False,0.0,Standard Servicing
APP-504899,Closed-Good,11,2,False,0.0,Standard Servicing
APP-504900,Active,0,0,False,0.0,Standard Servicing
APP-504901,Closed-Good,23,4,False,0.0,Standard Servicing
APP-504902,Closed-Good,0,0,False,0.0,Standard Servicing
APP-504903,Active,0,0,False,0.0,Standard Servicing
APP-504904,Closed-Good,0,0,False,0.0,Standard Servicing
APP-504905,Active,8,1,False,0.0,Standard Servicing
APP-504906,Active,18,5,False,0.0,Standard Servicing
APP-504907,Closed-Good,17,1,False,0.0,Standard Servicing
APP-504908,Active,10,1,False,0.0,Standard Servicing
APP-504909,Active,21,2,False,0.0,Standard Servicing
APP-504910,Active,24,2,False,0.0,Standard Servicing
APP-504911,Active,14,1,False,0.0,Standard Servicing
APP-504912,Active,21,3,False,0.0,Standard Servicing
APP-504913,Active,20,1,False,0.0,Standard Servicing
APP-504914,Active,4,2,False,0.0,Standard Servicing
APP-504915,Closed-Good,3,1,False,0.0,Standard Servicing
APP-504916,Active,13,1,False,0.0,Standard Servicing
APP-504917,Closed-Good,21,1,False,0.0,Standard Servicing
APP-504918,Active,18,4,False,0.0,Standard Servicing
APP-504919,Closed-Good,0,0,False,0.0,Standard Servicing
APP-504920,Active,20,3,False,0.0,Standard Servicing
APP-504921,Closed-Good,21,2,False,0.0,Standard Servicing
APP-504922,Closed-Good,14,2,False,0.0,Standard Servicing
APP-504923,Active,0,0,False,0.0,Standard Servicing
APP-504924,Active,11,2,False,0.0,Standard Servicing
APP-504925,Closed-Good,18,2,False,0.0,Standard Servicing
APP-504926,Active,14,2,False,0.0,Standard Servicing
APP-504927,Closed-Good,0,0,False,0.0,Standard Servicing
APP-504928,Written-Off,831,32,False,52048.42,Standard Servicing
APP-504929,Active,23,1,False,0.0,Standard Servicing
APP-504930,Active,16,4,False,0.0,Standard Servicing
APP-504931,Active,22,1,False,0.0,Standard Servicing
APP-504932,Active,18,2,False,0.0,Standard Servicing
APP-504933,Active,12,5,False,0.0,Standard Servicing
APP-504934,Closed-Good,12,2,False,0.0,Standard Servicing
APP-504935,Closed-Good,24,2,False,0.0,Standard Servicing
APP-504936,Closed-Good,23,3,False,0.0,Standard Servicing
APP-504937,Active,10,1,False,0.0,Standard Servicing
APP-504938,Closed-Good,16,1,False,0.0,Standard Servicing
APP-504939,Active,0,0,False,0.0,Standard Servicing
APP-504940,Active,8,1,False,0.0,Standard Servicing
APP-504941,Closed-Good,9,2,False,0.0,Standard Servicing
APP-504942,Closed-Good,23,6,False,0.0,Standard Servicing
APP-504943,Active,10,4,False,0.0,Standard Servicing
APP-504944,Active,15,2,False,0.0,Standard Servicing
APP-504945,Active,23,2,False,0.0,Standard Servicing
APP-504946,Defaulted,162,3,False,46084.85,Collections/Recovery
APP-504947,Written-Off,252,11,False,64725.26,Collections/Recovery
APP-504948,Closed-Good,24,2,False,0.0,Standard Servicing
APP-504949,Written-Off,242,10,False,37711.8,Collections/Recovery
APP-504950,Closed-Good,17,1,False,0.0,Standard Servicing
APP-504951,Closed-Good,12,2,False,0.0,Standard Servicing
APP-504952,Active,23,3,False,0.0,Standard Servicing
APP-504953,Active,21,2,False,0.0,Standard Servicing
APP-504954,Active,17,1,False,0.0,Standard Servicing
APP-504955,Closed-Good,21,5,False,0.0,Standard Servicing
APP-504956,Closed-Good,9,2,False,0.0,Standard Servicing
APP-504957,Active,9,1,False,0.0,Standard Servicing
APP-504958,Active,19,2,False,0.0,Standard Servicing
APP-504959,Closed-Good,16,4,False,0.0,Standard Servicing
APP-504960,Active,5,1,False,0.0,Standard Servicing
APP-504961,Closed-Good,0,0,False,0.0,Standard Servicing
APP-504962,Closed-Good,21,3,False,0.0,Standard Servicing
APP-504963,Written-Off,476,19,True,56739.39,Collections/Recovery
APP-504964,Closed-Good,21,1,False,0.0,Standard Servicing
APP-504965,Active,10,4,False,0.0,Standard Servicing
APP-504966,Closed-Good,13,5,False,0.0,Standard Servicing
APP-504967,Active,22,5,False,0.0,Standard Servicing
APP-504968,Active,22,2,False,0.0,Standard Servicing
APP-504969,Active,24,4,False,0.0,Standard Servicing
APP-504970,Active,0,0,False,0.0,Standard Servicing
APP-504971,Closed-Good,19,2,False,0.0,Standard Servicing
APP-504972,Closed-Good,18,3,False,0.0,Standard Servicing
APP-504973,Closed-Good,10,1,False,0.0,Standard Servicing
APP-504974,Written-Off,308,13,False,3067.46,Collections/Recovery
APP-504975,Closed-Good,0,0,False,0.0,Standard Servicing
APP-504976,Active,0,0,False,0.0,Standard Servicing
APP-504977,Active,24,6,False,0.0,Standard Servicing
APP-504978,Active,18,4,False,0.0,Standard Servicing
APP-504979,Active,2,1,False,0.0,Standard Servicing
APP-504980,Closed-Good,22,2,False,0.0,Standard Servicing
APP-504981,Active,22,2,False,0.0,Standard Servicing
APP-504982,Closed-Good,2,1,False,0.0,Standard Servicing
APP-504983,Closed-Good,15,4,False,0.0,Standard Servicing
APP-504984,Active,21,2,False,0.0,Standard Servicing
APP-504985,Closed-Good,20,5,False,0.0,Standard Servicing
APP-504986,Active,1,1,False,0.0,Standard Servicing
APP-504987,Written-Off,722,24,False,15166.88,Collections/Recovery
APP-504988,Active,14,2,False,0.0,Standard Servicing
APP-504989,Closed-Good,20,4,False,0.0,Standard Servicing
APP-504990,Closed-Good,22,4,False,0.0,Standard Servicing
APP-504991,Closed-Good,5,1,False,0.0,Standard Servicing
APP-504992,Closed-Good,17,1,False,0.0,Standard Servicing
APP-504993,Closed-Good,18,3,False,0.0,Standard Servicing
APP-504994,Active,21,4,False,0.0,Standard Servicing
APP-504995,Active,23,2,False,0.0,Standard Servicing
APP-504996,Active,0,0,False,0.0,Standard Servicing
APP-504997,Active,0,0,False,0.0,Standard Servicing
APP-504998,Closed-Good,12,2,False,0.0,Standard Servicing
APP-504999,Closed-Good,1,1,False,0.0,Standard Servicing
APP-505000,Written-Off,798,29,False,52336.58,Collections/Recovery
APP-505001,Written-Off,374,16,False,84505.4,Standard Servicing
APP-505002,Active,16,3,False,0.0,Standard Servicing
APP-505003,Closed-Good,0,0,False,0.0,Standard Servicing
APP-505004,Closed-Good,0,0,False,0.0,Standard Servicing
APP-505005,Closed-Good,19,3,False,0.0,Standard Servicing
APP-505006,Closed-Good,5,3,False,0.0,Standard Servicing
APP-505007,Closed-Good,3,2,False,0.0,Standard Servicing
APP-505008,Written-Off,268,12,True,7703.06,Collections/Recovery
APP-505009,Active,7,1,False,0.0,Standard Servicing
APP-505010,Active,23,2,False,0.0,Standard Servicing
APP-505011,Closed-Good,10,1,False,0.0,Standard Servicing
APP-505012,Closed-Good,20,6,False,0.0,Standard Servicing
APP-505013,Active,19,2,False,0.0,Standard Servicing
APP-505014,Closed-Good,0,0,False,0.0,Standard Servicing
APP-505015,Active,0,0,False,0.0,Standard Servicing
APP-505016,Closed-Good,16,2,False,0.0,Standard Servicing
APP-505017,Closed-Good,20,1,False,0.0,Standard Servicing
APP-505018,Active,24,2,False,0.0,Standard Servicing
APP-505019,Written-Off,623,7,False,98110.94,Standard Servicing
APP-505020,Closed-Good,19,3,False,0.0,Standard Servicing
APP-505021,Written-Off,460,18,False,22803.58,Collections/Recovery
APP-505022,Active,16,3,False,0.0,Standard Servicing
APP-505023,Closed-Good,11,2,False,0.0,Standard Servicing
APP-505024,Closed-Good,4,1,False,0.0,Standard Servicing
APP-505025,Closed-Good,6,1,False,0.0,Standard Servicing
APP-505026,Written-Off,356,15,True,99733.36,Collections/Recovery
APP-505027,Active,24,6,False,0.0,Standard Servicing
APP-505028,Written-Off,410,9,False,12876.1,Collections/Recovery
APP-505029,Written-Off,346,14,False,28666.21,Collections/Recovery
APP-505030,Active,15,3,False,0.0,Standard Servicing
APP-505031,Closed-Good,0,0,False,0.0,Standard Servicing
APP-505032,Closed-Good,21,3,False,0.0,Standard Servicing
APP-505033,Active,24,3,False,0.0,Standard Servicing
APP-505034,Closed-Good,0,0,False,0.0,Standard Servicing
APP-505035,Active,2,1,False,0.0,Standard Servicing
APP-505036,Active,18,5,False,0.0,Standard Servicing
APP-505037,Written-Off,352,15,False,2404.61,Collections/Recovery
APP-505038,Active,0,0,False,0.0,Standard Servicing
APP-505039,Active,0,0,False,0.0,Standard Servicing
APP-505040,Active,0,0,False,0.0,Standard Servicing
APP-505041,Active,18,5,False,0.0,Standard Servicing
APP-505042,Active,14,3,False,0.0,Standard Servicing
APP-505043,Active,19,2,False,0.0,Standard Servicing
APP-505044,Active,24,3,False,0.0,Standard Servicing
APP-505045,Active,17,3,False,0.0,Standard Servicing
APP-505046,Closed-Good,0,0,False,0.0,Standard Servicing
APP-505047,Closed-Good,0,0,False,0.0,Standard Servicing
APP-505048,Closed-Good,0,0,False,0.0,Standard Servicing
APP-505049,Closed-Good,19,5,False,0.0,Standard Servicing
APP-505050,Closed-Good,9,1,False,0.0,Standard Servicing
APP-505051,Active,0,0,False,0.0,Standard Servicing
APP-505052,Closed-Good,17,4,False,0.0,Standard Servicing
APP-505053,Closed-Good,17,5,False,0.0,Standard Servicing
APP-505054,Active,21,1,False,0.0,Standard Servicing
APP-505055,Closed-Good,24,5,False,0.0,Standard Servicing
APP-505056,Active,9,2,False,0.0,Standard Servicing
APP-505057,Active,0,0,False,0.0,Standard Servicing
APP-505058,Closed-Good,14,2,False,0.0,Standard Servicing
APP-505059,Closed-Good,0,0,False,0.0,Standard Servicing
APP-505060,Active,22,1,False,0.0,Standard Servicing
APP-505061,Active,22,2,False,0.0,Standard Servicing
APP-505062,Active,10,1,False,0.0,Standard Servicing
APP-505063,Closed-Good,21,2,False,0.0,Standard Servicing
APP-505064,Closed-Good,10,1,False,0.0,Standard Servicing
APP-505065,Active,6,1,False,0.0,Standard Servicing
APP-505066,Closed-Good,16,4,False,0.0,Standard Servicing
APP-505067,Active,11,1,False,0.0,Standard Servicing
APP-505068,Closed-Good,24,2,False,0.0,Standard Servicing
APP-505069,Active,24,2,False,0.0,Standard Servicing
APP-505070,Closed-Good,23,3,False,0.0,Standard Servicing
APP-505071,Active,0,0,False,0.0,Standard Servicing
APP-505072,Active,0,0,False,0.0,Standard Servicing
APP-505073,Closed-Good,22,2,False,0.0,Standard Servicing
APP-505074,Closed-Good,16,1,False,0.0,Standard Servicing
APP-505075,Closed-Good,23,1,False,0.0,Standard Servicing
APP-505076,Closed-Good,0,0,False,0.0,Standard Servicing
APP-505077,Active,4,1,False,0.0,Standard Servicing
APP-505078,Active,23,4,False,0.0,Standard Servicing
APP-505079,Closed-Good,18,1,False,0.0,Standard Servicing
APP-505080,Active,8,1,False,0.0,Standard Servicing
APP-505081,Active,1,1,False,0.0,Standard Servicing
APP-505082,Active,21,1,False,0.0,Standard Servicing
APP-505083,Closed-Good,19,2,False,0.0,Standard Servicing
APP-505084,Active,0,0,False,0.0,Standard Servicing
APP-505085,Active,16,2,False,0.0,Standard Servicing
APP-505086,Closed-Good,22,4,False,0.0,Standard Servicing
APP-505087,Closed-Good,18,2,False,0.0,Standard Servicing
APP-505088,Closed-Good,24,2,False,0.0,Standard Servicing
APP-505089,Active,18,2,False,0.0,Standard Servicing
APP-505090,Closed-Good,12,2,False,0.0,Standard Servicing
APP-505091,Written-Off,493,12,False,29419.77,Standard Servicing
APP-505092,Active,15,1,False,0.0,Standard Servicing
APP-505093,Closed-Good,13,1,False,0.0,Standard Servicing
APP-505094,Closed-Good,20,1,False,0.0,Standard Servicing
APP-505095,Closed-Good,13,1,False,0.0,Standard Servicing
APP-505096,Closed-Good,24,3,False,0.0,Standard Servicing
APP-505097,Closed-Good,0,0,False,0.0,Standard Servicing
APP-505098,Active,22,2,False,0.0,Standard Servicing
APP-505099,Active,23,2,False,0.0,Standard Servicing
APP-505100,Active,22,3,False,0.0,Standard Servicing
APP-505101,Closed-Good,1,1,False,0.0,Standard Servicing
APP-505102,Closed-Good,18,3,False,0.0,Standard Servicing
APP-505103,Active,17,3,False,0.0,Standard Servicing
APP-505104,Closed-Good,2,1,False,0.0,Standard Servicing
APP-505105,Closed-Good,19,5,False,0.0,Standard Servicing
APP-505106,Active,12,1,False,0.0,Standard Servicing
APP-505107,Active,23,4,False,0.0,Standard Servicing
APP-505108,Active,23,3,False,0.0,Standard Servicing
APP-505109,Active,12,2,False,0.0,Standard Servicing
APP-505110,Closed-Good,1,1,False,0.0,Standard Servicing
APP-505111,Defaulted,98,6,True,17502.45,Collections/Recovery
APP-505112,Closed-Good,14,1,False,0.0,Standard Servicing
APP-505113,Closed-Good,0,0,False,0.0,Standard Servicing
APP-505114,Active,19,3,False,0.0,Standard Servicing
APP-505115,Active,23,5,False,0.0,Standard Servicing
APP-505116,Active,22,2,False,0.0,Standard Servicing
APP-505117,Active,6,2,False,0.0,Standard Servicing
APP-505118,Closed-Good,18,3,False,0.0,Standard Servicing
APP-505119,Active,0,0,False,0.0,Standard Servicing
APP-505120,Written-Off,725,27,True,9385.32,Collections/Recovery
APP-505121,Active,24,5,False,0.0,Standard Servicing
APP-505122,Active,18,2,False,0.0,Standard Servicing
APP-505123,Active,22,2,False,0.0,Standard Servicing
APP-505124,Closed-Good,6,1,False,0.0,Standard Servicing
APP-505125,Active,21,3,False,0.0,Standard Servicing
APP-505126,Closed-Good,14,3,False,0.0,Standard Servicing
APP-505127,Active,12,3,False,0.0,Standard Servicing
APP-505128,Closed-Good,23,2,False,0.0,Standard Servicing
APP-505129,Closed-Good,6,1,False,0.0,Standard Servicing
APP-505130,Active,16,2,False,0.0,Standard Servicing
APP-505131,Closed-Good,5,1,False,0.0,Standard Servicing
APP-505132,Closed-Good,3,1,False,0.0,Standard Servicing
APP-505133,Active,20,1,False,0.0,Standard Servicing
APP-505134,Active,9,1,False,0.0,Standard Servicing
APP-505135,Closed-Good,13,2,False,0.0,Standard Servicing
APP-505136,Active,12,1,False,0.0,Standard Servicing
APP-505137,Written-Off,737,27,False,131.4,Collections/Recovery
APP-505138,Active,24,3,False,0.0,Standard Servicing
APP-505139,Active,5,3,False,0.0,Standard Servicing
APP-505140,Closed-Good,13,1,False,0.0,Standard Servicing
APP-505141,Closed-Good,24,3,False,0.0,Standard Servicing
APP-505142,Active,12,1,False,0.0,Standard Servicing
APP-505143,Active,1,1,False,0.0,Standard Servicing
APP-505144,Active,16,1,False,0.0,Standard Servicing
APP-505145,Active,1,1,False,0.0,Standard Servicing
APP-505146,Written-Off,1011,36,True,62520.93,Collections/Recovery
APP-505147,Active,0,0,False,0.0,Standard Servicing
APP-505148,Written-Off,498,11,False,18030.7,Collections/Recovery
APP-505149,Closed-Good,0,0,False,0.0,Standard Servicing
APP-505150,Closed-Good,0,0,False,0.0,Standard Servicing
APP-505151,Active,13,3,False,0.0,Standard Servicing
APP-505152,Active,5,1,False,0.0,Standard Servicing
APP-505153,Closed-Good,24,3,False,0.0,Standard Servicing
APP-505154,Closed-Good,14,1,False,0.0,Standard Servicing
APP-505155,Written-Off,552,15,True,3722.16,Collections/Recovery
APP-505156,Closed-Good,18,2,False,0.0,Standard Servicing
APP-505157,Closed-Good,23,2,False,0.0,Standard Servicing
APP-505158,Closed-Good,12,1,False,0.0,Standard Servicing
APP-505159,Active,24,1,False,0.0,Standard Servicing
APP-505160,Defaulted,101,6,False,40482.86,Collections/Recovery
APP-505161,Closed-Good,18,6,False,0.0,Standard Servicing
APP-505162,Closed-Good,0,0,False,0.0,Standard Servicing
APP-505163,Written-Off,705,10,False,1731.89,Collections/Recovery
APP-505164,Closed-Good,2,1,False,0.0,Standard Servicing
APP-505165,Active,24,3,False,0.0,Standard Servicing
APP-505166,Closed-Good,0,0,False,0.0,Standard Servicing
APP-505167,Active,23,1,False,0.0,Standard Servicing
APP-505168,Active,24,5,False,0.0,Standard Servicing
APP-505169,Active,21,2,False,0.0,Standard Servicing
APP-505170,Written-Off,656,26,True,9169.43,Collections/Recovery
APP-505171,Active,22,2,False,0.0,Standard Servicing
APP-505172,Closed-Good,8,1,False,0.0,Standard Servicing
APP-505173,Defaulted,68,5,False,1495.53,Collections/Recovery
APP-505174,Closed-Good,15,1,False,0.0,Standard Servicing
APP-505175,Written-Off,723,10,False,103631.3,Standard Servicing
APP-505176,Closed-Good,4,1,False,0.0,Standard Servicing
APP-505177,Closed-Good,0,0,False,0.0,Standard Servicing
APP-505178,Written-Off,609,17,False,19109.93,Collections/Recovery
APP-505179,Written-Off,766,29,False,32857.8,Collections/Recovery
APP-505180,Closed-Good,0,0,False,0.0,Standard Servicing
APP-505181,Closed-Good,0,0,False,0.0,Standard Servicing
APP-505182,Closed-Good,7,1,False,0.0,Standard Servicing
APP-505183,Active,15,3,False,0.0,Standard Servicing
APP-505184,Active,17,3,False,0.0,Standard Servicing
APP-505185,Closed-Good,0,0,False,0.0,Standard Servicing
APP-505186,Active,20,1,False,0.0,Standard Servicing
APP-505187,Active,0,0,False,0.0,Standard Servicing
APP-505188,Closed-Good,19,4,False,0.0,Standard Servicing
APP-505189,Closed-Good,21,3,False,0.0,Standard Servicing
APP-505190,Closed-Good,5,1,False,0.0,Standard Servicing
APP-505191,Active,19,4,False,0.0,Standard Servicing
APP-505192,Active,23,5,False,0.0,Standard Servicing
APP-505193,Active,22,4,False,0.0,Standard Servicing
APP-505194,Active,24,2,False,0.0,Standard Servicing
APP-505195,Closed-Good,17,2,False,0.0,Standard Servicing
APP-505196,Closed-Good,1,1,False,0.0,Standard Servicing
APP-505197,Active,0,0,False,0.0,Standard Servicing
APP-505198,Active,21,5,False,0.0,Standard Servicing
APP-505199,Active,12,3,False,0.0,Standard Servicing
APP-505200,Written-Off,865,7,False,7118.57,Collections/Recovery
APP-505201,Active,0,0,False,0.0,Standard Servicing
APP-505202,Closed-Good,20,4,False,0.0,Standard Servicing
APP-505203,Active,23,3,False,0.0,Standard Servicing
APP-505204,Active,18,2,False,0.0,Standard Servicing
APP-505205,Written-Off,519,16,False,2389.31,Collections/Recovery
APP-505206,Active,9,1,False,0.0,Standard Servicing
APP-505207,Closed-Good,19,1,False,0.0,Standard Servicing
APP-505208,Active,21,2,False,0.0,Standard Servicing
APP-505209,Closed-Good,0,0,False,0.0,Standard Servicing
APP-505210,Active,18,2,False,0.0,Standard Servicing
APP-505211,Written-Off,341,14,False,60672.61,Collections/Recovery
APP-505212,Active,0,0,False,0.0,Standard Servicing
APP-505213,Closed-Good,19,1,False,0.0,Standard Servicing
APP-505214,Written-Off,232,13,False,4578.59,Collections/Recovery
APP-505215,Active,20,1,False,0.0,Standard Servicing
APP-505216,Active,20,3,False,0.0,Standard Servicing
APP-505217,Active,20,3,False,0.0,Standard Servicing
APP-505218,Active,22,2,False,0.0,Standard Servicing
APP-505219,Active,20,2,False,0.0,Standard Servicing
APP-505220,Active,10,1,False,0.0,Standard Servicing
APP-505221,Closed-Good,2,1,False,0.0,Standard Servicing
APP-505222,Active,12,1,False,0.0,Standard Servicing
APP-505223,Active,0,0,False,0.0,Standard Servicing
APP-505224,Closed-Good,18,1,False,0.0,Standard Servicing
APP-505225,Active,12,2,False,0.0,Standard Servicing
APP-505226,Closed-Good,19,2,False,0.0,Standard Servicing
APP-505227,Active,23,2,False,0.0,Standard Servicing
APP-505228,Active,0,0,False,0.0,Standard Servicing
APP-505229,Active,20,5,False,0.0,Standard Servicing
APP-505230,Closed-Good,10,2,False,0.0,Standard Servicing
APP-505231,Active,22,4,False,0.0,Standard Servicing
APP-505232,Active,17,1,False,0.0,Standard Servicing
APP-505233,Active,22,1,False,0.0,Standard Servicing
APP-505234,Closed-Good,0,0,False,0.0,Standard Servicing
APP-505235,Active,0,0,False,0.0,Standard Servicing
APP-505236,Closed-Good,20,5,False,0.0,Standard Servicing
APP-505237,Closed-Good,18,3,False,0.0,Standard Servicing
APP-505238,Active,23,7,False,0.0,Standard Servicing
APP-505239,Active,0,0,False,0.0,Standard Servicing
APP-505240,Closed-Good,0,0,False,0.0,Standard Servicing
APP-505241,Closed-Good,0,0,False,0.0,Standard Servicing
APP-505242,Active,0,0,False,0.0,Standard Servicing
APP-505243,Closed-Good,1,1,False,0.0,Standard Servicing
APP-505244,Active,19,4,False,0.0,Standard Servicing
APP-505245,Active,24,3,False,0.0,Standard Servicing
APP-505246,Closed-Good,0,0,False,0.0,Standard Servicing
APP-505247,Active,10,1,False,0.0,Standard Servicing
APP-505248,Closed-Good,23,2,False,0.0,Standard Servicing
APP-505249,Active,17,1,False,0.0,Standard Servicing
APP-505250,Active,24,5,False,0.0,Standard Servicing
APP-505251,Closed-Good,23,5,False,0.0,Standard Servicing
APP-505252,Active,0,0,False,0.0,Standard Servicing
APP-505253,Active,4,1,False,0.0,Standard Servicing
APP-505254,Closed-Good,13,2,False,0.0,Standard Servicing
APP-505255,Active,18,3,False,0.0,Standard Servicing
APP-505256,Active,17,1,False,0.0,Standard Servicing
APP-505257,Active,9,2,False,0.0,Standard Servicing
APP-505258,Active,19,5,False,0.0,Standard Servicing
APP-505259,Active,16,1,False,0.0,Standard Servicing
APP-505260,Closed-Good,24,7,False,0.0,Standard Servicing
APP-505261,Closed-Good,23,3,False,0.0,Standard Servicing
APP-505262,Active,7,1,False,0.0,Standard Servicing
APP-505263,Active,20,2,False,0.0,Standard Servicing
APP-505264,Defaulted,40,4,False,74419.6,Standard Servicing
APP-505265,Closed-Good,21,3,False,0.0,Standard Servicing
APP-505266,Written-Off,451,18,False,45584.78,Collections/Recovery
APP-505267,Active,16,1,False,0.0,Standard Servicing
APP-505268,Active,3,1,False,0.0,Standard Servicing
APP-505269,Active,16,2,False,0.0,Standard Servicing
APP-505270,Written-Off,438,17,False,19982.36,Collections/Recovery
APP-505271,Closed-Good,15,1,False,0.0,Standard Servicing
APP-505272,Closed-Good,18,2,False,0.0,Standard Servicing
APP-505273,Active,24,3,False,0.0,Standard Servicing
APP-505274,Closed-Good,21,3,False,0.0,Standard Servicing
APP-505275,Active,24,3,False,0.0,Standard Servicing
APP-505276,Closed-Good,1,1,False,0.0,Standard Servicing
APP-505277,Closed-Good,18,3,False,0.0,Standard Servicing
APP-505278,Active,20,4,False,0.0,Standard Servicing
APP-505279,Closed-Good,13,1,False,0.0,Standard Servicing
APP-505280,Active,24,3,False,0.0,Standard Servicing
APP-505281,Closed-Good,14,1,False,0.0,Standard Servicing
APP-505282,Closed-Good,20,4,False,0.0,Standard Servicing
APP-505283,Closed-Good,23,4,False,0.0,Standard Servicing
APP-505284,Closed-Good,23,1,False,0.0,Standard Servicing
APP-505285,Active,14,4,False,0.0,Standard Servicing
APP-505286,Closed-Good,0,0,False,0.0,Standard Servicing
APP-505287,Active,3,1,False,0.0,Standard Servicing
APP-505288,Closed-Good,0,0,False,0.0,Standard Servicing
APP-505289,Active,0,0,False,0.0,Standard Servicing
APP-505290,Active,12,1,False,0.0,Standard Servicing
APP-505291,Written-Off,562,12,False,64069.27,Collections/Recovery
APP-505292,Closed-Good,10,2,False,0.0,Standard Servicing
APP-505293,Active,15,2,False,0.0,Standard Servicing
APP-505294,Closed-Good,0,0,False,0.0,Standard Servicing
APP-505295,Closed-Good,24,6,False,0.0,Standard Servicing
APP-505296,Closed-Good,14,2,False,0.0,Standard Servicing
APP-505297,Closed-Good,24,1,False,0.0,Standard Servicing
APP-505298,Closed-Good,23,3,False,0.0,Standard Servicing
APP-505299,Closed-Good,13,3,False,0.0,Standard Servicing
APP-505300,Active,6,1,False,0.0,Standard Servicing
APP-505301,Written-Off,206,9,False,114076.51,Collections/Recovery
APP-505302,Active,15,2,False,0.0,Standard Servicing
APP-505303,Active,21,2,False,0.0,Standard Servicing
APP-505304,Closed-Good,7,1,False,0.0,Standard Servicing
APP-505305,Written-Off,298,12,False,20218.0,Collections/Recovery
APP-505306,Closed-Good,20,2,False,0.0,Standard Servicing
APP-505307,Written-Off,946,11,False,41583.64,Standard Servicing
APP-505308,Closed-Good,17,2,False,0.0,Standard Servicing
APP-505309,Active,17,2,False,0.0,Standard Servicing
APP-505310,Active,15,3,False,0.0,Standard Servicing
APP-505311,Active,20,1,False,0.0,Standard Servicing
APP-505312,Written-Off,938,6,False,96075.4,Standard Servicing
APP-505313,Active,0,0,False,0.0,Standard Servicing
APP-505314,Closed-Good,21,5,False,0.0,Standard Servicing
APP-505315,Active,24,3,False,0.0,Standard Servicing
APP-505316,Closed-Good,0,0,False,0.0,Standard Servicing
APP-505317,Defaulted,46,4,False,47432.97,Collections/Recovery
APP-505318,Closed-Good,17,2,False,0.0,Standard Servicing
APP-505319,Closed-Good,19,1,False,0.0,Standard Servicing
APP-505320,Active,20,4,False,0.0,Standard Servicing
APP-505321,Written-Off,250,12,False,36310.51,Standard Servicing
APP-505322,Active,18,3,False,0.0,Standard Servicing
APP-505323,Closed-Good,15,1,False,0.0,Standard Servicing
APP-505324,Closed-Good,24,6,False,0.0,Standard Servicing
APP-505325,Closed-Good,2,1,False,0.0,Standard Servicing
APP-505326,Active,6,3,False,0.0,Standard Servicing
APP-505327,Closed-Good,0,0,False,0.0,Standard Servicing
APP-505328,Closed-Good,19,2,False,0.0,Standard Servicing
APP-505329,Closed-Good,8,1,False,0.0,Standard Servicing
APP-505330,Closed-Good,0,0,False,0.0,Standard Servicing
APP-505331,Active,20,2,False,0.0,Standard Servicing
APP-505332,Active,0,0,False,0.0,Standard Servicing
APP-505333,Closed-Good,18,3,False,0.0,Standard Servicing
APP-505334,Closed-Good,21,1,False,0.0,Standard Servicing
APP-505335,Written-Off,619,27,False,32502.33,Collections/Recovery
APP-505336,Closed-Good,24,4,False,0.0,Standard Servicing
APP-505337,Active,10,2,False,0.0,Standard Servicing
APP-505338,Active,0,0,False,0.0,Standard Servicing
APP-505339,Active,23,6,False,0.0,Standard Servicing
APP-505340,Active,13,3,False,0.0,Standard Servicing
APP-505341,Active,0,0,False,0.0,Standard Servicing
APP-505342,Active,0,0,False,0.0,Standard Servicing
APP-505343,Active,17,2,False,0.0,Standard Servicing
APP-505344,Written-Off,409,17,False,24784.84,Standard Servicing
APP-505345,Closed-Good,22,3,False,0.0,Standard Servicing
APP-505346,Active,21,5,False,0.0,Standard Servicing
APP-505347,Active,20,5,False,0.0,Standard Servicing
APP-505348,Active,21,4,False,0.0,Standard Servicing
APP-505349,Active,0,0,False,0.0,Standard Servicing
APP-505350,Closed-Good,0,0,False,0.0,Standard Servicing
APP-505351,Active,17,2,False,0.0,Standard Servicing
APP-505352,Active,20,1,False,0.0,Standard Servicing
APP-505353,Closed-Good,0,0,False,0.0,Standard Servicing
APP-505354,Closed-Good,8,2,False,0.0,Standard Servicing
APP-505355,Closed-Good,17,3,False,0.0,Standard Servicing
APP-505356,Closed-Good,24,3,False,0.0,Standard Servicing
APP-505357,Active,20,3,False,0.0,Standard Servicing
APP-505358,Active,1,1,False,0.0,Standard Servicing
APP-505359,Active,21,1,False,0.0,Standard Servicing
APP-505360,Active,24,2,False,0.0,Standard Servicing
APP-505361,Active,0,0,False,0.0,Standard Servicing
APP-505362,Closed-Good,24,3,False,0.0,Standard Servicing
APP-505363,Active,20,3,False,0.0,Standard Servicing
APP-505364,Active,11,1,False,0.0,Standard Servicing
APP-505365,Active,14,5,False,0.0,Standard Servicing
APP-505366,Active,0,0,False,0.0,Standard Servicing
APP-505367,Active,12,1,False,0.0,Standard Servicing
APP-505368,Closed-Good,16,2,False,0.0,Standard Servicing
APP-505369,Active,0,0,False,0.0,Standard Servicing
APP-505370,Active,3,3,False,0.0,Standard Servicing
APP-505371,Written-Off,571,19,False,153288.36,Collections/Recovery
APP-505372,Closed-Good,10,2,False,0.0,Standard Servicing
APP-505373,Closed-Good,0,0,False,0.0,Standard Servicing
APP-505374,Active,17,2,False,0.0,Standard Servicing
APP-505375,Closed-Good,22,2,False,0.0,Standard Servicing
APP-505376,Active,16,2,False,0.0,Standard Servicing
APP-505377,Closed-Good,14,1,False,0.0,Standard Servicing
APP-505378,Written-Off,315,16,False,85343.69,Collections/Recovery
APP-505379,Active,17,4,False,0.0,Standard Servicing
APP-505380,Active,8,1,False,0.0,Standard Servicing
APP-505381,Active,0,0,False,0.0,Standard Servicing
APP-505382,Closed-Good,0,0,False,0.0,Standard Servicing
APP-505383,Active,1,1,False,0.0,Standard Servicing
APP-505384,Written-Off,660,24,False,12882.56,Collections/Recovery
APP-505385,Closed-Good,20,1,False,0.0,Standard Servicing
APP-505386,Active,23,1,False,0.0,Standard Servicing
APP-505387,Closed-Good,16,1,False,0.0,Standard Servicing
APP-505388,Written-Off,478,16,False,16862.76,Collections/Recovery
APP-505389,Active,5,2,False,0.0,Standard Servicing
APP-505390,Active,17,1,False,0.0,Standard Servicing
APP-505391,Active,0,0,False,0.0,Standard Servicing
APP-505392,Active,6,1,False,0.0,Standard Servicing
APP-505393,Active,19,4,False,0.0,Standard Servicing
APP-505394,Closed-Good,3,1,False,0.0,Standard Servicing
APP-505395,Active,0,0,False,0.0,Standard Servicing
APP-505396,Active,22,3,False,0.0,Standard Servicing
APP-505397,Active,0,0,False,0.0,Standard Servicing
APP-505398,Defaulted,46,2,True,43592.97,Standard Servicing
APP-505399,Closed-Good,10,5,False,0.0,Standard Servicing
APP-505400,Active,24,4,False,0.0,Standard Servicing
APP-505401,Closed-Good,0,0,False,0.0,Standard Servicing
APP-505402,Active,10,2,False,0.0,Standard Servicing
APP-505403,Written-Off,1091,33,False,26224.02,Collections/Recovery
APP-505404,Active,4,1,False,0.0,Standard Servicing
APP-505405,Active,9,1,False,0.0,Standard Servicing
APP-505406,Active,16,7,False,0.0,Standard Servicing
APP-505407,Active,17,2,False,0.0,Standard Servicing
APP-505408,Active,14,2,False,0.0,Standard Servicing
APP-505409,Active,20,2,False,0.0,Standard Servicing
APP-505410,Closed-Good,23,7,False,0.0,Standard Servicing
APP-505411,Active,0,0,False,0.0,Standard Servicing
APP-505412,Closed-Good,0,0,False,0.0,Standard Servicing
APP-505413,Active,14,1,False,0.0,Standard Servicing
APP-505414,Active,20,2,False,0.0,Standard Servicing
APP-505415,Closed-Good,13,1,False,0.0,Standard Servicing
APP-505416,Active,24,1,False,0.0,Standard Servicing
APP-505417,Closed-Good,0,0,False,0.0,Standard Servicing
APP-505418,Active,11,3,False,0.0,Standard Servicing
APP-505419,Closed-Good,0,0,False,0.0,Standard Servicing
APP-505420,Active,8,1,False,0.0,Standard Servicing
APP-505421,Active,19,4,False,0.0,Standard Servicing
APP-505422,Closed-Good,12,3,False,0.0,Standard Servicing
APP-505423,Active,3,1,False,0.0,Standard Servicing
APP-505424,Closed-Good,12,1,False,0.0,Standard Servicing
APP-505425,Closed-Good,21,4,False,0.0,Standard Servicing
APP-505426,Active,20,5,False,0.0,Standard Servicing
APP-505427,Active,23,1,False,0.0,Standard Servicing
APP-505428,Written-Off,557,22,False,47179.63,Collections/Recovery
APP-505429,Active,6,1,False,0.0,Standard Servicing
APP-505430,Closed-Good,0,0,False,0.0,Standard Servicing
APP-505431,Active,24,1,False,0.0,Standard Servicing
APP-505432,Closed-Good,16,3,False,0.0,Standard Servicing
APP-505433,Closed-Good,15,1,False,0.0,Standard Servicing
APP-505434,Active,0,0,False,0.0,Standard Servicing
APP-505435,Active,23,3,False,0.0,Standard Servicing
APP-505436,Active,13,1,False,0.0,Standard Servicing
APP-505437,Active,22,2,False,0.0,Standard Servicing
APP-505438,Active,16,3,False,0.0,Standard Servicing
APP-505439,Closed-Good,22,2,False,0.0,Standard Servicing
APP-505440,Closed-Good,0,0,False,0.0,Standard Servicing
APP-505441,Closed-Good,0,0,False,0.0,Standard Servicing
APP-505442,Closed-Good,20,3,False,0.0,Standard Servicing
APP-505443,Active,13,1,False,0.0,Standard Servicing
APP-505444,Active,15,3,False,0.0,Standard Servicing
APP-505445,Closed-Good,20,1,False,0.0,Standard Servicing
APP-505446,Closed-Good,18,4,False,0.0,Standard Servicing
APP-505447,Closed-Good,1,1,False,0.0,Standard Servicing
APP-505448,Closed-Good,9,1,False,0.0,Standard Servicing
APP-505449,Closed-Good,13,2,False,0.0,Standard Servicing
APP-505450,Written-Off,670,19,False,88520.46,Collections/Recovery
APP-505451,Active,1,1,False,0.0,Standard Servicing
APP-505452,Active,21,2,False,0.0,Standard Servicing
APP-505453,Active,21,3,False,0.0,Standard Servicing
APP-505454,Active,15,2,False,0.0,Standard Servicing
APP-505455,Closed-Good,19,2,False,0.0,Standard Servicing
APP-505456,Closed-Good,12,4,False,0.0,Standard Servicing
APP-505457,Closed-Good,15,1,False,0.0,Standard Servicing
APP-505458,Active,16,2,False,0.0,Standard Servicing
APP-505459,Closed-Good,9,3,False,0.0,Standard Servicing
APP-505460,Closed-Good,0,0,False,0.0,Standard Servicing
APP-505461,Active,0,0,False,0.0,Standard Servicing
APP-505462,Active,23,1,False,0.0,Standard Servicing
APP-505463,Closed-Good,24,2,False,0.0,Standard Servicing
APP-505464,Closed-Good,10,2,False,0.0,Standard Servicing
APP-505465,Closed-Good,18,4,False,0.0,Standard Servicing
APP-505466,Active,4,2,False,0.0,Standard Servicing
APP-505467,Active,0,0,False,0.0,Standard Servicing
APP-505468,Closed-Good,3,1,False,0.0,Standard Servicing
APP-505469,Active,14,2,False,0.0,Standard Servicing
APP-505470,Active,15,3,False,0.0,Standard Servicing
APP-505471,Active,12,3,False,0.0,Standard Servicing
APP-505472,Active,1,1,False,0.0,Standard Servicing
APP-505473,Closed-Good,24,4,False,0.0,Standard Servicing
APP-505474,Closed-Good,23,4,False,0.0,Standard Servicing
APP-505475,Closed-Good,24,5,False,0.0,Standard Servicing
APP-505476,Active,21,3,False,0.0,Standard Servicing
APP-505477,Active,0,0,False,0.0,Standard Servicing
APP-505478,Closed-Good,6,1,False,0.0,Standard Servicing
APP-505479,Closed-Good,21,2,False,0.0,Standard Servicing
APP-505480,Closed-Good,19,1,False,0.0,Standard Servicing
APP-505481,Active,23,1,False,0.0,Standard Servicing
APP-505482,Active,24,2,False,0.0,Standard Servicing
APP-505483,Active,20,2,False,0.0,Standard Servicing
APP-505484,Active,21,1,False,0.0,Standard Servicing
APP-505485,Closed-Good,14,1,False,0.0,Standard Servicing
APP-505486,Active,0,0,False,0.0,Standard Servicing
APP-505487,Active,24,2,False,0.0,Standard Servicing
APP-505488,Closed-Good,15,4,False,0.0,Standard Servicing
APP-505489,Closed-Good,19,2,False,0.0,Standard Servicing
APP-505490,Active,18,6,False,0.0,Standard Servicing
APP-505491,Active,0,0,False,0.0,Standard Servicing
APP-505492,Active,13,3,False,0.0,Standard Servicing
APP-505493,Active,8,2,False,0.0,Standard Servicing
APP-505494,Closed-Good,16,2,False,0.0,Standard Servicing
APP-505495,Active,16,1,False,0.0,Standard Servicing
APP-505496,Closed-Good,4,1,False,0.0,Standard Servicing
APP-505497,Active,14,2,False,0.0,Standard Servicing
APP-505498,Active,23,3,False,0.0,Standard Servicing
APP-505499,Active,6,1,False,0.0,Standard Servicing
APP-505500,Active,21,1,False,0.0,Standard Servicing
APP-505501,Active,13,1,False,0.0,Standard Servicing
APP-505502,Active,22,3,False,0.0,Standard Servicing
APP-505503,Active,24,3,False,0.0,Standard Servicing
APP-505504,Active,23,2,False,0.0,Standard Servicing
APP-505505,Active,0,0,False,0.0,Standard Servicing
APP-505506,Active,18,5,False,0.0,Standard Servicing
APP-505507,Active,15,1,False,0.0,Standard Servicing
APP-505508,Active,22,3,False,0.0,Standard Servicing
APP-505509,Written-Off,1010,7,False,13348.93,Collections/Recovery
APP-505510,Closed-Good,21,3,False,0.0,Standard Servicing
APP-505511,Closed-Good,22,1,False,0.0,Standard Servicing
APP-505512,Closed-Good,12,2,False,0.0,Standard Servicing
APP-505513,Closed-Good,11,1,False,0.0,Standard Servicing
APP-505514,Closed-Good,7,1,False,0.0,Standard Servicing
APP-505515,Closed-Good,23,1,False,0.0,Standard Servicing
APP-505516,Closed-Good,13,2,False,0.0,Standard Servicing
APP-505517,Active,0,0,False,0.0,Standard Servicing
APP-505518,Active,0,0,False,0.0,Standard Servicing
APP-505519,Written-Off,1009,8,True,50887.35,Standard Servicing
APP-505520,Written-Off,812,21,False,49897.89,Collections/Recovery
APP-505521,Closed-Good,16,3,False,0.0,Standard Servicing
APP-505522,Closed-Good,0,0,False,0.0,Standard Servicing
APP-505523,Active,8,1,False,0.0,Standard Servicing
APP-505524,Active,17,4,False,0.0,Standard Servicing
APP-505525,Written-Off,446,17,True,9565.93,Collections/Recovery
APP-505526,Closed-Good,24,4,False,0.0,Standard Servicing
APP-505527,Closed-Good,0,0,False,0.0,Standard Servicing
APP-505528,Active,18,1,False,0.0,Standard Servicing
APP-505529,Active,16,1,False,0.0,Standard Servicing
APP-505530,Written-Off,270,12,False,21620.79,Collections/Recovery
APP-505531,Active,18,5,False,0.0,Standard Servicing
APP-505532,Active,11,3,False,0.0,Standard Servicing
APP-505533,Closed-Good,20,4,False,0.0,Standard Servicing
APP-505534,Closed-Good,20,2,False,0.0,Standard Servicing
APP-505535,Active,22,2,False,0.0,Standard Servicing
APP-505536,Active,21,1,False,0.0,Standard Servicing
APP-505537,Active,23,2,False,0.0,Standard Servicing
APP-505538,Closed-Good,24,5,False,0.0,Standard Servicing
APP-505539,Closed-Good,21,2,False,0.0,Standard Servicing
APP-505540,Closed-Good,0,0,False,0.0,Standard Servicing
APP-505541,Closed-Good,13,3,False,0.0,Standard Servicing
APP-505542,Closed-Good,20,1,False,0.0,Standard Servicing
APP-505543,Active,9,1,False,0.0,Standard Servicing
APP-505544,Closed-Good,0,0,False,0.0,Standard Servicing
APP-505545,Closed-Good,21,1,False,0.0,Standard Servicing
APP-505546,Active,24,2,False,0.0,Standard Servicing
APP-505547,Active,0,0,False,0.0,Standard Servicing
APP-505548,Active,23,4,False,0.0,Standard Servicing
APP-505549,Active,21,2,False,0.0,Standard Servicing
APP-505550,Written-Off,910,35,True,25138.92,Collections/Recovery
APP-505551,Active,16,2,False,0.0,Standard Servicing
APP-505552,Closed-Good,15,1,False,0.0,Standard Servicing
APP-505553,Closed-Good,0,0,False,0.0,Standard Servicing
APP-505554,Active,17,2,False,0.0,Standard Servicing
APP-505555,Active,0,0,False,0.0,Standard Servicing
APP-505556,Active,0,0,False,0.0,Standard Servicing
APP-505557,Closed-Good,17,3,False,0.0,Standard Servicing
APP-505558,Written-Off,720,14,False,98179.02,Collections/Recovery
APP-505559,Defaulted,40,2,False,25237.11,Collections/Recovery
APP-505560,Closed-Good,23,5,False,0.0,Standard Servicing
APP-505561,Active,21,5,False,0.0,Standard Servicing
APP-505562,Closed-Good,0,0,False,0.0,Standard Servicing
APP-505563,Closed-Good,20,5,False,0.0,Standard Servicing
APP-505564,Active,23,3,False,0.0,Standard Servicing
APP-505565,Closed-Good,19,1,False,0.0,Standard Servicing
APP-505566,Closed-Good,6,2,False,0.0,Standard Servicing
APP-505567,Closed-Good,0,0,False,0.0,Standard Servicing
APP-505568,Active,8,1,False,0.0,Standard Servicing
APP-505569,Active,23,2,False,0.0,Standard Servicing
APP-505570,Closed-Good,0,0,False,0.0,Standard Servicing
APP-505571,Active,22,1,False,0.0,Standard Servicing
APP-505572,Active,20,2,False,0.0,Standard Servicing
APP-505573,Active,22,3,False,0.0,Standard Servicing
APP-505574,Written-Off,565,7,False,18879.56,Standard Servicing
APP-505575,Closed-Good,18,1,False,0.0,Standard Servicing
APP-505576,Active,0,0,False,0.0,Standard Servicing
APP-505577,Closed-Good,7,2,False,0.0,Standard Servicing
APP-505578,Active,2,1,False,0.0,Standard Servicing
APP-505579,Closed-Good,24,6,False,0.0,Standard Servicing
APP-505580,Closed-Good,7,3,False,0.0,Standard Servicing
APP-505581,Closed-Good,0,0,False,0.0,Standard Servicing
APP-505582,Active,9,2,False,0.0,Standard Servicing
APP-505583,Closed-Good,10,2,False,0.0,Standard Servicing
APP-505584,Active,0,0,False,0.0,Standard Servicing
APP-505585,Active,21,2,False,0.0,Standard Servicing
APP-505586,Closed-Good,18,3,False,0.0,Standard Servicing
APP-505587,Closed-Good,23,1,False,0.0,Standard Servicing
APP-505588,Closed-Good,19,3,False,0.0,Standard Servicing
APP-505589,Closed-Good,10,1,False,0.0,Standard Servicing
APP-505590,Written-Off,238,6,False,42766.17,Collections/Recovery
APP-505591,Active,7,1,False,0.0,Standard Servicing
APP-505592,Active,3,1,False,0.0,Standard Servicing
APP-505593,Active,7,2,False,0.0,Standard Servicing
APP-505594,Active,18,5,False,0.0,Standard Servicing
APP-505595,Written-Off,832,30,False,34965.66,Collections/Recovery
APP-505596,Closed-Good,0,0,False,0.0,Standard Servicing
APP-505597,Active,0,0,False,0.0,Standard Servicing
APP-505598,Closed-Good,17,4,False,0.0,Standard Servicing
APP-505599,Active,8,1,False,0.0,Standard Servicing
APP-505600,Closed-Good,8,1,False,0.0,Standard Servicing
APP-505601,Closed-Good,13,3,False,0.0,Standard Servicing
APP-505602,Written-Off,647,19,True,18252.25,Collections/Recovery
APP-505603,Active,23,1,False,0.0,Standard Servicing
APP-505604,Closed-Good,20,3,False,0.0,Standard Servicing
APP-505605,Active,9,1,False,0.0,Standard Servicing
APP-505606,Active,0,0,False,0.0,Standard Servicing
APP-505607,Closed-Good,22,2,False,0.0,Standard Servicing
APP-505608,Closed-Good,0,0,False,0.0,Standard Servicing
APP-505609,Closed-Good,14,2,False,0.0,Standard Servicing
APP-505610,Active,0,0,False,0.0,Standard Servicing
APP-505611,Closed-Good,20,2,False,0.0,Standard Servicing
APP-505612,Active,17,2,False,0.0,Standard Servicing
APP-505613,Active,22,2,False,0.0,Standard Servicing
APP-505614,Closed-Good,18,2,False,0.0,Standard Servicing
APP-505615,Closed-Good,21,2,False,0.0,Standard Servicing
APP-505616,Active,12,4,False,0.0,Standard Servicing
APP-505617,Active,1,1,False,0.0,Standard Servicing
APP-505618,Closed-Good,0,0,False,0.0,Standard Servicing
APP-505619,Closed-Good,19,1,False,0.0,Standard Servicing
APP-505620,Closed-Good,0,0,False,0.0,Standard Servicing
APP-505621,Active,0,0,False,0.0,Standard Servicing
APP-505622,Closed-Good,19,3,False,0.0,Standard Servicing
APP-505623,Closed-Good,18,3,False,0.0,Standard Servicing
APP-505624,Active,24,4,False,0.0,Standard Servicing
APP-505625,Closed-Good,17,3,False,0.0,Standard Servicing
APP-505626,Closed-Good,20,2,False,0.0,Standard Servicing
APP-505627,Active,0,0,False,0.0,Standard Servicing
APP-505628,Closed-Good,11,1,False,0.0,Standard Servicing
APP-505629,Active,2,2,False,0.0,Standard Servicing
APP-505630,Written-Off,713,27,True,80795.11,Collections/Recovery
APP-505631,Closed-Good,22,2,False,0.0,Standard Servicing
APP-505632,Active,0,0,False,0.0,Standard Servicing
APP-505633,Active,17,1,False,0.0,Standard Servicing
APP-505634,Active,20,2,False,0.0,Standard Servicing
APP-505635,Active,10,1,False,0.0,Standard Servicing
APP-505636,Closed-Good,18,2,False,0.0,Standard Servicing
APP-505637,Active,23,4,False,0.0,Standard Servicing
APP-505638,Active,22,3,False,0.0,Standard Servicing
APP-505639,Closed-Good,12,1,False,0.0,Standard Servicing
APP-505640,Active,6,3,False,0.0,Standard Servicing
APP-505641,Closed-Good,5,1,False,0.0,Standard Servicing
APP-505642,Active,6,2,False,0.0,Standard Servicing
APP-505643,Active,0,0,False,0.0,Standard Servicing
APP-505644,Active,21,2,False,0.0,Standard Servicing
APP-505645,Closed-Good,23,3,False,0.0,Standard Servicing
APP-505646,Closed-Good,19,2,False,0.0,Standard Servicing
APP-505647,Active,0,0,False,0.0,Standard Servicing
APP-505648,Closed-Good,23,5,False,0.0,Standard Servicing
APP-505649,Active,0,0,False,0.0,Standard Servicing
APP-505650,Closed-Good,21,4,False,0.0,Standard Servicing
APP-505651,Closed-Good,19,2,False,0.0,Standard Servicing
APP-505652,Closed-Good,20,3,False,0.0,Standard Servicing
APP-505653,Active,0,0,False,0.0,Standard Servicing
APP-505654,Written-Off,765,3,False,49378.86,Standard Servicing
APP-505655,Closed-Good,23,2,False,0.0,Standard Servicing
APP-505656,Written-Off,247,4,False,10933.32,Collections/Recovery
APP-505657,Written-Off,387,18,True,74499.37,Collections/Recovery
APP-505658,Closed-Good,23,4,False,0.0,Standard Servicing
APP-505659,Active,10,1,False,0.0,Standard Servicing
APP-505660,Closed-Good,0,0,False,0.0,Standard Servicing
APP-505661,Active,12,1,False,0.0,Standard Servicing
APP-505662,Active,0,0,False,0.0,Standard Servicing
APP-505663,Closed-Good,0,0,False,0.0,Standard Servicing
APP-505664,Closed-Good,12,1,False,0.0,Standard Servicing
APP-505665,Closed-Good,18,2,False,0.0,Standard Servicing
APP-505666,Active,0,0,False,0.0,Standard Servicing
APP-505667,Written-Off,718,26,False,18066.08,Collections/Recovery
APP-505668,Active,20,1,False,0.0,Standard Servicing
APP-505669,Active,6,1,False,0.0,Standard Servicing
APP-505670,Written-Off,465,19,False,27824.55,Collections/Recovery
APP-505671,Written-Off,623,4,False,868.42,Collections/Recovery
APP-505672,Active,23,3,False,0.0,Standard Servicing
APP-505673,Active,0,0,False,0.0,Standard Servicing
APP-505674,Closed-Good,0,0,False,0.0,Standard Servicing
APP-505675,Active,0,0,False,0.0,Standard Servicing
APP-505676,Closed-Good,23,4,False,0.0,Standard Servicing
APP-505677,Written-Off,929,11,False,156520.43,Collections/Recovery
APP-505678,Closed-Good,10,1,False,0.0,Standard Servicing
APP-505679,Active,16,5,False,0.0,Standard Servicing
APP-505680,Active,20,1,False,0.0,Standard Servicing
APP-505681,Active,23,3,False,0.0,Standard Servicing
APP-505682,Closed-Good,13,4,False,0.0,Standard Servicing
APP-505683,Written-Off,747,20,False,83854.66,Collections/Recovery
APP-505684,Active,20,1,False,0.0,Standard Servicing
APP-505685,Active,16,1,False,0.0,Standard Servicing
APP-505686,Active,9,2,False,0.0,Standard Servicing
APP-505687,Active,0,0,False,0.0,Standard Servicing
APP-505688,Active,18,2,False,0.0,Standard Servicing
APP-505689,Active,12,1,False,0.0,Standard Servicing
APP-505690,Active,16,3,False,0.0,Standard Servicing
APP-505691,Closed-Good,16,4,False,0.0,Standard Servicing
APP-505692,Active,24,1,False,0.0,Standard Servicing
APP-505693,Active,21,2,False,0.0,Standard Servicing
APP-505694,Closed-Good,9,1,False,0.0,Standard Servicing
APP-505695,Active,17,3,False,0.0,Standard Servicing
APP-505696,Defaulted,48,1,False,60062.73,Collections/Recovery
APP-505697,Active,21,1,False,0.0,Standard Servicing
APP-505698,Closed-Good,20,4,False,0.0,Standard Servicing
APP-505699,Active,13,4,False,0.0,Standard Servicing
APP-505700,Active,2,1,False,0.0,Standard Servicing
APP-505701,Active,21,3,False,0.0,Standard Servicing
APP-505702,Closed-Good,17,2,False,0.0,Standard Servicing
APP-505703,Closed-Good,0,0,False,0.0,Standard Servicing
APP-505704,Closed-Good,22,2,False,0.0,Standard Servicing
APP-505705,Active,0,0,False,0.0,Standard Servicing
APP-505706,Active,15,1,False,0.0,Standard Servicing
APP-505707,Active,22,2,False,0.0,Standard Servicing
APP-505708,Active,23,4,False,0.0,Standard Servicing
APP-505709,Active,0,0,False,0.0,Standard Servicing
APP-505710,Active,22,2,False,0.0,Standard Servicing
APP-505711,Active,24,4,False,0.0,Standard Servicing
APP-505712,Written-Off,920,9,True,55070.45,Collections/Recovery
APP-505713,Active,24,5,False,0.0,Standard Servicing
APP-505714,Active,1,1,False,0.0,Standard Servicing
APP-505715,Closed-Good,0,0,False,0.0,Standard Servicing
APP-505716,Closed-Good,15,1,False,0.0,Standard Servicing
APP-505717,Written-Off,180,9,True,20534.08,Collections/Recovery
APP-505718,Active,19,4,False,0.0,Standard Servicing
APP-505719,Closed-Good,0,0,False,0.0,Standard Servicing
APP-505720,Closed-Good,0,0,False,0.0,Standard Servicing
APP-505721,Closed-Good,22,2,False,0.0,Standard Servicing
APP-505722,Active,20,1,False,0.0,Standard Servicing
APP-505723,Active,16,2,False,0.0,Standard Servicing
APP-505724,Closed-Good,0,0,False,0.0,Standard Servicing
APP-505725,Closed-Good,9,2,False,0.0,Standard Servicing
APP-505726,Closed-Good,14,1,False,0.0,Standard Servicing
APP-505727,Closed-Good,0,0,False,0.0,Standard Servicing
APP-505728,Closed-Good,0,0,False,0.0,Standard Servicing
APP-505729,Active,6,1,False,0.0,Standard Servicing
APP-505730,Closed-Good,16,1,False,0.0,Standard Servicing
APP-505731,Active,22,2,False,0.0,Standard Servicing
APP-505732,Closed-Good,0,0,False,0.0,Standard Servicing
APP-505733,Closed-Good,22,2,False,0.0,Standard Servicing
APP-505734,Active,24,4,False,0.0,Standard Servicing
APP-505735,Active,19,2,False,0.0,Standard Servicing
APP-505736,Active,0,0,False,0.0,Standard Servicing
APP-505737,Closed-Good,0,0,False,0.0,Standard Servicing
APP-505738,Active,0,0,False,0.0,Standard Servicing
APP-505739,Closed-Good,0,0,False,0.0,Standard Servicing
APP-505740,Active,20,1,False,0.0,Standard Servicing
APP-505741,Active,18,3,False,0.0,Standard Servicing
APP-505742,Active,22,1,False,0.0,Standard Servicing
APP-505743,Closed-Good,18,4,False,0.0,Standard Servicing
APP-505744,Closed-Good,2,1,False,0.0,Standard Servicing
APP-505745,Active,0,0,False,0.0,Standard Servicing
APP-505746,Active,2,1,False,0.0,Standard Servicing
APP-505747,Closed-Good,19,1,False,0.0,Standard Servicing
APP-505748,Active,0,0,False,0.0,Standard Servicing
APP-505749,Closed-Good,6,3,False,0.0,Standard Servicing
APP-505750,Active,24,2,False,0.0,Standard Servicing
APP-505751,Closed-Good,11,2,False,0.0,Standard Servicing
APP-505752,Active,19,2,False,0.0,Standard Servicing
APP-505753,Active,15,1,False,0.0,Standard Servicing
APP-505754,Closed-Good,15,1,False,0.0,Standard Servicing
APP-505755,Closed-Good,14,5,False,0.0,Standard Servicing
APP-505756,Closed-Good,0,0,False,0.0,Standard Servicing
APP-505757,Closed-Good,15,1,False,0.0,Standard Servicing
APP-505758,Active,14,1,False,0.0,Standard Servicing
APP-505759,Active,13,4,False,0.0,Standard Servicing
APP-505760,Active,20,1,False,0.0,Standard Servicing
APP-505761,Active,23,1,False,0.0,Standard Servicing
APP-505762,Closed-Good,13,1,False,0.0,Standard Servicing
APP-505763,Closed-Good,9,2,False,0.0,Standard Servicing
APP-505764,Active,11,1,False,0.0,Standard Servicing
APP-505765,Written-Off,1077,10,False,25238.22,Collections/Recovery
APP-505766,Closed-Good,24,1,False,0.0,Standard Servicing
APP-505767,Closed-Good,0,0,False,0.0,Standard Servicing
APP-505768,Active,20,4,False,0.0,Standard Servicing
APP-505769,Active,19,6,False,0.0,Standard Servicing
APP-505770,Closed-Good,0,0,False,0.0,Standard Servicing
APP-505771,Closed-Good,9,1,False,0.0,Standard Servicing
APP-505772,Closed-Good,18,3,False,0.0,Standard Servicing
APP-505773,Active,24,3,False,0.0,Standard Servicing
APP-505774,Closed-Good,7,1,False,0.0,Standard Servicing
APP-505775,Active,0,0,False,0.0,Standard Servicing
APP-505776,Closed-Good,20,1,False,0.0,Standard Servicing
APP-505777,Active,9,1,False,0.0,Standard Servicing
APP-505778,Active,24,4,False,0.0,Standard Servicing
APP-505779,Closed-Good,0,0,False,0.0,Standard Servicing
APP-505780,Active,16,5,False,0.0,Standard Servicing
APP-505781,Active,21,3,False,0.0,Standard Servicing
APP-505782,Active,22,5,False,0.0,Standard Servicing
APP-505783,Active,12,4,False,0.0,Standard Servicing
APP-505784,Closed-Good,17,2,False,0.0,Standard Servicing
APP-505785,Closed-Good,12,3,False,0.0,Standard Servicing
APP-505786,Active,6,2,False,0.0,Standard Servicing
APP-505787,Active,3,1,False,0.0,Standard Servicing
APP-505788,Active,24,1,False,0.0,Standard Servicing
APP-505789,Written-Off,816,7,True,18678.79,Collections/Recovery
APP-505790,Closed-Good,0,0,False,0.0,Standard Servicing
APP-505791,Active,22,3,False,0.0,Standard Servicing
APP-505792,Active,24,5,False,0.0,Standard Servicing
APP-505793,Active,15,2,False,0.0,Standard Servicing
APP-505794,Active,8,2,False,0.0,Standard Servicing
APP-505795,Active,0,0,False,0.0,Standard Servicing
APP-505796,Closed-Good,17,2,False,0.0,Standard Servicing
APP-505797,Active,22,1,False,0.0,Standard Servicing
APP-505798,Closed-Good,18,4,False,0.0,Standard Servicing
APP-505799,Active,11,2,False,0.0,Standard Servicing
APP-505800,Closed-Good,22,2,False,0.0,Standard Servicing
APP-505801,Closed-Good,20,3,False,0.0,Standard Servicing
APP-505802,Active,10,1,False,0.0,Standard Servicing
APP-505803,Closed-Good,8,1,False,0.0,Standard Servicing
APP-505804,Active,9,1,False,0.0,Standard Servicing
APP-505805,Active,17,3,False,0.0,Standard Servicing
APP-505806,Closed-Good,8,1,False,0.0,Standard Servicing
APP-505807,Active,0,0,False,0.0,Standard Servicing
APP-505808,Active,8,4,False,0.0,Standard Servicing
APP-505809,Active,0,0,False,0.0,Standard Servicing
APP-505810,Closed-Good,22,3,False,0.0,Standard Servicing
APP-505811,Active,18,4,False,0.0,Standard Servicing
APP-505812,Closed-Good,14,2,False,0.0,Standard Servicing
APP-505813,Active,2,1,False,0.0,Standard Servicing
APP-505814,Closed-Good,13,3,False,0.0,Standard Servicing
APP-505815,Closed-Good,5,1,False,0.0,Standard Servicing
APP-505816,Active,21,1,False,0.0,Standard Servicing
APP-505817,Closed-Good,24,5,False,0.0,Standard Servicing
APP-505818,Closed-Good,0,0,False,0.0,Standard Servicing
APP-505819,Active,19,4,False,0.0,Standard Servicing
APP-505820,Active,24,2,False,0.0,Standard Servicing
APP-505821,Active,0,0,False,0.0,Standard Servicing
APP-505822,Active,11,4,False,0.0,Standard Servicing
APP-505823,Closed-Good,15,2,False,0.0,Standard Servicing
APP-505824,Closed-Good,0,0,False,0.0,Standard Servicing
APP-505825,Closed-Good,16,3,False,0.0,Standard Servicing
APP-505826,Active,20,1,False,0.0,Standard Servicing
APP-505827,Active,13,1,False,0.0,Standard Servicing
APP-505828,Closed-Good,9,1,False,0.0,Standard Servicing
APP-505829,Active,23,3,False,0.0,Standard Servicing
APP-505830,Active,12,2,False,0.0,Standard Servicing
APP-505831,Closed-Good,17,4,False,0.0,Standard Servicing
APP-505832,Active,17,2,False,0.0,Standard Servicing
APP-505833,Closed-Good,23,5,False,0.0,Standard Servicing
APP-505834,Closed-Good,0,0,False,0.0,Standard Servicing
APP-505835,Closed-Good,9,1,False,0.0,Standard Servicing
APP-505836,Active,19,1,False,0.0,Standard Servicing
APP-505837,Written-Off,665,6,True,2911.92,Standard Servicing
APP-505838,Active,20,6,False,0.0,Standard Servicing
APP-505839,Closed-Good,21,4,False,0.0,Standard Servicing
APP-505840,Active,0,0,False,0.0,Standard Servicing
APP-505841,Closed-Good,0,0,False,0.0,Standard Servicing
APP-505842,Active,22,5,False,0.0,Standard Servicing
APP-505843,Closed-Good,14,2,False,0.0,Standard Servicing
APP-505844,Closed-Good,18,2,False,0.0,Standard Servicing
APP-505845,Closed-Good,22,3,False,0.0,Standard Servicing
APP-505846,Active,0,0,False,0.0,Standard Servicing
APP-505847,Closed-Good,5,1,False,0.0,Standard Servicing
APP-505848,Active,12,4,False,0.0,Standard Servicing
APP-505849,Active,19,4,False,0.0,Standard Servicing
APP-505850,Active,0,0,False,0.0,Standard Servicing
APP-505851,Closed-Good,16,3,False,0.0,Standard Servicing
APP-505852,Active,18,4,False,0.0,Standard Servicing
APP-505853,Closed-Good,13,2,False,0.0,Standard Servicing
APP-505854,Active,3,1,False,0.0,Standard Servicing
APP-505855,Closed-Good,7,1,False,0.0,Standard Servicing
APP-505856,Closed-Good,15,4,False,0.0,Standard Servicing
APP-505857,Closed-Good,4,1,False,0.0,Standard Servicing
APP-505858,Active,0,0,False,0.0,Standard Servicing
APP-505859,Closed-Good,19,3,False,0.0,Standard Servicing
APP-505860,Closed-Good,0,0,False,0.0,Standard Servicing
APP-505861,Closed-Good,9,1,False,0.0,Standard Servicing
APP-505862,Closed-Good,22,8,False,0.0,Standard Servicing
APP-505863,Active,6,2,False,0.0,Standard Servicing
APP-505864,Active,10,4,False,0.0,Standard Servicing
APP-505865,Closed-Good,15,1,False,0.0,Standard Servicing
APP-505866,Active,3,1,False,0.0,Standard Servicing
APP-505867,Closed-Good,0,0,False,0.0,Standard Servicing
APP-505868,Active,15,1,False,0.0,Standard Servicing
APP-505869,Closed-Good,20,3,False,0.0,Standard Servicing
APP-505870,Closed-Good,22,3,False,0.0,Standard Servicing
APP-505871,Closed-Good,0,0,False,0.0,Standard Servicing
APP-505872,Active,15,1,False,0.0,Standard Servicing
APP-505873,Defaulted,38,2,False,51410.7,Collections/Recovery
APP-505874,Active,0,0,False,0.0,Standard Servicing
APP-505875,Active,3,2,False,0.0,Standard Servicing
APP-505876,Active,0,0,False,0.0,Standard Servicing
APP-505877,Closed-Good,7,3,False,0.0,Standard Servicing
APP-505878,Closed-Good,24,2,False,0.0,Standard Servicing
APP-505879,Active,8,1,False,0.0,Standard Servicing
APP-505880,Closed-Good,11,2,False,0.0,Standard Servicing
APP-505881,Closed-Good,21,3,False,0.0,Standard Servicing
APP-505882,Active,23,1,False,0.0,Standard Servicing
APP-505883,Active,0,0,False,0.0,Standard Servicing
APP-505884,Active,19,1,False,0.0,Standard Servicing
APP-505885,Defaulted,64,3,False,66890.7,Collections/Recovery
APP-505886,Closed-Good,0,0,False,0.0,Standard Servicing
APP-505887,Closed-Good,15,2,False,0.0,Standard Servicing
APP-505888,Active,17,1,False,0.0,Standard Servicing
APP-505889,Closed-Good,2,1,False,0.0,Standard Servicing
APP-505890,Closed-Good,0,0,False,0.0,Standard Servicing
APP-505891,Active,19,1,False,0.0,Standard Servicing
APP-505892,Closed-Good,21,2,False,0.0,Standard Servicing
APP-505893,Active,10,2,False,0.0,Standard Servicing
APP-505894,Closed-Good,1,1,False,0.0,Standard Servicing
APP-505895,Active,8,1,False,0.0,Standard Servicing
APP-505896,Closed-Good,15,1,False,0.0,Standard Servicing
APP-505897,Closed-Good,21,4,False,0.0,Standard Servicing
APP-505898,Written-Off,238,10,False,51012.72,Collections/Recovery
APP-505899,Closed-Good,22,7,False,0.0,Standard Servicing
APP-505900,Active,22,2,False,0.0,Standard Servicing
APP-505901,Closed-Good,19,1,False,0.0,Standard Servicing
APP-505902,Written-Off,863,9,True,16030.1,Standard Servicing
APP-505903,Closed-Good,22,3,False,0.0,Standard Servicing
APP-505904,Active,21,2,False,0.0,Standard Servicing
APP-505905,Active,10,1,False,0.0,Standard Servicing
APP-505906,Active,4,1,False,0.0,Standard Servicing
APP-505907,Active,0,0,False,0.0,Standard Servicing
APP-505908,Defaulted,126,7,True,83258.22,Collections/Recovery
APP-505909,Active,10,1,False,0.0,Standard Servicing
APP-505910,Written-Off,752,24,False,16505.39,Collections/Recovery
APP-505911,Closed-Good,24,4,False,0.0,Standard Servicing
APP-505912,Active,0,0,False,0.0,Standard Servicing
APP-505913,Closed-Good,0,0,False,0.0,Standard Servicing
APP-505914,Closed-Good,0,0,False,0.0,Standard Servicing
APP-505915,Closed-Good,22,7,False,0.0,Standard Servicing
APP-505916,Active,0,0,False,0.0,Standard Servicing
APP-505917,Active,20,3,False,0.0,Standard Servicing
APP-505918,Closed-Good,0,0,False,0.0,Standard Servicing
APP-505919,Closed-Good,2,1,False,0.0,Standard Servicing
APP-505920,Closed-Good,9,1,False,0.0,Standard Servicing
APP-505921,Defaulted,176,8,True,103059.82,Collections/Recovery
APP-505922,Closed-Good,0,0,False,0.0,Standard Servicing
APP-505923,Closed-Good,23,2,False,0.0,Standard Servicing
APP-505924,Active,16,3,False,0.0,Standard Servicing
APP-505925,Written-Off,453,18,False,420.98,Collections/Recovery
APP-505926,Written-Off,283,9,False,64811.26,Collections/Recovery
APP-505927,Active,0,0,False,0.0,Standard Servicing
APP-505928,Closed-Good,18,2,False,0.0,Standard Servicing
APP-505929,Closed-Good,18,1,False,0.0,Standard Servicing
APP-505930,Active,20,4,False,0.0,Standard Servicing
APP-505931,Active,0,0,False,0.0,Standard Servicing
APP-505932,Active,3,1,False,0.0,Standard Servicing
APP-505933,Active,10,2,False,0.0,Standard Servicing
APP-505934,Active,0,0,False,0.0,Standard Servicing
APP-505935,Closed-Good,10,1,False,0.0,Standard Servicing
APP-505936,Active,16,2,False,0.0,Standard Servicing
APP-505937,Active,21,2,False,0.0,Standard Servicing
APP-505938,Written-Off,223,12,False,74453.18,Collections/Recovery
APP-505939,Closed-Good,17,1,False,0.0,Standard Servicing
APP-505940,Active,4,1,False,0.0,Standard Servicing
APP-505941,Written-Off,228,4,False,24448.17,Collections/Recovery
APP-505942,Active,19,3,False,0.0,Standard Servicing
APP-505943,Closed-Good,19,4,False,0.0,Standard Servicing
APP-505944,Active,8,2,False,0.0,Standard Servicing
APP-505945,Active,0,0,False,0.0,Standard Servicing
APP-505946,Closed-Good,23,6,False,0.0,Standard Servicing
APP-505947,Active,19,3,False,0.0,Standard Servicing
APP-505948,Active,17,3,False,0.0,Standard Servicing
APP-505949,Active,19,2,False,0.0,Standard Servicing
APP-505950,Written-Off,581,21,False,8372.5,Collections/Recovery
APP-505951,Written-Off,465,18,False,22953.47,Collections/Recovery
APP-505952,Closed-Good,0,0,False,0.0,Standard Servicing
APP-505953,Active,17,3,False,0.0,Standard Servicing
APP-505954,Active,6,1,False,0.0,Standard Servicing
APP-505955,Active,19,3,False,0.0,Standard Servicing
APP-505956,Closed-Good,15,2,False,0.0,Standard Servicing
APP-505957,Active,2,1,False,0.0,Standard Servicing
APP-505958,Closed-Good,0,0,False,0.0,Standard Servicing
APP-505959,Written-Off,940,29,False,3910.36,Collections/Recovery
APP-505960,Active,11,3,False,0.0,Standard Servicing
APP-505961,Active,8,2,False,0.0,Standard Servicing
APP-505962,Closed-Good,0,0,False,0.0,Standard Servicing
APP-505963,Closed-Good,22,2,False,0.0,Standard Servicing
APP-505964,Active,0,0,False,0.0,Standard Servicing
APP-505965,Active,10,2,False,0.0,Standard Servicing
APP-505966,Active,20,1,False,0.0,Standard Servicing
APP-505967,Active,23,2,False,0.0,Standard Servicing
APP-505968,Active,17,2,False,0.0,Standard Servicing
APP-505969,Closed-Good,20,1,False,0.0,Standard Servicing
APP-505970,Closed-Good,7,1,False,0.0,Standard Servicing
APP-505971,Active,21,3,False,0.0,Standard Servicing
APP-505972,Closed-Good,20,5,False,0.0,Standard Servicing
APP-505973,Active,5,1,False,0.0,Standard Servicing
APP-505974,Closed-Good,23,2,False,0.0,Standard Servicing
APP-505975,Active,18,5,False,0.0,Standard Servicing
APP-505976,Closed-Good,0,0,False,0.0,Standard Servicing
APP-505977,Closed-Good,17,2,False,0.0,Standard Servicing
APP-505978,Active,15,4,False,0.0,Standard Servicing
APP-505979,Active,0,0,False,0.0,Standard Servicing
APP-505980,Closed-Good,21,3,False,0.0,Standard Servicing
APP-505981,Active,14,1,False,0.0,Standard Servicing
APP-505982,Written-Off,913,34,False,48778.94,Collections/Recovery
APP-505983,Active,0,0,False,0.0,Standard Servicing
APP-505984,Active,0,0,False,0.0,Standard Servicing
APP-505985,Closed-Good,17,1,False,0.0,Standard Servicing
APP-505986,Active,0,0,False,0.0,Standard Servicing
APP-505987,Active,20,3,False,0.0,Standard Servicing
APP-505988,Active,0,0,False,0.0,Standard Servicing
APP-505989,Active,0,0,False,0.0,Standard Servicing
APP-505990,Active,9,1,False,0.0,Standard Servicing
APP-505991,Active,24,2,False,0.0,Standard Servicing
APP-505992,Active,0,0,False,0.0,Standard Servicing
APP-505993,Active,0,0,False,0.0,Standard Servicing
APP-505994,Closed-Good,19,2,False,0.0,Standard Servicing
APP-505995,Closed-Good,15,2,False,0.0,Standard Servicing
APP-505996,Closed-Good,24,2,False,0.0,Standard Servicing
APP-505997,Closed-Good,12,2,False,0.0,Standard Servicing
APP-505998,Active,13,1,False,0.0,Standard Servicing
APP-505999,Active,15,3,False,0.0,Standard Servicing
APP-506000,Closed-Good,4,1,False,0.0,Standard Servicing
APP-506001,Closed-Good,8,4,False,0.0,Standard Servicing
APP-506002,Active,0,0,False,0.0,Standard Servicing
APP-506003,Written-Off,316,13,False,19559.16,Collections/Recovery
APP-506004,Closed-Good,22,3,False,0.0,Standard Servicing
APP-506005,Closed-Good,11,1,False,0.0,Standard Servicing
APP-506006,Active,15,3,False,0.0,Standard Servicing
APP-506007,Active,15,1,False,0.0,Standard Servicing
APP-506008,Active,19,4,False,0.0,Standard Servicing
APP-506009,Written-Off,1029,32,False,51597.63,Collections/Recovery
APP-506010,Active,14,3,False,0.0,Standard Servicing
APP-506011,Closed-Good,1,1,False,0.0,Standard Servicing
APP-506012,Closed-Good,11,1,False,0.0,Standard Servicing
APP-506013,Closed-Good,0,0,False,0.0,Standard Servicing
APP-506014,Closed-Good,12,1,False,0.0,Standard Servicing
APP-506015,Active,14,1,False,0.0,Standard Servicing
APP-506016,Closed-Good,12,1,False,0.0,Standard Servicing
APP-506017,Active,3,1,False,0.0,Standard Servicing
APP-506018,Written-Off,847,31,False,24741.52,Collections/Recovery
APP-506019,Closed-Good,1,1,False,0.0,Standard Servicing
APP-506020,Active,16,3,False,0.0,Standard Servicing
APP-506021,Active,0,0,False,0.0,Standard Servicing
APP-506022,Closed-Good,0,0,False,0.0,Standard Servicing
APP-506023,Closed-Good,22,3,False,0.0,Standard Servicing
APP-506024,Active,15,2,False,0.0,Standard Servicing
APP-506025,Closed-Good,17,3,False,0.0,Standard Servicing
APP-506026,Closed-Good,10,2,False,0.0,Standard Servicing
APP-506027,Active,0,0,False,0.0,Standard Servicing
APP-506028,Closed-Good,11,1,False,0.0,Standard Servicing
APP-506029,Closed-Good,14,1,False,0.0,Standard Servicing
APP-506030,Active,19,4,False,0.0,Standard Servicing
APP-506031,Closed-Good,0,0,False,0.0,Standard Servicing
APP-506032,Active,22,5,False,0.0,Standard Servicing
APP-506033,Active,10,2,False,0.0,Standard Servicing
APP-506034,Closed-Good,24,4,False,0.0,Standard Servicing
APP-506035,Active,23,2,False,0.0,Standard Servicing
APP-506036,Active,11,5,False,0.0,Standard Servicing
APP-506037,Closed-Good,18,3,False,0.0,Standard Servicing
APP-506038,Active,13,2,False,0.0,Standard Servicing
APP-506039,Active,14,3,False,0.0,Standard Servicing
APP-506040,Active,21,2,False,0.0,Standard Servicing
APP-506041,Closed-Good,21,6,False,0.0,Standard Servicing
APP-506042,Active,16,1,False,0.0,Standard Servicing
APP-506043,Active,0,0,False,0.0,Standard Servicing
APP-506044,Written-Off,697,14,False,24591.55,Collections/Recovery
APP-506045,Written-Off,191,11,True,15692.18,Collections/Recovery
APP-506046,Active,23,4,False,0.0,Standard Servicing
APP-506047,Closed-Good,24,7,False,0.0,Standard Servicing
APP-506048,Closed-Good,12,2,False,0.0,Standard Servicing
APP-506049,Written-Off,820,24,False,64038.1,Standard Servicing
APP-506050,Written-Off,627,5,False,37114.36,Collections/Recovery
APP-506051,Active,0,0,False,0.0,Standard Servicing
APP-506052,Active,17,4,False,0.0,Standard Servicing
APP-506053,Active,0,0,False,0.0,Standard Servicing
APP-506054,Closed-Good,21,1,False,0.0,Standard Servicing
APP-506055,Active,14,2,False,0.0,Standard Servicing
APP-506056,Active,24,3,False,0.0,Standard Servicing
APP-506057,Closed-Good,0,0,False,0.0,Standard Servicing
APP-506058,Closed-Good,11,1,False,0.0,Standard Servicing
APP-506059,Active,16,2,False,0.0,Standard Servicing
APP-506060,Active,23,2,False,0.0,Standard Servicing
APP-506061,Written-Off,322,13,False,875.78,Collections/Recovery
APP-506062,Active,6,1,False,0.0,Standard Servicing
APP-506063,Closed-Good,15,4,False,0.0,Standard Servicing
APP-506064,Closed-Good,18,1,False,0.0,Standard Servicing
APP-506065,Active,0,0,False,0.0,Standard Servicing
APP-506066,Closed-Good,19,4,False,0.0,Standard Servicing
APP-506067,Active,24,4,False,0.0,Standard Servicing
APP-506068,Closed-Good,23,5,False,0.0,Standard Servicing
APP-506069,Closed-Good,17,1,False,0.0,Standard Servicing
APP-506070,Active,3,1,False,0.0,Standard Servicing
APP-506071,Written-Off,563,15,False,37906.4,Collections/Recovery
APP-506072,Closed-Good,0,0,False,0.0,Standard Servicing
APP-506073,Closed-Good,22,1,False,0.0,Standard Servicing
APP-506074,Active,6,1,False,0.0,Standard Servicing
APP-506075,Active,15,2,False,0.0,Standard Servicing
APP-506076,Active,24,2,False,0.0,Standard Servicing
APP-506077,Closed-Good,11,2,False,0.0,Standard Servicing
APP-506078,Closed-Good,19,2,False,0.0,Standard Servicing
APP-506079,Active,16,3,False,0.0,Standard Servicing
APP-506080,Active,24,2,False,0.0,Standard Servicing
APP-506081,Active,20,1,False,0.0,Standard Servicing
APP-506082,Active,20,3,False,0.0,Standard Servicing
APP-506083,Closed-Good,19,3,False,0.0,Standard Servicing
APP-506084,Active,9,2,False,0.0,Standard Servicing
APP-506085,Active,17,1,False,0.0,Standard Servicing
APP-506086,Closed-Good,17,3,False,0.0,Standard Servicing
APP-506087,Closed-Good,18,6,False,0.0,Standard Servicing
APP-506088,Active,20,3,False,0.0,Standard Servicing
APP-506089,Closed-Good,8,1,False,0.0,Standard Servicing
APP-506090,Closed-Good,10,2,False,0.0,Standard Servicing
APP-506091,Active,9,1,False,0.0,Standard Servicing
APP-506092,Closed-Good,7,2,False,0.0,Standard Servicing
APP-506093,Closed-Good,14,1,False,0.0,Standard Servicing
APP-506094,Closed-Good,14,2,False,0.0,Standard Servicing
APP-506095,Closed-Good,17,3,False,0.0,Standard Servicing
APP-506096,Active,17,1,False,0.0,Standard Servicing
APP-506097,Active,21,3,False,0.0,Standard Servicing
APP-506098,Closed-Good,24,4,False,0.0,Standard Servicing
APP-506099,Active,21,2,False,0.0,Standard Servicing
APP-506100,Active,0,0,False,0.0,Standard Servicing
APP-506101,Closed-Good,16,2,False,0.0,Standard Servicing
APP-506102,Closed-Good,10,1,False,0.0,Standard Servicing
APP-506103,Active,21,3,False,0.0,Standard Servicing
APP-506104,Closed-Good,3,1,False,0.0,Standard Servicing
APP-506105,Active,21,2,False,0.0,Standard Servicing
APP-506106,Active,9,1,False,0.0,Standard Servicing
APP-506107,Closed-Good,0,0,False,0.0,Standard Servicing
APP-506108,Active,24,2,False,0.0,Standard Servicing
APP-506109,Active,12,5,False,0.0,Standard Servicing
APP-506110,Active,0,0,False,0.0,Standard Servicing
APP-506111,Active,22,3,False,0.0,Standard Servicing
APP-506112,Active,22,2,False,0.0,Standard Servicing
APP-506113,Closed-Good,18,2,False,0.0,Standard Servicing
APP-506114,Active,6,1,False,0.0,Standard Servicing
APP-506115,Closed-Good,13,2,False,0.0,Standard Servicing
APP-506116,Closed-Good,14,2,False,0.0,Standard Servicing
APP-506117,Defaulted,130,8,False,22131.2,Collections/Recovery
APP-506118,Written-Off,363,16,False,19246.4,Standard Servicing
APP-506119,Active,0,0,False,0.0,Standard Servicing
APP-506120,Closed-Good,22,4,False,0.0,Standard Servicing
APP-506121,Closed-Good,15,2,False,0.0,Standard Servicing
APP-506122,Closed-Good,0,0,False,0.0,Standard Servicing
APP-506123,Active,23,2,False,0.0,Standard Servicing
APP-506124,Closed-Good,23,5,False,0.0,Standard Servicing
APP-506125,Closed-Good,1,1,False,0.0,Standard Servicing
APP-506126,Closed-Good,15,1,False,0.0,Standard Servicing
APP-506127,Active,22,3,False,0.0,Standard Servicing
APP-506128,Active,14,2,False,0.0,Standard Servicing
APP-506129,Closed-Good,24,7,False,0.0,Standard Servicing
APP-506130,Active,1,1,False,0.0,Standard Servicing
APP-506131,Closed-Good,16,4,False,0.0,Standard Servicing
APP-506132,Active,0,0,False,0.0,Standard Servicing
APP-506133,Closed-Good,17,3,False,0.0,Standard Servicing
APP-506134,Closed-Good,15,2,False,0.0,Standard Servicing
APP-506135,Closed-Good,13,2,False,0.0,Standard Servicing
APP-506136,Active,9,2,False,0.0,Standard Servicing
APP-506137,Closed-Good,0,0,False,0.0,Standard Servicing
APP-506138,Closed-Good,17,3,False,0.0,Standard Servicing
APP-506139,Closed-Good,16,1,False,0.0,Standard Servicing
APP-506140,Written-Off,726,11,False,44071.77,Collections/Recovery
APP-506141,Active,0,0,False,0.0,Standard Servicing
APP-506142,Active,19,2,False,0.0,Standard Servicing
APP-506143,Active,24,4,False,0.0,Standard Servicing
APP-506144,Active,0,0,False,0.0,Standard Servicing
APP-506145,Closed-Good,20,2,False,0.0,Standard Servicing
APP-506146,Closed-Good,21,1,False,0.0,Standard Servicing
APP-506147,Active,7,1,False,0.0,Standard Servicing
APP-506148,Closed-Good,22,3,False,0.0,Standard Servicing
APP-506149,Closed-Good,5,2,False,0.0,Standard Servicing
APP-506150,Closed-Good,17,1,False,0.0,Standard Servicing
APP-506151,Closed-Good,17,2,False,0.0,Standard Servicing
APP-506152,Active,22,5,False,0.0,Standard Servicing
APP-506153,Closed-Good,24,3,False,0.0,Standard Servicing
APP-506154,Closed-Good,10,1,False,0.0,Standard Servicing
APP-506155,Active,16,1,False,0.0,Standard Servicing
APP-506156,Active,16,1,False,0.0,Standard Servicing
APP-506157,Closed-Good,22,4,False,0.0,Standard Servicing
APP-506158,Active,10,1,False,0.0,Standard Servicing
APP-506159,Closed-Good,20,3,False,0.0,Standard Servicing
APP-506160,Written-Off,419,16,False,19024.01,Collections/Recovery
APP-506161,Active,8,1,False,0.0,Standard Servicing
APP-506162,Active,16,3,False,0.0,Standard Servicing
APP-506163,Active,21,3,False,0.0,Standard Servicing
APP-506164,Closed-Good,21,4,False,0.0,Standard Servicing
APP-506165,Closed-Good,15,2,False,0.0,Standard Servicing
APP-506166,Active,23,3,False,0.0,Standard Servicing
APP-506167,Active,4,2,False,0.0,Standard Servicing
APP-506168,Active,20,2,False,0.0,Standard Servicing
APP-506169,Written-Off,909,33,False,8013.07,Collections/Recovery
APP-506170,Closed-Good,22,2,False,0.0,Standard Servicing
APP-506171,Written-Off,868,10,False,44380.96,Collections/Recovery
APP-506172,Written-Off,636,25,False,23309.97,Collections/Recovery
APP-506173,Closed-Good,8,3,False,0.0,Standard Servicing
APP-506174,Closed-Good,23,4,False,0.0,Standard Servicing
APP-506175,Closed-Good,24,3,False,0.0,Standard Servicing
APP-506176,Closed-Good,0,0,False,0.0,Standard Servicing
APP-506177,Closed-Good,8,2,False,0.0,Standard Servicing
APP-506178,Closed-Good,24,1,False,0.0,Standard Servicing
APP-506179,Closed-Good,23,3,False,0.0,Standard Servicing
APP-506180,Closed-Good,24,2,False,0.0,Standard Servicing
APP-506181,Active,11,1,False,0.0,Standard Servicing
APP-506182,Closed-Good,17,2,False,0.0,Standard Servicing
APP-506183,Closed-Good,22,2,False,0.0,Standard Servicing
APP-506184,Active,14,1,False,0.0,Standard Servicing
APP-506185,Active,9,2,False,0.0,Standard Servicing
APP-506186,Active,21,2,False,0.0,Standard Servicing
APP-506187,Active,18,5,False,0.0,Standard Servicing
APP-506188,Closed-Good,23,3,False,0.0,Standard Servicing
APP-506189,Active,0,0,False,0.0,Standard Servicing
APP-506190,Closed-Good,20,1,False,0.0,Standard Servicing
APP-506191,Active,11,2,False,0.0,Standard Servicing
APP-506192,Active,23,1,False,0.0,Standard Servicing
APP-506193,Closed-Good,22,1,False,0.0,Standard Servicing
APP-506194,Active,16,3,False,0.0,Standard Servicing
APP-506195,Closed-Good,22,3,False,0.0,Standard Servicing
APP-506196,Active,15,1,False,0.0,Standard Servicing
APP-506197,Active,13,2,False,0.0,Standard Servicing
APP-506198,Closed-Good,2,1,False,0.0,Standard Servicing
APP-506199,Closed-Good,21,2,False,0.0,Standard Servicing
APP-506200,Written-Off,523,20,False,18527.97,Collections/Recovery
APP-506201,Active,11,2,False,0.0,Standard Servicing
APP-506202,Active,5,1,False,0.0,Standard Servicing
APP-506203,Closed-Good,0,0,False,0.0,Standard Servicing
APP-506204,Active,21,6,False,0.0,Standard Servicing
APP-506205,Active,10,3,False,0.0,Standard Servicing
APP-506206,Active,20,3,False,0.0,Standard Servicing
APP-506207,Active,21,2,False,0.0,Standard Servicing
APP-506208,Closed-Good,24,1,False,0.0,Standard Servicing
APP-506209,Written-Off,189,10,True,17299.46,Collections/Recovery
APP-506210,Active,18,3,False,0.0,Standard Servicing
APP-506211,Active,18,2,False,0.0,Standard Servicing
APP-506212,Active,14,2,False,0.0,Standard Servicing
APP-506213,Written-Off,879,12,False,20330.61,Collections/Recovery
APP-506214,Active,8,1,False,0.0,Standard Servicing
APP-506215,Closed-Good,23,2,False,0.0,Standard Servicing
APP-506216,Closed-Good,24,3,False,0.0,Standard Servicing
APP-506217,Closed-Good,19,2,False,0.0,Standard Servicing
APP-506218,Active,8,4,False,0.0,Standard Servicing
APP-506219,Closed-Good,0,0,False,0.0,Standard Servicing
APP-506220,Active,0,0,False,0.0,Standard Servicing
APP-506221,Active,4,1,False,0.0,Standard Servicing
APP-506222,Closed-Good,20,2,False,0.0,Standard Servicing
APP-506223,Active,0,0,False,0.0,Standard Servicing
APP-506224,Written-Off,576,22,True,10154.66,Collections/Recovery
APP-506225,Closed-Good,4,2,False,0.0,Standard Servicing
APP-506226,Written-Off,264,13,False,84466.24,Collections/Recovery
APP-506227,Active,17,2,False,0.0,Standard Servicing
APP-506228,Closed-Good,4,1,False,0.0,Standard Servicing
APP-506229,Closed-Good,23,3,False,0.0,Standard Servicing
APP-506230,Closed-Good,2,1,False,0.0,Standard Servicing
APP-506231,Closed-Good,13,2,False,0.0,Standard Servicing
APP-506232,Active,0,0,False,0.0,Standard Servicing
APP-506233,Active,19,1,False,0.0,Standard Servicing
APP-506234,Closed-Good,0,0,False,0.0,Standard Servicing
APP-506235,Closed-Good,10,1,False,0.0,Standard Servicing
APP-506236,Active,24,2,False,0.0,Standard Servicing
APP-506237,Active,23,4,False,0.0,Standard Servicing
APP-506238,Written-Off,478,18,True,30132.38,Standard Servicing
APP-506239,Active,20,4,False,0.0,Standard Servicing
APP-506240,Closed-Good,22,3,False,0.0,Standard Servicing
APP-506241,Active,23,1,False,0.0,Standard Servicing
APP-506242,Active,9,1,False,0.0,Standard Servicing
APP-506243,Written-Off,701,27,True,6320.19,Collections/Recovery
APP-506244,Closed-Good,24,1,False,0.0,Standard Servicing
APP-506245,Active,21,5,False,0.0,Standard Servicing
APP-506246,Active,20,1,False,0.0,Standard Servicing
APP-506247,Active,24,2,False,0.0,Standard Servicing
APP-506248,Active,9,2,False,0.0,Standard Servicing
APP-506249,Closed-Good,23,2,False,0.0,Standard Servicing
APP-506250,Active,0,0,False,0.0,Standard Servicing
APP-506251,Closed-Good,0,0,False,0.0,Standard Servicing
APP-506252,Active,9,2,False,0.0,Standard Servicing
APP-506253,Active,17,1,False,0.0,Standard Servicing
APP-506254,Closed-Good,19,4,False,0.0,Standard Servicing
APP-506255,Active,16,3,False,0.0,Standard Servicing
APP-506256,Closed-Good,20,3,False,0.0,Standard Servicing
APP-506257,Closed-Good,2,2,False,0.0,Standard Servicing
APP-506258,Closed-Good,0,0,False,0.0,Standard Servicing
APP-506259,Active,22,2,False,0.0,Standard Servicing
APP-506260,Closed-Good,24,3,False,0.0,Standard Servicing
APP-506261,Closed-Good,0,0,False,0.0,Standard Servicing
APP-506262,Closed-Good,0,0,False,0.0,Standard Servicing
APP-506263,Closed-Good,4,2,False,0.0,Standard Servicing
APP-506264,Active,17,1,False,0.0,Standard Servicing
APP-506265,Closed-Good,23,1,False,0.0,Standard Servicing
APP-506266,Closed-Good,0,0,False,0.0,Standard Servicing
APP-506267,Closed-Good,11,1,False,0.0,Standard Servicing
APP-506268,Active,22,2,False,0.0,Standard Servicing
APP-506269,Active,19,2,False,0.0,Standard Servicing
APP-506270,Closed-Good,24,4,False,0.0,Standard Servicing
APP-506271,Closed-Good,18,1,False,0.0,Standard Servicing
APP-506272,Active,20,6,False,0.0,Standard Servicing
APP-506273,Active,17,2,False,0.0,Standard Servicing
APP-506274,Closed-Good,0,0,False,0.0,Standard Servicing
APP-506275,Active,19,1,False,0.0,Standard Servicing
APP-506276,Active,22,2,False,0.0,Standard Servicing
APP-506277,Closed-Good,0,0,False,0.0,Standard Servicing
APP-506278,Closed-Good,10,5,False,0.0,Standard Servicing
APP-506279,Active,0,0,False,0.0,Standard Servicing
APP-506280,Active,0,0,False,0.0,Standard Servicing
APP-506281,Closed-Good,20,2,False,0.0,Standard Servicing
APP-506282,Active,0,0,False,0.0,Standard Servicing
APP-506283,Closed-Good,17,2,False,0.0,Standard Servicing
APP-506284,Active,23,4,False,0.0,Standard Servicing
APP-506285,Active,3,1,False,0.0,Standard Servicing
APP-506286,Active,0,0,False,0.0,Standard Servicing
APP-506287,Defaulted,102,6,False,53559.22,Collections/Recovery
APP-506288,Active,0,0,False,0.0,Standard Servicing
APP-506289,Active,24,5,False,0.0,Standard Servicing
APP-506290,Closed-Good,17,2,False,0.0,Standard Servicing
APP-506291,Written-Off,667,7,True,35777.31,Standard Servicing
APP-506292,Closed-Good,9,1,False,0.0,Standard Servicing
APP-506293,Active,10,2,False,0.0,Standard Servicing
APP-506294,Active,5,1,False,0.0,Standard Servicing
APP-506295,Closed-Good,13,3,False,0.0,Standard Servicing
APP-506296,Active,19,3,False,0.0,Standard Servicing
APP-506297,Active,4,1,False,0.0,Standard Servicing
APP-506298,Active,0,0,False,0.0,Standard Servicing
APP-506299,Active,21,3,False,0.0,Standard Servicing
APP-506300,Active,0,0,False,0.0,Standard Servicing
APP-506301,Active,16,2,False,0.0,Standard Servicing
APP-506302,Closed-Good,13,2,False,0.0,Standard Servicing
APP-506303,Defaulted,156,8,False,4046.42,Collections/Recovery
APP-506304,Active,5,1,False,0.0,Standard Servicing
APP-506305,Closed-Good,1,1,False,0.0,Standard Servicing
APP-506306,Closed-Good,18,2,False,0.0,Standard Servicing
APP-506307,Active,0,0,False,0.0,Standard Servicing
APP-506308,Defaulted,121,9,True,38345.5,Standard Servicing
APP-506309,Closed-Good,17,3,False,0.0,Standard Servicing
APP-506310,Active,16,1,False,0.0,Standard Servicing
APP-506311,Closed-Good,13,1,False,0.0,Standard Servicing
APP-506312,Active,0,0,False,0.0,Standard Servicing
APP-506313,Active,15,1,False,0.0,Standard Servicing
APP-506314,Closed-Good,24,4,False,0.0,Standard Servicing
APP-506315,Active,0,0,False,0.0,Standard Servicing
APP-506316,Active,15,3,False,0.0,Standard Servicing
APP-506317,Active,0,0,False,0.0,Standard Servicing
APP-506318,Active,0,0,False,0.0,Standard Servicing
APP-506319,Closed-Good,2,1,False,0.0,Standard Servicing
APP-506320,Closed-Good,0,0,False,0.0,Standard Servicing
APP-506321,Active,21,3,False,0.0,Standard Servicing
APP-506322,Active,19,3,False,0.0,Standard Servicing
APP-506323,Closed-Good,5,2,False,0.0,Standard Servicing
APP-506324,Closed-Good,16,2,False,0.0,Standard Servicing
APP-506325,Active,21,1,False,0.0,Standard Servicing
APP-506326,Active,16,3,False,0.0,Standard Servicing
APP-506327,Active,7,3,False,0.0,Standard Servicing
APP-506328,Active,23,3,False,0.0,Standard Servicing
APP-506329,Closed-Good,14,2,False,0.0,Standard Servicing
APP-506330,Closed-Good,23,4,False,0.0,Standard Servicing
APP-506331,Closed-Good,22,3,False,0.0,Standard Servicing
APP-506332,Active,11,3,False,0.0,Standard Servicing
APP-506333,Active,19,1,False,0.0,Standard Servicing
APP-506334,Active,17,2,False,0.0,Standard Servicing
APP-506335,Active,24,1,False,0.0,Standard Servicing
APP-506336,Closed-Good,21,3,False,0.0,Standard Servicing
APP-506337,Active,23,2,False,0.0,Standard Servicing
APP-506338,Active,0,0,False,0.0,Standard Servicing
APP-506339,Closed-Good,5,1,False,0.0,Standard Servicing
APP-506340,Active,23,2,False,0.0,Standard Servicing
APP-506341,Active,4,2,False,0.0,Standard Servicing
APP-506342,Active,22,1,False,0.0,Standard Servicing
APP-506343,Active,12,2,False,0.0,Standard Servicing
APP-506344,Closed-Good,18,3,False,0.0,Standard Servicing
APP-506345,Closed-Good,20,2,False,0.0,Standard Servicing
APP-506346,Closed-Good,20,2,False,0.0,Standard Servicing
APP-506347,Active,14,1,False,0.0,Standard Servicing
APP-506348,Active,17,1,False,0.0,Standard Servicing
APP-506349,Closed-Good,18,2,False,0.0,Standard Servicing
APP-506350,Active,23,4,False,0.0,Standard Servicing
APP-506351,Active,0,0,False,0.0,Standard Servicing
APP-506352,Closed-Good,0,0,False,0.0,Standard Servicing
APP-506353,Active,7,1,False,0.0,Standard Servicing
APP-506354,Closed-Good,22,3,False,0.0,Standard Servicing
APP-506355,Defaulted,66,2,False,45257.62,Standard Servicing
APP-506356,Active,13,3,False,0.0,Standard Servicing
APP-506357,Closed-Good,24,1,False,0.0,Standard Servicing
APP-506358,Closed-Good,20,3,False,0.0,Standard Servicing
APP-506359,Closed-Good,13,3,False,0.0,Standard Servicing
APP-506360,Closed-Good,23,6,False,0.0,Standard Servicing
APP-506361,Closed-Good,12,2,False,0.0,Standard Servicing
APP-506362,Active,23,3,False,0.0,Standard Servicing
APP-506363,Active,22,4,False,0.0,Standard Servicing
APP-506364,Closed-Good,17,2,False,0.0,Standard Servicing
APP-506365,Active,8,1,False,0.0,Standard Servicing
APP-506366,Active,24,2,False,0.0,Standard Servicing
APP-506367,Active,12,3,False,0.0,Standard Servicing
APP-506368,Written-Off,758,16,False,23487.93,Standard Servicing
APP-506369,Active,15,4,False,0.0,Standard Servicing
APP-506370,Closed-Good,7,1,False,0.0,Standard Servicing
APP-506371,Active,20,2,False,0.0,Standard Servicing
APP-506372,Closed-Good,14,1,False,0.0,Standard Servicing
APP-506373,Active,23,4,False,0.0,Standard Servicing
APP-506374,Active,8,1,False,0.0,Standard Servicing
APP-506375,Active,0,0,False,0.0,Standard Servicing
APP-506376,Closed-Good,0,0,False,0.0,Standard Servicing
APP-506377,Written-Off,199,9,False,69462.39,Collections/Recovery
APP-506378,Closed-Good,7,1,False,0.0,Standard Servicing
APP-506379,Closed-Good,21,5,False,0.0,Standard Servicing
APP-506380,Closed-Good,13,2,False,0.0,Standard Servicing
APP-506381,Active,24,2,False,0.0,Standard Servicing
APP-506382,Active,22,4,False,0.0,Standard Servicing
APP-506383,Closed-Good,6,2,False,0.0,Standard Servicing
APP-506384,Active,22,3,False,0.0,Standard Servicing
APP-506385,Closed-Good,17,4,False,0.0,Standard Servicing
APP-506386,Written-Off,339,7,False,11482.92,Collections/Recovery
APP-506387,Active,16,2,False,0.0,Standard Servicing
APP-506388,Active,0,0,False,0.0,Standard Servicing
APP-506389,Written-Off,957,19,True,6938.82,Collections/Recovery
APP-506390,Active,23,3,False,0.0,Standard Servicing
APP-506391,Closed-Good,23,1,False,0.0,Standard Servicing
APP-506392,Active,17,2,False,0.0,Standard Servicing
APP-506393,Closed-Good,14,3,False,0.0,Standard Servicing
APP-506394,Written-Off,253,11,False,135054.53,Collections/Recovery
APP-506395,Active,21,3,False,0.0,Standard Servicing
APP-506396,Closed-Good,20,3,False,0.0,Standard Servicing
APP-506397,Closed-Good,0,0,False,0.0,Standard Servicing
APP-506398,Closed-Good,19,1,False,0.0,Standard Servicing
APP-506399,Closed-Good,3,1,False,0.0,Standard Servicing
APP-506400,Active,2,2,False,0.0,Standard Servicing
APP-506401,Closed-Good,20,4,False,0.0,Standard Servicing
APP-506402,Active,23,8,False,0.0,Standard Servicing
APP-506403,Closed-Good,17,2,False,0.0,Standard Servicing
APP-506404,Written-Off,629,27,False,45519.31,Collections/Recovery
APP-506405,Closed-Good,17,2,False,0.0,Standard Servicing
APP-506406,Active,21,3,False,0.0,Standard Servicing
APP-506407,Closed-Good,15,1,False,0.0,Standard Servicing
APP-506408,Active,23,6,False,0.0,Standard Servicing
APP-506409,Closed-Good,11,2,False,0.0,Standard Servicing
APP-506410,Closed-Good,8,2,False,0.0,Standard Servicing
APP-506411,Closed-Good,12,2,False,0.0,Standard Servicing
APP-506412,Closed-Good,16,1,False,0.0,Standard Servicing
APP-506413,Closed-Good,11,1,False,0.0,Standard Servicing
APP-506414,Defaulted,31,2,True,145672.04,Collections/Recovery
APP-506415,Closed-Good,3,2,False,0.0,Standard Servicing
APP-506416,Active,11,1,False,0.0,Standard Servicing
APP-506417,Closed-Good,0,0,False,0.0,Standard Servicing
APP-506418,Active,9,2,False,0.0,Standard Servicing
APP-506419,Active,8,2,False,0.0,Standard Servicing
APP-506420,Closed-Good,17,1,False,0.0,Standard Servicing
APP-506421,Active,18,3,False,0.0,Standard Servicing
APP-506422,Closed-Good,16,1,False,0.0,Standard Servicing
APP-506423,Active,22,2,False,0.0,Standard Servicing
APP-506424,Closed-Good,14,2,False,0.0,Standard Servicing
APP-506425,Closed-Good,14,2,False,0.0,Standard Servicing
APP-506426,Closed-Good,9,1,False,0.0,Standard Servicing
APP-506427,Active,23,5,False,0.0,Standard Servicing
APP-506428,Active,15,4,False,0.0,Standard Servicing
APP-506429,Closed-Good,0,0,False,0.0,Standard Servicing
APP-506430,Written-Off,1020,24,True,8639.46,Collections/Recovery
APP-506431,Closed-Good,23,2,False,0.0,Standard Servicing
APP-506432,Active,22,1,False,0.0,Standard Servicing
APP-506433,Closed-Good,7,3,False,0.0,Standard Servicing
APP-506434,Active,5,1,False,0.0,Standard Servicing
APP-506435,Closed-Good,11,1,False,0.0,Standard Servicing
APP-506436,Closed-Good,12,1,False,0.0,Standard Servicing
APP-506437,Active,24,3,False,0.0,Standard Servicing
APP-506438,Closed-Good,23,2,False,0.0,Standard Servicing
APP-506439,Active,13,3,False,0.0,Standard Servicing
APP-506440,Active,22,3,False,0.0,Standard Servicing
APP-506441,Active,20,1,False,0.0,Standard Servicing
APP-506442,Closed-Good,20,5,False,0.0,Standard Servicing
APP-506443,Active,0,0,False,0.0,Standard Servicing
APP-506444,Closed-Good,2,1,False,0.0,Standard Servicing
APP-506445,Closed-Good,22,3,False,0.0,Standard Servicing
APP-506446,Closed-Good,0,0,False,0.0,Standard Servicing
APP-506447,Closed-Good,0,0,False,0.0,Standard Servicing
APP-506448,Active,20,1,False,0.0,Standard Servicing
APP-506449,Closed-Good,17,1,False,0.0,Standard Servicing
APP-506450,Active,9,2,False,0.0,Standard Servicing
APP-506451,Active,11,3,False,0.0,Standard Servicing
APP-506452,Active,21,3,False,0.0,Standard Servicing
APP-506453,Closed-Good,0,0,False,0.0,Standard Servicing
APP-506454,Active,0,0,False,0.0,Standard Servicing
APP-506455,Active,22,4,False,0.0,Standard Servicing
APP-506456,Active,17,1,False,0.0,Standard Servicing
APP-506457,Active,0,0,False,0.0,Standard Servicing
APP-506458,Closed-Good,0,0,False,0.0,Standard Servicing
APP-506459,Active,19,3,False,0.0,Standard Servicing
APP-506460,Active,24,4,False,0.0,Standard Servicing
APP-506461,Active,0,0,False,0.0,Standard Servicing
APP-506462,Active,2,1,False,0.0,Standard Servicing
APP-506463,Active,15,2,False,0.0,Standard Servicing
APP-506464,Closed-Good,1,1,False,0.0,Standard Servicing
APP-506465,Active,5,2,False,0.0,Standard Servicing
APP-506466,Active,0,0,False,0.0,Standard Servicing
APP-506467,Active,0,0,False,0.0,Standard Servicing
APP-506468,Written-Off,620,23,False,14205.33,Standard Servicing
APP-506469,Active,19,3,False,0.0,Standard Servicing
APP-506470,Active,0,0,False,0.0,Standard Servicing
APP-506471,Active,5,1,False,0.0,Standard Servicing
APP-506472,Closed-Good,24,3,False,0.0,Standard Servicing
APP-506473,Active,18,5,False,0.0,Standard Servicing
APP-506474,Active,23,1,False,0.0,Standard Servicing
APP-506475,Active,7,1,False,0.0,Standard Servicing
APP-506476,Written-Off,1006,21,False,6402.15,Collections/Recovery
APP-506477,Active,18,1,False,0.0,Standard Servicing
APP-506478,Active,24,2,False,0.0,Standard Servicing
APP-506479,Closed-Good,9,2,False,0.0,Standard Servicing
APP-506480,Active,17,2,False,0.0,Standard Servicing
APP-506481,Closed-Good,12,5,False,0.0,Standard Servicing
APP-506482,Active,18,2,False,0.0,Standard Servicing
APP-506483,Closed-Good,6,2,False,0.0,Standard Servicing
APP-506484,Closed-Good,24,5,False,0.0,Standard Servicing
APP-506485,Active,22,2,False,0.0,Standard Servicing
APP-506486,Active,24,1,False,0.0,Standard Servicing
APP-506487,Closed-Good,15,5,False,0.0,Standard Servicing
APP-506488,Written-Off,632,11,False,7195.7,Collections/Recovery
APP-506489,Closed-Good,19,1,False,0.0,Standard Servicing
APP-506490,Active,20,1,False,0.0,Standard Servicing
APP-506491,Closed-Good,23,2,False,0.0,Standard Servicing
APP-506492,Active,12,1,False,0.0,Standard Servicing
APP-506493,Closed-Good,0,0,False,0.0,Standard Servicing
APP-506494,Closed-Good,21,1,False,0.0,Standard Servicing
APP-506495,Closed-Good,18,3,False,0.0,Standard Servicing
APP-506496,Active,17,2,False,0.0,Standard Servicing
APP-506497,Active,0,0,False,0.0,Standard Servicing
APP-506498,Active,0,0,False,0.0,Standard Servicing
APP-506499,Closed-Good,0,0,False,0.0,Standard Servicing
APP-506500,Active,24,3,False,0.0,Standard Servicing
APP-506501,Active,16,2,False,0.0,Standard Servicing
APP-506502,Closed-Good,12,4,False,0.0,Standard Servicing
APP-506503,Active,0,0,False,0.0,Standard Servicing
APP-506504,Active,12,1,False,0.0,Standard Servicing
APP-506505,Active,23,1,False,0.0,Standard Servicing
APP-506506,Active,11,2,False,0.0,Standard Servicing
APP-506507,Active,0,0,False,0.0,Standard Servicing
APP-506508,Active,0,0,False,0.0,Standard Servicing
APP-506509,Active,8,2,False,0.0,Standard Servicing
APP-506510,Closed-Good,8,1,False,0.0,Standard Servicing
APP-506511,Closed-Good,15,3,False,0.0,Standard Servicing
APP-506512,Closed-Good,9,2,False,0.0,Standard Servicing
APP-506513,Active,16,2,False,0.0,Standard Servicing
APP-506514,Active,14,1,False,0.0,Standard Servicing
APP-506515,Written-Off,819,16,False,80961.98,Collections/Recovery
APP-506516,Active,0,0,False,0.0,Standard Servicing
APP-506517,Closed-Good,5,1,False,0.0,Standard Servicing
APP-506518,Active,15,3,False,0.0,Standard Servicing
APP-506519,Written-Off,779,18,True,22244.44,Standard Servicing
APP-506520,Closed-Good,0,0,False,0.0,Standard Servicing
APP-506521,Closed-Good,17,2,False,0.0,Standard Servicing
APP-506522,Written-Off,331,14,False,29268.16,Collections/Recovery
APP-506523,Active,15,1,False,0.0,Standard Servicing
APP-506524,Written-Off,216,10,True,34088.49,Collections/Recovery
APP-506525,Active,13,1,False,0.0,Standard Servicing
APP-506526,Active,0,0,False,0.0,Standard Servicing
APP-506527,Active,14,2,False,0.0,Standard Servicing
APP-506528,Active,0,0,False,0.0,Standard Servicing
APP-506529,Active,4,1,False,0.0,Standard Servicing
APP-506530,Active,10,1,False,0.0,Standard Servicing
APP-506531,Written-Off,757,28,False,46789.61,Collections/Recovery
APP-506532,Active,22,6,False,0.0,Standard Servicing
APP-506533,Closed-Good,0,0,False,0.0,Standard Servicing
APP-506534,Written-Off,579,18,False,22677.77,Collections/Recovery
APP-506535,Closed-Good,3,1,False,0.0,Standard Servicing
APP-506536,Active,24,6,False,0.0,Standard Servicing
APP-506537,Active,22,5,False,0.0,Standard Servicing
APP-506538,Active,21,5,False,0.0,Standard Servicing
APP-506539,Active,0,0,False,0.0,Standard Servicing
APP-506540,Active,11,1,False,0.0,Standard Servicing
APP-506541,Closed-Good,0,0,False,0.0,Standard Servicing
APP-506542,Closed-Good,22,1,False,0.0,Standard Servicing
APP-506543,Active,20,4,False,0.0,Standard Servicing
APP-506544,Closed-Good,23,3,False,0.0,Standard Servicing
APP-506545,Active,14,1,False,0.0,Standard Servicing
APP-506546,Active,23,5,False,0.0,Standard Servicing
APP-506547,Active,24,2,False,0.0,Standard Servicing
APP-506548,Active,20,1,False,0.0,Standard Servicing
APP-506549,Active,17,2,False,0.0,Standard Servicing
APP-506550,Active,7,1,False,0.0,Standard Servicing
APP-506551,Written-Off,438,17,False,64538.98,Collections/Recovery
APP-506552,Closed-Good,16,3,False,0.0,Standard Servicing
APP-506553,Active,23,3,False,0.0,Standard Servicing
APP-506554,Closed-Good,0,0,False,0.0,Standard Servicing
APP-506555,Active,18,6,False,0.0,Standard Servicing
APP-506556,Active,23,1,False,0.0,Standard Servicing
APP-506557,Closed-Good,9,2,False,0.0,Standard Servicing
APP-506558,Active,0,0,False,0.0,Standard Servicing
APP-506559,Active,15,1,False,0.0,Standard Servicing
APP-506560,Closed-Good,5,1,False,0.0,Standard Servicing
APP-506561,Closed-Good,22,3,False,0.0,Standard Servicing
APP-506562,Closed-Good,0,0,False,0.0,Standard Servicing
APP-506563,Closed-Good,7,2,False,0.0,Standard Servicing
APP-506564,Active,4,1,False,0.0,Standard Servicing
APP-506565,Active,24,3,False,0.0,Standard Servicing
APP-506566,Active,23,2,False,0.0,Standard Servicing
APP-506567,Active,18,2,False,0.0,Standard Servicing
APP-506568,Written-Off,847,14,False,8128.47,Collections/Recovery
APP-506569,Closed-Good,15,2,False,0.0,Standard Servicing
APP-506570,Closed-Good,3,2,False,0.0,Standard Servicing
APP-506571,Active,23,3,False,0.0,Standard Servicing
APP-506572,Active,24,4,False,0.0,Standard Servicing
APP-506573,Active,20,3,False,0.0,Standard Servicing
APP-506574,Closed-Good,0,0,False,0.0,Standard Servicing
APP-506575,Written-Off,463,16,False,3778.79,Collections/Recovery
APP-506576,Active,20,4,False,0.0,Standard Servicing
APP-506577,Active,23,3,False,0.0,Standard Servicing
APP-506578,Closed-Good,0,0,False,0.0,Standard Servicing
APP-506579,Closed-Good,0,0,False,0.0,Standard Servicing
APP-506580,Active,18,1,False,0.0,Standard Servicing
APP-506581,Closed-Good,20,5,False,0.0,Standard Servicing
APP-506582,Active,23,1,False,0.0,Standard Servicing
APP-506583,Closed-Good,22,4,False,0.0,Standard Servicing
APP-506584,Active,9,1,False,0.0,Standard Servicing
APP-506585,Closed-Good,20,4,False,0.0,Standard Servicing
APP-506586,Active,10,1,False,0.0,Standard Servicing
APP-506587,Closed-Good,2,2,False,0.0,Standard Servicing
APP-506588,Active,13,1,False,0.0,Standard Servicing
APP-506589,Active,0,0,False,0.0,Standard Servicing
APP-506590,Active,22,2,False,0.0,Standard Servicing
APP-506591,Active,8,1,False,0.0,Standard Servicing
APP-506592,Active,3,1,False,0.0,Standard Servicing
APP-506593,Closed-Good,5,2,False,0.0,Standard Servicing
APP-506594,Closed-Good,12,1,False,0.0,Standard Servicing
APP-506595,Closed-Good,6,1,False,0.0,Standard Servicing
APP-506596,Active,0,0,False,0.0,Standard Servicing
APP-506597,Active,18,1,False,0.0,Standard Servicing
APP-506598,Closed-Good,16,2,False,0.0,Standard Servicing
APP-506599,Closed-Good,20,3,False,0.0,Standard Servicing
APP-506600,Closed-Good,13,1,False,0.0,Standard Servicing
APP-506601,Closed-Good,24,2,False,0.0,Standard Servicing
APP-506602,Active,20,3,False,0.0,Standard Servicing
APP-506603,Closed-Good,24,3,False,0.0,Standard Servicing
APP-506604,Active,22,2,False,0.0,Standard Servicing
APP-506605,Active,17,1,False,0.0,Standard Servicing
APP-506606,Active,10,1,False,0.0,Standard Servicing
APP-506607,Active,11,1,False,0.0,Standard Servicing
APP-506608,Active,13,1,False,0.0,Standard Servicing
APP-506609,Active,19,2,False,0.0,Standard Servicing
APP-506610,Closed-Good,13,1,False,0.0,Standard Servicing
APP-506611,Active,24,1,False,0.0,Standard Servicing
APP-506612,Closed-Good,18,3,False,0.0,Standard Servicing
APP-506613,Closed-Good,17,1,False,0.0,Standard Servicing
APP-506614,Closed-Good,12,5,False,0.0,Standard Servicing
APP-506615,Closed-Good,5,1,False,0.0,Standard Servicing
APP-506616,Active,10,2,False,0.0,Standard Servicing
APP-506617,Closed-Good,24,2,False,0.0,Standard Servicing
APP-506618,Closed-Good,23,4,False,0.0,Standard Servicing
APP-506619,Closed-Good,10,1,False,0.0,Standard Servicing
APP-506620,Closed-Good,23,2,False,0.0,Standard Servicing
APP-506621,Active,0,0,False,0.0,Standard Servicing
APP-506622,Closed-Good,21,3,False,0.0,Standard Servicing
APP-506623,Active,24,6,False,0.0,Standard Servicing
APP-506624,Closed-Good,21,2,False,0.0,Standard Servicing
APP-506625,Active,19,2,False,0.0,Standard Servicing
APP-506626,Closed-Good,11,2,False,0.0,Standard Servicing
APP-506627,Active,24,4,False,0.0,Standard Servicing
APP-506628,Closed-Good,16,2,False,0.0,Standard Servicing
APP-506629,Closed-Good,9,1,False,0.0,Standard Servicing
APP-506630,Active,14,1,False,0.0,Standard Servicing
APP-506631,Closed-Good,0,0,False,0.0,Standard Servicing
APP-506632,Active,9,1,False,0.0,Standard Servicing
APP-506633,Closed-Good,17,2,False,0.0,Standard Servicing
APP-506634,Active,14,2,False,0.0,Standard Servicing
APP-506635,Closed-Good,24,3,False,0.0,Standard Servicing
APP-506636,Active,24,2,False,0.0,Standard Servicing
APP-506637,Closed-Good,14,1,False,0.0,Standard Servicing
APP-506638,Active,14,2,False,0.0,Standard Servicing
APP-506639,Active,19,3,False,0.0,Standard Servicing
APP-506640,Closed-Good,24,2,False,0.0,Standard Servicing
APP-506641,Closed-Good,24,3,False,0.0,Standard Servicing
APP-506642,Active,0,0,False,0.0,Standard Servicing
APP-506643,Closed-Good,0,0,False,0.0,Standard Servicing
APP-506644,Active,2,1,False,0.0,Standard Servicing
APP-506645,Closed-Good,6,2,False,0.0,Standard Servicing
APP-506646,Active,1,1,False,0.0,Standard Servicing
APP-506647,Active,2,1,False,0.0,Standard Servicing
APP-506648,Active,24,3,False,0.0,Standard Servicing
APP-506649,Active,17,2,False,0.0,Standard Servicing
APP-506650,Active,18,1,False,0.0,Standard Servicing
APP-506651,Active,24,2,False,0.0,Standard Servicing
APP-506652,Closed-Good,15,2,False,0.0,Standard Servicing
APP-506653,Closed-Good,3,1,False,0.0,Standard Servicing
APP-506654,Closed-Good,24,3,False,0.0,Standard Servicing
APP-506655,Active,24,2,False,0.0,Standard Servicing
APP-506656,Closed-Good,22,1,False,0.0,Standard Servicing
APP-506657,Active,24,1,False,0.0,Standard Servicing
APP-506658,Closed-Good,21,3,False,0.0,Standard Servicing
APP-506659,Active,20,2,False,0.0,Standard Servicing
APP-506660,Active,13,1,False,0.0,Standard Servicing
APP-506661,Active,23,2,False,0.0,Standard Servicing
APP-506662,Active,7,1,False,0.0,Standard Servicing
APP-506663,Active,12,2,False,0.0,Standard Servicing
APP-506664,Active,20,3,False,0.0,Standard Servicing
APP-506665,Closed-Good,21,2,False,0.0,Standard Servicing
APP-506666,Active,4,1,False,0.0,Standard Servicing
APP-506667,Active,0,0,False,0.0,Standard Servicing
APP-506668,Active,21,1,False,0.0,Standard Servicing
APP-506669,Active,21,4,False,0.0,Standard Servicing
APP-506670,Closed-Good,21,4,False,0.0,Standard Servicing
APP-506671,Active,20,2,False,0.0,Standard Servicing
APP-506672,Active,0,0,False,0.0,Standard Servicing
APP-506673,Active,0,0,False,0.0,Standard Servicing
APP-506674,Active,17,1,False,0.0,Standard Servicing
APP-506675,Closed-Good,11,2,False,0.0,Standard Servicing
APP-506676,Closed-Good,24,4,False,0.0,Standard Servicing
APP-506677,Active,21,1,False,0.0,Standard Servicing
APP-506678,Active,19,3,False,0.0,Standard Servicing
APP-506679,Closed-Good,23,5,False,0.0,Standard Servicing
APP-506680,Active,17,5,False,0.0,Standard Servicing
APP-506681,Active,6,1,False,0.0,Standard Servicing
APP-506682,Active,20,2,False,0.0,Standard Servicing
APP-506683,Active,11,2,False,0.0,Standard Servicing
APP-506684,Closed-Good,24,4,False,0.0,Standard Servicing
APP-506685,Active,0,0,False,0.0,Standard Servicing
APP-506686,Active,24,2,False,0.0,Standard Servicing
APP-506687,Active,24,2,False,0.0,Standard Servicing
APP-506688,Active,1,1,False,0.0,Standard Servicing
APP-506689,Active,21,5,False,0.0,Standard Servicing
APP-506690,Active,16,1,False,0.0,Standard Servicing
APP-506691,Active,20,2,False,0.0,Standard Servicing
APP-506692,Closed-Good,8,1,False,0.0,Standard Servicing
APP-506693,Closed-Good,9,1,False,0.0,Standard Servicing
APP-506694,Active,22,3,False,0.0,Standard Servicing
APP-506695,Closed-Good,22,3,False,0.0,Standard Servicing
APP-506696,Closed-Good,23,5,False,0.0,Standard Servicing
APP-506697,Active,10,2,False,0.0,Standard Servicing
APP-506698,Active,13,1,False,0.0,Standard Servicing
APP-506699,Closed-Good,19,4,False,0.0,Standard Servicing
APP-506700,Closed-Good,12,3,False,0.0,Standard Servicing
APP-506701,Written-Off,623,23,False,8895.33,Collections/Recovery
APP-506702,Active,9,2,False,0.0,Standard Servicing
APP-506703,Closed-Good,0,0,False,0.0,Standard Servicing
APP-506704,Active,12,1,False,0.0,Standard Servicing
APP-506705,Closed-Good,10,2,False,0.0,Standard Servicing
APP-506706,Active,7,2,False,0.0,Standard Servicing
APP-506707,Active,23,4,False,0.0,Standard Servicing
APP-506708,Closed-Good,10,1,False,0.0,Standard Servicing
APP-506709,Closed-Good,22,3,False,0.0,Standard Servicing
APP-506710,Active,21,2,False,0.0,Standard Servicing
APP-506711,Active,5,1,False,0.0,Standard Servicing
APP-506712,Closed-Good,17,6,False,0.0,Standard Servicing
APP-506713,Written-Off,241,11,True,6792.25,Standard Servicing
APP-506714,Active,15,2,False,0.0,Standard Servicing
APP-506715,Closed-Good,0,0,False,0.0,Standard Servicing
APP-506716,Active,20,2,False,0.0,Standard Servicing
APP-506717,Active,23,5,False,0.0,Standard Servicing
APP-506718,Closed-Good,11,2,False,0.0,Standard Servicing
APP-506719,Active,16,1,False,0.0,Standard Servicing
APP-506720,Closed-Good,7,1,False,0.0,Standard Servicing
APP-506721,Closed-Good,0,0,False,0.0,Standard Servicing
APP-506722,Closed-Good,12,2,False,0.0,Standard Servicing
APP-506723,Closed-Good,3,1,False,0.0,Standard Servicing
APP-506724,Active,0,0,False,0.0,Standard Servicing
APP-506725,Closed-Good,0,0,False,0.0,Standard Servicing
APP-506726,Active,22,1,False,0.0,Standard Servicing
APP-506727,Active,22,3,False,0.0,Standard Servicing
APP-506728,Closed-Good,24,2,False,0.0,Standard Servicing
APP-506729,Closed-Good,14,1,False,0.0,Standard Servicing
APP-506730,Closed-Good,0,0,False,0.0,Standard Servicing
APP-506731,Active,22,4,False,0.0,Standard Servicing
APP-506732,Active,14,2,False,0.0,Standard Servicing
APP-506733,Active,0,0,False,0.0,Standard Servicing
APP-506734,Closed-Good,12,1,False,0.0,Standard Servicing
APP-506735,Active,4,1,False,0.0,Standard Servicing
APP-506736,Active,0,0,False,0.0,Standard Servicing
APP-506737,Active,19,2,False,0.0,Standard Servicing
APP-506738,Closed-Good,2,1,False,0.0,Standard Servicing
APP-506739,Active,1,1,False,0.0,Standard Servicing
APP-506740,Closed-Good,20,2,False,0.0,Standard Servicing
APP-506741,Closed-Good,19,3,False,0.0,Standard Servicing
APP-506742,Active,0,0,False,0.0,Standard Servicing
APP-506743,Active,23,2,False,0.0,Standard Servicing
APP-506744,Closed-Good,0,0,False,0.0,Standard Servicing
APP-506745,Closed-Good,15,2,False,0.0,Standard Servicing
APP-506746,Active,8,2,False,0.0,Standard Servicing
APP-506747,Active,1,1,False,0.0,Standard Servicing
APP-506748,Active,0,0,False,0.0,Standard Servicing
APP-506749,Active,23,2,False,0.0,Standard Servicing
APP-506750,Closed-Good,0,0,False,0.0,Standard Servicing
APP-506751,Active,1,1,False,0.0,Standard Servicing
APP-506752,Closed-Good,0,0,False,0.0,Standard Servicing
APP-506753,Closed-Good,14,1,False,0.0,Standard Servicing
APP-506754,Active,23,4,False,0.0,Standard Servicing
APP-506755,Active,13,2,False,0.0,Standard Servicing
APP-506756,Active,20,3,False,0.0,Standard Servicing
APP-506757,Active,15,1,False,0.0,Standard Servicing
APP-506758,Active,4,1,False,0.0,Standard Servicing
APP-506759,Closed-Good,22,4,False,0.0,Standard Servicing
APP-506760,Closed-Good,21,2,False,0.0,Standard Servicing
APP-506761,Active,1,1,False,0.0,Standard Servicing
APP-506762,Closed-Good,22,4,False,0.0,Standard Servicing
APP-506763,Closed-Good,0,0,False,0.0,Standard Servicing
APP-506764,Closed-Good,15,1,False,0.0,Standard Servicing
APP-506765,Closed-Good,20,2,False,0.0,Standard Servicing
APP-506766,Active,24,5,False,0.0,Standard Servicing
APP-506767,Closed-Good,8,1,False,0.0,Standard Servicing
APP-506768,Closed-Good,11,1,False,0.0,Standard Servicing
APP-506769,Closed-Good,24,3,False,0.0,Standard Servicing
APP-506770,Active,21,2,False,0.0,Standard Servicing
APP-506771,Active,16,4,False,0.0,Standard Servicing
APP-506772,Closed-Good,18,1,False,0.0,Standard Servicing
APP-506773,Closed-Good,7,1,False,0.0,Standard Servicing
APP-506774,Active,7,1,False,0.0,Standard Servicing
APP-506775,Active,8,2,False,0.0,Standard Servicing
APP-506776,Active,5,1,False,0.0,Standard Servicing
APP-506777,Closed-Good,0,0,False,0.0,Standard Servicing
APP-506778,Closed-Good,23,1,False,0.0,Standard Servicing
APP-506779,Active,23,5,False,0.0,Standard Servicing
APP-506780,Active,20,2,False,0.0,Standard Servicing
APP-506781,Closed-Good,0,0,False,0.0,Standard Servicing
APP-506782,Active,12,2,False,0.0,Standard Servicing
APP-506783,Closed-Good,0,0,False,0.0,Standard Servicing
APP-506784,Active,8,1,False,0.0,Standard Servicing
APP-506785,Active,16,2,False,0.0,Standard Servicing
APP-506786,Closed-Good,2,1,False,0.0,Standard Servicing
APP-506787,Active,10,2,False,0.0,Standard Servicing
APP-506788,Closed-Good,0,0,False,0.0,Standard Servicing
APP-506789,Closed-Good,8,1,False,0.0,Standard Servicing
APP-506790,Active,20,3,False,0.0,Standard Servicing
APP-506791,Closed-Good,7,2,False,0.0,Standard Servicing
APP-506792,Active,17,4,False,0.0,Standard Servicing
APP-506793,Closed-Good,16,4,False,0.0,Standard Servicing
APP-506794,Active,14,1,False,0.0,Standard Servicing
APP-506795,Active,21,1,False,0.0,Standard Servicing
APP-506796,Active,14,3,False,0.0,Standard Servicing
APP-506797,Active,0,0,False,0.0,Standard Servicing
APP-506798,Closed-Good,0,0,False,0.0,Standard Servicing
APP-506799,Active,20,3,False,0.0,Standard Servicing
APP-506800,Closed-Good,19,2,False,0.0,Standard Servicing
APP-506801,Active,19,1,False,0.0,Standard Servicing
APP-506802,Closed-Good,0,0,False,0.0,Standard Servicing
APP-506803,Active,0,0,False,0.0,Standard Servicing
APP-506804,Active,24,8,False,0.0,Standard Servicing
APP-506805,Active,15,1,False,0.0,Standard Servicing
APP-506806,Active,0,0,False,0.0,Standard Servicing
APP-506807,Closed-Good,12,1,False,0.0,Standard Servicing
APP-506808,Active,17,1,False,0.0,Standard Servicing
APP-506809,Active,3,2,False,0.0,Standard Servicing
APP-506810,Active,14,1,False,0.0,Standard Servicing
APP-506811,Written-Off,673,25,True,8655.72,Collections/Recovery
APP-506812,Active,23,1,False,0.0,Standard Servicing
APP-506813,Active,22,6,False,0.0,Standard Servicing
APP-506814,Closed-Good,13,2,False,0.0,Standard Servicing
APP-506815,Active,10,1,False,0.0,Standard Servicing
APP-506816,Closed-Good,0,0,False,0.0,Standard Servicing
APP-506817,Closed-Good,18,5,False,0.0,Standard Servicing
APP-506818,Closed-Good,20,5,False,0.0,Standard Servicing
APP-506819,Written-Off,472,18,False,1152.81,Collections/Recovery
APP-506820,Closed-Good,18,3,False,0.0,Standard Servicing
APP-506821,Closed-Good,0,0,False,0.0,Standard Servicing
APP-506822,Closed-Good,12,2,False,0.0,Standard Servicing
APP-506823,Closed-Good,19,2,False,0.0,Standard Servicing
APP-506824,Closed-Good,0,0,False,0.0,Standard Servicing
APP-506825,Closed-Good,14,1,False,0.0,Standard Servicing
APP-506826,Active,16,1,False,0.0,Standard Servicing
APP-506827,Active,0,0,False,0.0,Standard Servicing
APP-506828,Active,14,2,False,0.0,Standard Servicing
APP-506829,Closed-Good,22,3,False,0.0,Standard Servicing
APP-506830,Defaulted,74,6,False,16757.22,Collections/Recovery
APP-506831,Active,23,1,False,0.0,Standard Servicing
APP-506832,Active,21,1,False,0.0,Standard Servicing
APP-506833,Closed-Good,3,2,False,0.0,Standard Servicing
APP-506834,Active,0,0,False,0.0,Standard Servicing
APP-506835,Closed-Good,14,2,False,0.0,Standard Servicing
APP-506836,Closed-Good,11,1,False,0.0,Standard Servicing
APP-506837,Active,23,3,False,0.0,Standard Servicing
APP-506838,Active,18,4,False,0.0,Standard Servicing
APP-506839,Active,24,4,False,0.0,Standard Servicing
APP-506840,Closed-Good,24,5,False,0.0,Standard Servicing
APP-506841,Closed-Good,5,2,False,0.0,Standard Servicing
APP-506842,Active,22,4,False,0.0,Standard Servicing
APP-506843,Closed-Good,19,2,False,0.0,Standard Servicing
APP-506844,Active,0,0,False,0.0,Standard Servicing
APP-506845,Closed-Good,0,0,False,0.0,Standard Servicing
APP-506846,Closed-Good,0,0,False,0.0,Standard Servicing
APP-506847,Closed-Good,24,2,False,0.0,Standard Servicing
APP-506848,Closed-Good,15,4,False,0.0,Standard Servicing
APP-506849,Closed-Good,0,0,False,0.0,Standard Servicing
APP-506850,Active,20,4,False,0.0,Standard Servicing
APP-506851,Active,7,1,False,0.0,Standard Servicing
APP-506852,Active,9,1,False,0.0,Standard Servicing
APP-506853,Active,20,4,False,0.0,Standard Servicing
APP-506854,Active,8,1,False,0.0,Standard Servicing
APP-506855,Closed-Good,24,7,False,0.0,Standard Servicing
APP-506856,Active,23,3,False,0.0,Standard Servicing
APP-506857,Active,18,6,False,0.0,Standard Servicing
APP-506858,Active,0,0,False,0.0,Standard Servicing
APP-506859,Closed-Good,7,1,False,0.0,Standard Servicing
APP-506860,Closed-Good,20,2,False,0.0,Standard Servicing
APP-506861,Closed-Good,10,3,False,0.0,Standard Servicing
APP-506862,Active,19,1,False,0.0,Standard Servicing
APP-506863,Active,15,3,False,0.0,Standard Servicing
APP-506864,Closed-Good,2,1,False,0.0,Standard Servicing
APP-506865,Active,7,1,False,0.0,Standard Servicing
APP-506866,Closed-Good,16,6,False,0.0,Standard Servicing
APP-506867,Active,17,1,False,0.0,Standard Servicing
APP-506868,Closed-Good,0,0,False,0.0,Standard Servicing
APP-506869,Active,16,1,False,0.0,Standard Servicing
APP-506870,Closed-Good,17,3,False,0.0,Standard Servicing
APP-506871,Active,17,4,False,0.0,Standard Servicing
APP-506872,Closed-Good,22,3,False,0.0,Standard Servicing
APP-506873,Defaulted,72,2,True,53989.78,Standard Servicing
APP-506874,Closed-Good,21,6,False,0.0,Standard Servicing
APP-506875,Active,0,0,False,0.0,Standard Servicing
APP-506876,Active,0,0,False,0.0,Standard Servicing
APP-506877,Active,17,2,False,0.0,Standard Servicing
APP-506878,Written-Off,315,14,True,25615.68,Collections/Recovery
APP-506879,Closed-Good,21,4,False,0.0,Standard Servicing
APP-506880,Closed-Good,19,3,False,0.0,Standard Servicing
APP-506881,Active,4,2,False,0.0,Standard Servicing
APP-506882,Closed-Good,0,0,False,0.0,Standard Servicing
APP-506883,Closed-Good,21,5,False,0.0,Standard Servicing
APP-506884,Closed-Good,0,0,False,0.0,Standard Servicing
APP-506885,Active,19,3,False,0.0,Standard Servicing
APP-506886,Active,17,2,False,0.0,Standard Servicing
APP-506887,Active,19,1,False,0.0,Standard Servicing
APP-506888,Closed-Good,0,0,False,0.0,Standard Servicing
APP-506889,Defaulted,70,2,False,32270.22,Collections/Recovery
APP-506890,Closed-Good,19,1,False,0.0,Standard Servicing
APP-506891,Active,14,1,False,0.0,Standard Servicing
APP-506892,Active,24,3,False,0.0,Standard Servicing
APP-506893,Written-Off,962,34,True,18063.99,Collections/Recovery
APP-506894,Closed-Good,11,1,False,0.0,Standard Servicing
APP-506895,Closed-Good,0,0,False,0.0,Standard Servicing
APP-506896,Closed-Good,24,1,False,0.0,Standard Servicing
APP-506897,Closed-Good,3,1,False,0.0,Standard Servicing
APP-506898,Active,0,0,False,0.0,Standard Servicing
APP-506899,Active,0,0,False,0.0,Standard Servicing
APP-506900,Closed-Good,8,1,False,0.0,Standard Servicing
APP-506901,Closed-Good,15,2,False,0.0,Standard Servicing
APP-506902,Active,21,1,False,0.0,Standard Servicing
APP-506903,Active,12,1,False,0.0,Standard Servicing
APP-506904,Closed-Good,12,2,False,0.0,Standard Servicing
APP-506905,Closed-Good,23,5,False,0.0,Standard Servicing
APP-506906,Closed-Good,14,2,False,0.0,Standard Servicing
APP-506907,Active,14,1,False,0.0,Standard Servicing
APP-506908,Closed-Good,11,2,False,0.0,Standard Servicing
APP-506909,Closed-Good,14,1,False,0.0,Standard Servicing
APP-506910,Active,0,0,False,0.0,Standard Servicing
APP-506911,Closed-Good,16,1,False,0.0,Standard Servicing
APP-506912,Active,23,5,False,0.0,Standard Servicing
APP-506913,Active,5,1,False,0.0,Standard Servicing
APP-506914,Active,0,0,False,0.0,Standard Servicing
APP-506915,Active,19,4,False,0.0,Standard Servicing
APP-506916,Active,2,1,False,0.0,Standard Servicing
APP-506917,Active,24,4,False,0.0,Standard Servicing
APP-506918,Closed-Good,19,3,False,0.0,Standard Servicing
APP-506919,Closed-Good,16,1,False,0.0,Standard Servicing
APP-506920,Active,0,0,False,0.0,Standard Servicing
APP-506921,Active,24,1,False,0.0,Standard Servicing
APP-506922,Active,22,4,False,0.0,Standard Servicing
APP-506923,Active,14,1,False,0.0,Standard Servicing
APP-506924,Active,1,1,False,0.0,Standard Servicing
APP-506925,Written-Off,314,13,True,7965.36,Collections/Recovery
APP-506926,Closed-Good,18,2,False,0.0,Standard Servicing
APP-506927,Active,15,1,False,0.0,Standard Servicing
APP-506928,Closed-Good,7,1,False,0.0,Standard Servicing
APP-506929,Active,0,0,False,0.0,Standard Servicing
APP-506930,Active,9,1,False,0.0,Standard Servicing
APP-506931,Closed-Good,24,1,False,0.0,Standard Servicing
APP-506932,Active,5,2,False,0.0,Standard Servicing
APP-506933,Written-Off,186,11,False,145281.96,Collections/Recovery
APP-506934,Active,0,0,False,0.0,Standard Servicing
APP-506935,Closed-Good,0,0,False,0.0,Standard Servicing
APP-506936,Closed-Good,20,4,False,0.0,Standard Servicing
APP-506937,Closed-Good,0,0,False,0.0,Standard Servicing
APP-506938,Active,14,2,False,0.0,Standard Servicing
APP-506939,Written-Off,781,15,False,62748.46,Collections/Recovery
APP-506940,Closed-Good,21,3,False,0.0,Standard Servicing
APP-506941,Closed-Good,23,4,False,0.0,Standard Servicing
APP-506942,Written-Off,925,33,True,10934.94,Collections/Recovery
APP-506943,Active,19,5,False,0.0,Standard Servicing
APP-506944,Closed-Good,0,0,False,0.0,Standard Servicing
APP-506945,Active,6,4,False,0.0,Standard Servicing
APP-506946,Active,6,1,False,0.0,Standard Servicing
APP-506947,Active,20,3,False,0.0,Standard Servicing
APP-506948,Active,14,2,False,0.0,Standard Servicing
APP-506949,Closed-Good,15,2,False,0.0,Standard Servicing
APP-506950,Active,24,3,False,0.0,Standard Servicing
APP-506951,Closed-Good,24,2,False,0.0,Standard Servicing
APP-506952,Active,0,0,False,0.0,Standard Servicing
APP-506953,Active,20,2,False,0.0,Standard Servicing
APP-506954,Defaulted,99,7,True,26410.91,Collections/Recovery
APP-506955,Active,20,2,False,0.0,Standard Servicing
APP-506956,Written-Off,249,3,False,63242.99,Collections/Recovery
APP-506957,Written-Off,358,14,False,59246.68,Collections/Recovery
APP-506958,Active,22,4,False,0.0,Standard Servicing
APP-506959,Closed-Good,0,0,False,0.0,Standard Servicing
APP-506960,Closed-Good,6,1,False,0.0,Standard Servicing
APP-506961,Active,13,1,False,0.0,Standard Servicing
APP-506962,Written-Off,619,17,False,48192.55,Collections/Recovery
APP-506963,Written-Off,485,20,False,34973.69,Collections/Recovery
APP-506964,Closed-Good,8,1,False,0.0,Standard Servicing
APP-506965,Active,23,4,False,0.0,Standard Servicing
APP-506966,Active,0,0,False,0.0,Standard Servicing
APP-506967,Active,22,2,False,0.0,Standard Servicing
APP-506968,Active,1,1,False,0.0,Standard Servicing
APP-506969,Active,14,4,False,0.0,Standard Servicing
APP-506970,Closed-Good,0,0,False,0.0,Standard Servicing
APP-506971,Written-Off,265,11,True,5525.33,Collections/Recovery
APP-506972,Active,17,1,False,0.0,Standard Servicing
APP-506973,Active,20,3,False,0.0,Standard Servicing
APP-506974,Written-Off,466,7,True,34007.93,Collections/Recovery
APP-506975,Active,0,0,False,0.0,Standard Servicing
APP-506976,Closed-Good,23,3,False,0.0,Standard Servicing
APP-506977,Written-Off,693,27,False,24618.04,Standard Servicing
APP-506978,Closed-Good,0,0,False,0.0,Standard Servicing
APP-506979,Active,15,2,False,0.0,Standard Servicing
APP-506980,Active,0,0,False,0.0,Standard Servicing
APP-506981,Closed-Good,18,1,False,0.0,Standard Servicing
APP-506982,Written-Off,1013,33,False,65302.72,Collections/Recovery
APP-506983,Closed-Good,8,2,False,0.0,Standard Servicing
APP-506984,Active,23,4,False,0.0,Standard Servicing
APP-506985,Closed-Good,22,1,False,0.0,Standard Servicing
APP-506986,Closed-Good,3,1,False,0.0,Standard Servicing
APP-506987,Active,13,2,False,0.0,Standard Servicing
APP-506988,Closed-Good,0,0,False,0.0,Standard Servicing
APP-506989,Active,8,1,False,0.0,Standard Servicing
APP-506990,Active,23,2,False,0.0,Standard Servicing
APP-506991,Closed-Good,4,1,False,0.0,Standard Servicing
APP-506992,Closed-Good,11,3,False,0.0,Standard Servicing
APP-506993,Active,0,0,False,0.0,Standard Servicing
APP-506994,Active,14,2,False,0.0,Standard Servicing
APP-506995,Closed-Good,24,5,False,0.0,Standard Servicing
APP-506996,Written-Off,595,22,False,110399.93,Collections/Recovery
APP-506997,Closed-Good,20,3,False,0.0,Standard Servicing
APP-506998,Closed-Good,14,2,False,0.0,Standard Servicing
APP-506999,Active,21,3,False,0.0,Standard Servicing
APP-507000,Closed-Good,8,1,False,0.0,Standard Servicing
APP-507001,Active,22,3,False,0.0,Standard Servicing
APP-507002,Active,14,1,False,0.0,Standard Servicing
APP-507003,Active,0,0,False,0.0,Standard Servicing
APP-507004,Written-Off,726,23,False,89862.65,Collections/Recovery
APP-507005,Active,4,2,False,0.0,Standard Servicing
APP-507006,Active,15,1,False,0.0,Standard Servicing
APP-507007,Active,22,3,False,0.0,Standard Servicing
APP-507008,Active,0,0,False,0.0,Standard Servicing
APP-507009,Closed-Good,8,1,False,0.0,Standard Servicing
APP-507010,Active,13,2,False,0.0,Standard Servicing
APP-507011,Written-Off,406,16,False,25802.12,Collections/Recovery
APP-507012,Active,11,1,False,0.0,Standard Servicing
APP-507013,Active,19,1,False,0.0,Standard Servicing
APP-507014,Active,23,3,False,0.0,Standard Servicing
APP-507015,Closed-Good,17,4,False,0.0,Standard Servicing
APP-507016,Active,10,2,False,0.0,Standard Servicing
APP-507017,Active,18,2,False,0.0,Standard Servicing
APP-507018,Closed-Good,15,1,False,0.0,Standard Servicing
APP-507019,Closed-Good,21,3,False,0.0,Standard Servicing
APP-507020,Closed-Good,20,2,False,0.0,Standard Servicing
APP-507021,Defaulted,49,8,True,2315.71,Collections/Recovery
APP-507022,Active,24,2,False,0.0,Standard Servicing
APP-507023,Active,0,0,False,0.0,Standard Servicing
APP-507024,Closed-Good,0,0,False,0.0,Standard Servicing
APP-507025,Active,2,1,False,0.0,Standard Servicing
APP-507026,Closed-Good,12,3,False,0.0,Standard Servicing
APP-507027,Closed-Good,20,3,False,0.0,Standard Servicing
APP-507028,Closed-Good,6,2,False,0.0,Standard Servicing
APP-507029,Closed-Good,0,0,False,0.0,Standard Servicing
APP-507030,Closed-Good,1,1,False,0.0,Standard Servicing
APP-507031,Defaulted,42,1,True,130292.36,Collections/Recovery
APP-507032,Active,23,1,False,0.0,Standard Servicing
APP-507033,Closed-Good,24,2,False,0.0,Standard Servicing
APP-507034,Active,19,2,False,0.0,Standard Servicing
APP-507035,Active,16,4,False,0.0,Standard Servicing
APP-507036,Active,17,3,False,0.0,Standard Servicing
APP-507037,Closed-Good,10,1,False,0.0,Standard Servicing
APP-507038,Active,6,2,False,0.0,Standard Servicing
APP-507039,Active,21,1,False,0.0,Standard Servicing
APP-507040,Active,22,3,False,0.0,Standard Servicing
APP-507041,Closed-Good,20,2,False,0.0,Standard Servicing
APP-507042,Active,0,0,False,0.0,Standard Servicing
APP-507043,Closed-Good,7,1,False,0.0,Standard Servicing
APP-507044,Active,22,2,False,0.0,Standard Servicing
APP-507045,Closed-Good,23,3,False,0.0,Standard Servicing
APP-507046,Active,16,3,False,0.0,Standard Servicing
APP-507047,Active,20,3,False,0.0,Standard Servicing
APP-507048,Active,23,3,False,0.0,Standard Servicing
APP-507049,Active,20,4,False,0.0,Standard Servicing
APP-507050,Closed-Good,0,0,False,0.0,Standard Servicing
APP-507051,Closed-Good,22,5,False,0.0,Standard Servicing
APP-507052,Active,0,0,False,0.0,Standard Servicing
APP-507053,Active,24,2,False,0.0,Standard Servicing
APP-507054,Closed-Good,15,2,False,0.0,Standard Servicing
APP-507055,Active,10,3,False,0.0,Standard Servicing
APP-507056,Active,23,3,False,0.0,Standard Servicing
APP-507057,Closed-Good,20,4,False,0.0,Standard Servicing
APP-507058,Active,24,3,False,0.0,Standard Servicing
APP-507059,Closed-Good,0,0,False,0.0,Standard Servicing
APP-507060,Closed-Good,0,0,False,0.0,Standard Servicing
APP-507061,Active,0,0,False,0.0,Standard Servicing
APP-507062,Active,18,3,False,0.0,Standard Servicing
APP-507063,Active,16,2,False,0.0,Standard Servicing
APP-507064,Closed-Good,7,1,False,0.0,Standard Servicing
APP-507065,Active,22,5,False,0.0,Standard Servicing
APP-507066,Closed-Good,0,0,False,0.0,Standard Servicing
APP-507067,Active,0,0,False,0.0,Standard Servicing
APP-507068,Closed-Good,23,4,False,0.0,Standard Servicing
APP-507069,Active,9,5,False,0.0,Standard Servicing
APP-507070,Closed-Good,9,2,False,0.0,Standard Servicing
APP-507071,Closed-Good,10,1,False,0.0,Standard Servicing
APP-507072,Defaulted,143,9,True,48188.5,Collections/Recovery
APP-507073,Closed-Good,14,1,False,0.0,Standard Servicing
APP-507074,Active,21,1,False,0.0,Standard Servicing
APP-507075,Closed-Good,16,1,False,0.0,Standard Servicing
APP-507076,Closed-Good,0,0,False,0.0,Standard Servicing
APP-507077,Active,16,5,False,0.0,Standard Servicing
APP-507078,Active,22,2,False,0.0,Standard Servicing
APP-507079,Closed-Good,0,0,False,0.0,Standard Servicing
APP-507080,Active,4,1,False,0.0,Standard Servicing
APP-507081,Closed-Good,17,2,False,0.0,Standard Servicing
APP-507082,Active,23,1,False,0.0,Standard Servicing
APP-507083,Active,2,1,False,0.0,Standard Servicing
APP-507084,Closed-Good,16,3,False,0.0,Standard Servicing
APP-507085,Written-Off,523,22,False,25918.22,Collections/Recovery
APP-507086,Active,0,0,False,0.0,Standard Servicing
APP-507087,Closed-Good,18,3,False,0.0,Standard Servicing
APP-507088,Written-Off,223,6,False,59709.67,Collections/Recovery
APP-507089,Active,0,0,False,0.0,Standard Servicing
APP-507090,Defaulted,30,3,True,62148.39,Collections/Recovery
APP-507091,Active,18,2,False,0.0,Standard Servicing
APP-507092,Active,21,1,False,0.0,Standard Servicing
APP-507093,Closed-Good,13,4,False,0.0,Standard Servicing
APP-507094,Closed-Good,7,2,False,0.0,Standard Servicing
APP-507095,Active,0,0,False,0.0,Standard Servicing
APP-507096,Closed-Good,0,0,False,0.0,Standard Servicing
APP-507097,Active,23,4,False,0.0,Standard Servicing
APP-507098,Active,8,1,False,0.0,Standard Servicing
APP-507099,Closed-Good,22,4,False,0.0,Standard Servicing
APP-507100,Closed-Good,24,2,False,0.0,Standard Servicing
APP-507101,Active,21,2,False,0.0,Standard Servicing
APP-507102,Active,17,2,False,0.0,Standard Servicing
APP-507103,Closed-Good,20,2,False,0.0,Standard Servicing
APP-507104,Active,3,1,False,0.0,Standard Servicing
APP-507105,Closed-Good,16,4,False,0.0,Standard Servicing
APP-507106,Active,23,3,False,0.0,Standard Servicing
APP-507107,Closed-Good,23,4,False,0.0,Standard Servicing
APP-507108,Active,24,7,False,0.0,Standard Servicing
APP-507109,Active,0,0,False,0.0,Standard Servicing
APP-507110,Written-Off,717,13,False,2003.93,Standard Servicing
APP-507111,Defaulted,98,6,True,29792.14,Collections/Recovery
APP-507112,Active,4,2,False,0.0,Standard Servicing
APP-507113,Active,11,1,False,0.0,Standard Servicing
APP-507114,Closed-Good,0,0,False,0.0,Standard Servicing
APP-507115,Active,2,1,False,0.0,Standard Servicing
APP-507116,Active,0,0,False,0.0,Standard Servicing
APP-507117,Active,18,1,False,0.0,Standard Servicing
APP-507118,Active,0,0,False,0.0,Standard Servicing
APP-507119,Active,7,1,False,0.0,Standard Servicing
APP-507120,Closed-Good,0,0,False,0.0,Standard Servicing
APP-507121,Active,17,4,False,0.0,Standard Servicing
APP-507122,Active,10,2,False,0.0,Standard Servicing
APP-507123,Closed-Good,19,2,False,0.0,Standard Servicing
APP-507124,Closed-Good,21,4,False,0.0,Standard Servicing
APP-507125,Active,14,5,False,0.0,Standard Servicing
APP-507126,Closed-Good,17,2,False,0.0,Standard Servicing
APP-507127,Closed-Good,4,1,False,0.0,Standard Servicing
APP-507128,Active,13,1,False,0.0,Standard Servicing
APP-507129,Active,0,0,False,0.0,Standard Servicing
APP-507130,Closed-Good,0,0,False,0.0,Standard Servicing
APP-507131,Active,20,1,False,0.0,Standard Servicing
APP-507132,Active,14,2,False,0.0,Standard Servicing
APP-507133,Written-Off,631,20,False,3733.1,Collections/Recovery
APP-507134,Closed-Good,10,1,False,0.0,Standard Servicing
APP-507135,Active,24,1,False,0.0,Standard Servicing
APP-507136,Active,0,0,False,0.0,Standard Servicing
APP-507137,Closed-Good,20,5,False,0.0,Standard Servicing
APP-507138,Active,15,4,False,0.0,Standard Servicing
APP-507139,Closed-Good,20,1,False,0.0,Standard Servicing
APP-507140,Active,15,3,False,0.0,Standard Servicing
APP-507141,Closed-Good,13,2,False,0.0,Standard Servicing
APP-507142,Written-Off,741,3,False,56799.98,Collections/Recovery
APP-507143,Written-Off,791,29,False,19332.14,Collections/Recovery
APP-507144,Closed-Good,0,0,False,0.0,Standard Servicing
APP-507145,Active,19,3,False,0.0,Standard Servicing
APP-507146,Active,0,0,False,0.0,Standard Servicing
APP-507147,Closed-Good,8,1,False,0.0,Standard Servicing
APP-507148,Closed-Good,7,2,False,0.0,Standard Servicing
APP-507149,Closed-Good,6,1,False,0.0,Standard Servicing
APP-507150,Closed-Good,23,4,False,0.0,Standard Servicing
APP-507151,Active,12,2,False,0.0,Standard Servicing
APP-507152,Active,2,1,False,0.0,Standard Servicing
APP-507153,Active,24,3,False,0.0,Standard Servicing
APP-507154,Closed-Good,21,2,False,0.0,Standard Servicing
APP-507155,Closed-Good,24,2,False,0.0,Standard Servicing
APP-507156,Closed-Good,11,2,False,0.0,Standard Servicing
APP-507157,Active,3,1,False,0.0,Standard Servicing
APP-507158,Active,12,1,False,0.0,Standard Servicing
APP-507159,Active,9,2,False,0.0,Standard Servicing
APP-507160,Closed-Good,20,1,False,0.0,Standard Servicing
APP-507161,Active,18,5,False,0.0,Standard Servicing
APP-507162,Active,7,1,False,0.0,Standard Servicing
APP-507163,Active,9,1,False,0.0,Standard Servicing
APP-507164,Written-Off,236,11,True,182335.49,Standard Servicing
APP-507165,Active,10,1,False,0.0,Standard Servicing
APP-507166,Written-Off,362,17,False,21074.62,Collections/Recovery
APP-507167,Closed-Good,23,3,False,0.0,Standard Servicing
APP-507168,Active,14,1,False,0.0,Standard Servicing
APP-507169,Active,24,3,False,0.0,Standard Servicing
APP-507170,Active,0,0,False,0.0,Standard Servicing
APP-507171,Active,20,3,False,0.0,Standard Servicing
APP-507172,Defaulted,38,2,False,125676.66,Collections/Recovery
APP-507173,Active,8,1,False,0.0,Standard Servicing
APP-507174,Active,21,3,False,0.0,Standard Servicing
APP-507175,Closed-Good,23,4,False,0.0,Standard Servicing
APP-507176,Closed-Good,0,0,False,0.0,Standard Servicing
APP-507177,Written-Off,775,4,True,54854.56,Collections/Recovery
APP-507178,Active,9,1,False,0.0,Standard Servicing
APP-507179,Active,24,1,False,0.0,Standard Servicing
APP-507180,Written-Off,850,31,False,114457.52,Collections/Recovery
APP-507181,Closed-Good,0,0,False,0.0,Standard Servicing
APP-507182,Active,19,1,False,0.0,Standard Servicing
APP-507183,Active,4,1,False,0.0,Standard Servicing
APP-507184,Closed-Good,10,3,False,0.0,Standard Servicing
APP-507185,Closed-Good,24,3,False,0.0,Standard Servicing
APP-507186,Closed-Good,22,2,False,0.0,Standard Servicing
APP-507187,Active,0,0,False,0.0,Standard Servicing
APP-507188,Active,24,1,False,0.0,Standard Servicing
APP-507189,Closed-Good,22,2,False,0.0,Standard Servicing
APP-507190,Active,9,3,False,0.0,Standard Servicing
APP-507191,Closed-Good,0,0,False,0.0,Standard Servicing
APP-507192,Active,0,0,False,0.0,Standard Servicing
APP-507193,Active,11,1,False,0.0,Standard Servicing
APP-507194,Defaulted,30,2,True,43357.06,Collections/Recovery
APP-507195,Active,5,1,False,0.0,Standard Servicing
APP-507196,Written-Off,689,26,False,8638.79,Collections/Recovery
APP-507197,Active,21,3,False,0.0,Standard Servicing
APP-507198,Closed-Good,4,1,False,0.0,Standard Servicing
APP-507199,Defaulted,45,1,False,24885.85,Collections/Recovery
APP-507200,Closed-Good,18,2,False,0.0,Standard Servicing
APP-507201,Active,20,3,False,0.0,Standard Servicing
APP-507202,Active,22,2,False,0.0,Standard Servicing
APP-507203,Active,0,0,False,0.0,Standard Servicing
APP-507204,Closed-Good,0,0,False,0.0,Standard Servicing
APP-507205,Closed-Good,13,2,False,0.0,Standard Servicing
APP-507206,Active,0,0,False,0.0,Standard Servicing
APP-507207,Active,12,1,False,0.0,Standard Servicing
APP-507208,Active,11,2,False,0.0,Standard Servicing
APP-507209,Active,21,5,False,0.0,Standard Servicing
APP-507210,Active,10,5,False,0.0,Standard Servicing
APP-507211,Active,22,3,False,0.0,Standard Servicing
APP-507212,Active,18,2,False,0.0,Standard Servicing
APP-507213,Closed-Good,23,6,False,0.0,Standard Servicing
APP-507214,Written-Off,212,10,False,11280.72,Collections/Recovery
APP-507215,Active,20,3,False,0.0,Standard Servicing
APP-507216,Active,16,3,False,0.0,Standard Servicing
APP-507217,Closed-Good,16,2,False,0.0,Standard Servicing
APP-507218,Active,21,3,False,0.0,Standard Servicing
APP-507219,Closed-Good,24,4,False,0.0,Standard Servicing
APP-507220,Active,22,3,False,0.0,Standard Servicing
APP-507221,Active,0,0,False,0.0,Standard Servicing
APP-507222,Closed-Good,22,1,False,0.0,Standard Servicing
APP-507223,Active,0,0,False,0.0,Standard Servicing
APP-507224,Active,15,3,False,0.0,Standard Servicing
APP-507225,Active,13,4,False,0.0,Standard Servicing
APP-507226,Active,18,6,False,0.0,Standard Servicing
APP-507227,Active,19,3,False,0.0,Standard Servicing
APP-507228,Active,20,2,False,0.0,Standard Servicing
APP-507229,Active,17,2,False,0.0,Standard Servicing
APP-507230,Written-Off,655,24,False,17072.37,Collections/Recovery
APP-507231,Written-Off,459,18,False,69374.19,Collections/Recovery
APP-507232,Closed-Good,21,2,False,0.0,Standard Servicing
APP-507233,Active,23,1,False,0.0,Standard Servicing
APP-507234,Closed-Good,24,1,False,0.0,Standard Servicing
APP-507235,Closed-Good,11,2,False,0.0,Standard Servicing
APP-507236,Active,24,4,False,0.0,Standard Servicing
APP-507237,Closed-Good,10,1,False,0.0,Standard Servicing
APP-507238,Active,11,1,False,0.0,Standard Servicing
APP-507239,Active,18,3,False,0.0,Standard Servicing
APP-507240,Active,7,2,False,0.0,Standard Servicing
APP-507241,Closed-Good,13,2,False,0.0,Standard Servicing
APP-507242,Active,14,2,False,0.0,Standard Servicing
APP-507243,Active,19,5,False,0.0,Standard Servicing
APP-507244,Closed-Good,21,3,False,0.0,Standard Servicing
APP-507245,Active,19,1,False,0.0,Standard Servicing
APP-507246,Closed-Good,20,2,False,0.0,Standard Servicing
APP-507247,Active,0,0,False,0.0,Standard Servicing
APP-507248,Active,21,3,False,0.0,Standard Servicing
APP-507249,Active,4,1,False,0.0,Standard Servicing
APP-507250,Active,22,2,False,0.0,Standard Servicing
APP-507251,Active,10,2,False,0.0,Standard Servicing
APP-507252,Active,0,0,False,0.0,Standard Servicing
APP-507253,Active,22,5,False,0.0,Standard Servicing
APP-507254,Closed-Good,24,2,False,0.0,Standard Servicing
APP-507255,Active,21,4,False,0.0,Standard Servicing
APP-507256,Closed-Good,16,3,False,0.0,Standard Servicing
APP-507257,Closed-Good,9,1,False,0.0,Standard Servicing
APP-507258,Active,14,1,False,0.0,Standard Servicing
APP-507259,Active,17,1,False,0.0,Standard Servicing
APP-507260,Written-Off,282,12,False,13913.66,Collections/Recovery
APP-507261,Closed-Good,20,3,False,0.0,Standard Servicing
APP-507262,Closed-Good,13,4,False,0.0,Standard Servicing
APP-507263,Active,0,0,False,0.0,Standard Servicing
APP-507264,Closed-Good,23,5,False,0.0,Standard Servicing
APP-507265,Closed-Good,21,1,False,0.0,Standard Servicing
APP-507266,Closed-Good,13,1,False,0.0,Standard Servicing
APP-507267,Active,17,2,False,0.0,Standard Servicing
APP-507268,Active,11,1,False,0.0,Standard Servicing
APP-507269,Closed-Good,20,3,False,0.0,Standard Servicing
APP-507270,Active,11,2,False,0.0,Standard Servicing
APP-507271,Active,9,1,False,0.0,Standard Servicing
APP-507272,Closed-Good,15,2,False,0.0,Standard Servicing
APP-507273,Closed-Good,6,1,False,0.0,Standard Servicing
APP-507274,Closed-Good,16,2,False,0.0,Standard Servicing
APP-507275,Closed-Good,5,1,False,0.0,Standard Servicing
APP-507276,Closed-Good,23,5,False,0.0,Standard Servicing
APP-507277,Active,21,3,False,0.0,Standard Servicing
APP-507278,Active,10,2,False,0.0,Standard Servicing
APP-507279,Closed-Good,4,1,False,0.0,Standard Servicing
APP-507280,Active,18,1,False,0.0,Standard Servicing
APP-507281,Active,16,2,False,0.0,Standard Servicing
APP-507282,Active,17,3,False,0.0,Standard Servicing
APP-507283,Active,15,1,False,0.0,Standard Servicing
APP-507284,Active,24,2,False,0.0,Standard Servicing
APP-507285,Active,23,3,False,0.0,Standard Servicing
APP-507286,Closed-Good,20,2,False,0.0,Standard Servicing
APP-507287,Active,20,2,False,0.0,Standard Servicing
APP-507288,Closed-Good,16,1,False,0.0,Standard Servicing
APP-507289,Closed-Good,23,3,False,0.0,Standard Servicing
APP-507290,Written-Off,625,23,False,27958.18,Collections/Recovery
APP-507291,Active,4,1,False,0.0,Standard Servicing
APP-507292,Active,22,4,False,0.0,Standard Servicing
APP-507293,Active,21,4,False,0.0,Standard Servicing
APP-507294,Closed-Good,22,6,False,0.0,Standard Servicing
APP-507295,Closed-Good,18,4,False,0.0,Standard Servicing
APP-507296,Defaulted,70,3,False,15395.48,Collections/Recovery
APP-507297,Closed-Good,0,0,False,0.0,Standard Servicing
APP-507298,Active,17,2,False,0.0,Standard Servicing
APP-507299,Active,5,1,False,0.0,Standard Servicing
APP-507300,Active,14,1,False,0.0,Standard Servicing
APP-507301,Closed-Good,12,2,False,0.0,Standard Servicing
APP-507302,Closed-Good,24,2,False,0.0,Standard Servicing
APP-507303,Active,17,2,False,0.0,Standard Servicing
APP-507304,Active,1,1,False,0.0,Standard Servicing
APP-507305,Closed-Good,21,2,False,0.0,Standard Servicing
APP-507306,Active,7,1,False,0.0,Standard Servicing
APP-507307,Active,10,2,False,0.0,Standard Servicing
APP-507308,Closed-Good,22,6,False,0.0,Standard Servicing
APP-507309,Active,13,3,False,0.0,Standard Servicing
APP-507310,Active,22,2,False,0.0,Standard Servicing
APP-507311,Active,22,6,False,0.0,Standard Servicing
APP-507312,Active,15,1,False,0.0,Standard Servicing
APP-507313,Active,0,0,False,0.0,Standard Servicing
APP-507314,Written-Off,683,27,False,46387.63,Collections/Recovery
APP-507315,Active,22,2,False,0.0,Standard Servicing
APP-507316,Closed-Good,20,4,False,0.0,Standard Servicing
APP-507317,Closed-Good,13,3,False,0.0,Standard Servicing
APP-507318,Closed-Good,20,1,False,0.0,Standard Servicing
APP-507319,Active,19,1,False,0.0,Standard Servicing
APP-507320,Active,17,1,False,0.0,Standard Servicing
APP-507321,Active,6,2,False,0.0,Standard Servicing
APP-507322,Written-Off,612,8,False,48632.29,Collections/Recovery
APP-507323,Written-Off,261,11,False,15356.77,Standard Servicing
APP-507324,Closed-Good,17,1,False,0.0,Standard Servicing
APP-507325,Active,0,0,False,0.0,Standard Servicing
APP-507326,Written-Off,397,4,False,12848.9,Standard Servicing
APP-507327,Closed-Good,12,3,False,0.0,Standard Servicing
APP-507328,Closed-Good,24,3,False,0.0,Standard Servicing
APP-507329,Closed-Good,23,5,False,0.0,Standard Servicing
APP-507330,Defaulted,172,8,False,41827.84,Collections/Recovery
APP-507331,Active,18,1,False,0.0,Standard Servicing
APP-507332,Closed-Good,24,2,False,0.0,Standard Servicing
APP-507333,Closed-Good,19,1,False,0.0,Standard Servicing
APP-507334,Closed-Good,1,1,False,0.0,Standard Servicing
APP-507335,Closed-Good,7,2,False,0.0,Standard Servicing
APP-507336,Active,22,4,False,0.0,Standard Servicing
APP-507337,Closed-Good,7,1,False,0.0,Standard Servicing
APP-507338,Active,0,0,False,0.0,Standard Servicing
APP-507339,Closed-Good,10,3,False,0.0,Standard Servicing
APP-507340,Closed-Good,6,2,False,0.0,Standard Servicing
APP-507341,Active,1,1,False,0.0,Standard Servicing
APP-507342,Closed-Good,8,1,False,0.0,Standard Servicing
APP-507343,Active,0,0,False,0.0,Standard Servicing
APP-507344,Active,22,2,False,0.0,Standard Servicing
APP-507345,Active,0,0,False,0.0,Standard Servicing
APP-507346,Active,23,5,False,0.0,Standard Servicing
APP-507347,Active,16,2,False,0.0,Standard Servicing
APP-507348,Closed-Good,0,0,False,0.0,Standard Servicing
APP-507349,Closed-Good,10,2,False,0.0,Standard Servicing
APP-507350,Active,19,4,False,0.0,Standard Servicing
APP-507351,Closed-Good,15,1,False,0.0,Standard Servicing
APP-507352,Active,15,1,False,0.0,Standard Servicing
APP-507353,Active,10,2,False,0.0,Standard Servicing
APP-507354,Active,18,4,False,0.0,Standard Servicing
APP-507355,Closed-Good,13,4,False,0.0,Standard Servicing
APP-507356,Closed-Good,14,2,False,0.0,Standard Servicing
APP-507357,Closed-Good,23,3,False,0.0,Standard Servicing
APP-507358,Active,18,1,False,0.0,Standard Servicing
APP-507359,Active,6,1,False,0.0,Standard Servicing
APP-507360,Closed-Good,21,4,False,0.0,Standard Servicing
APP-507361,Closed-Good,13,2,False,0.0,Standard Servicing
APP-507362,Active,1,1,False,0.0,Standard Servicing
APP-507363,Active,2,2,False,0.0,Standard Servicing
APP-507364,Written-Off,780,28,False,17339.98,Collections/Recovery
APP-507365,Written-Off,430,17,True,42218.15,Collections/Recovery
APP-507366,Closed-Good,23,1,False,0.0,Standard Servicing
APP-507367,Closed-Good,0,0,False,0.0,Standard Servicing
APP-507368,Closed-Good,7,1,False,0.0,Standard Servicing
APP-507369,Closed-Good,18,1,False,0.0,Standard Servicing
APP-507370,Active,17,2,False,0.0,Standard Servicing
APP-507371,Closed-Good,0,0,False,0.0,Standard Servicing
APP-507372,Closed-Good,12,2,False,0.0,Standard Servicing
APP-507373,Active,21,3,False,0.0,Standard Servicing
APP-507374,Active,23,2,False,0.0,Standard Servicing
APP-507375,Active,18,3,False,0.0,Standard Servicing
APP-507376,Closed-Good,17,4,False,0.0,Standard Servicing
APP-507377,Closed-Good,3,1,False,0.0,Standard Servicing
APP-507378,Closed-Good,0,0,False,0.0,Standard Servicing
APP-507379,Active,11,3,False,0.0,Standard Servicing
APP-507380,Active,17,3,False,0.0,Standard Servicing
APP-507381,Active,0,0,False,0.0,Standard Servicing
APP-507382,Closed-Good,11,2,False,0.0,Standard Servicing
APP-507383,Active,23,1,False,0.0,Standard Servicing
APP-507384,Active,0,0,False,0.0,Standard Servicing
APP-507385,Active,23,3,False,0.0,Standard Servicing
APP-507386,Closed-Good,24,3,False,0.0,Standard Servicing
APP-507387,Active,6,4,False,0.0,Standard Servicing
APP-507388,Active,22,1,False,0.0,Standard Servicing
APP-507389,Active,0,0,False,0.0,Standard Servicing
APP-507390,Active,22,1,False,0.0,Standard Servicing
APP-507391,Active,17,1,False,0.0,Standard Servicing
APP-507392,Written-Off,323,13,False,7055.65,Collections/Recovery
APP-507393,Closed-Good,21,4,False,0.0,Standard Servicing
APP-507394,Active,24,1,False,0.0,Standard Servicing
APP-507395,Active,0,0,False,0.0,Standard Servicing
APP-507396,Closed-Good,24,1,False,0.0,Standard Servicing
APP-507397,Active,22,1,False,0.0,Standard Servicing
APP-507398,Active,20,2,False,0.0,Standard Servicing
APP-507399,Active,11,2,False,0.0,Standard Servicing
APP-507400,Closed-Good,19,1,False,0.0,Standard Servicing
APP-507401,Active,23,4,False,0.0,Standard Servicing
APP-507402,Closed-Good,20,1,False,0.0,Standard Servicing
APP-507403,Active,0,0,False,0.0,Standard Servicing
APP-507404,Active,23,4,False,0.0,Standard Servicing
APP-507405,Active,1,1,False,0.0,Standard Servicing
APP-507406,Active,24,3,False,0.0,Standard Servicing
APP-507407,Active,23,1,False,0.0,Standard Servicing
APP-507408,Active,11,1,False,0.0,Standard Servicing
APP-507409,Active,17,6,False,0.0,Standard Servicing
APP-507410,Closed-Good,16,1,False,0.0,Standard Servicing
APP-507411,Written-Off,855,32,False,24009.08,Collections/Recovery
APP-507412,Written-Off,378,9,True,14026.82,Collections/Recovery
APP-507413,Closed-Good,0,0,False,0.0,Standard Servicing
APP-507414,Closed-Good,24,3,False,0.0,Standard Servicing
APP-507415,Closed-Good,0,0,False,0.0,Standard Servicing
APP-507416,Closed-Good,0,0,False,0.0,Standard Servicing
APP-507417,Active,18,3,False,0.0,Standard Servicing
APP-507418,Closed-Good,19,2,False,0.0,Standard Servicing
APP-507419,Closed-Good,23,3,False,0.0,Standard Servicing
APP-507420,Active,12,1,False,0.0,Standard Servicing
APP-507421,Active,20,2,False,0.0,Standard Servicing
APP-507422,Active,0,0,False,0.0,Standard Servicing
APP-507423,Active,21,2,False,0.0,Standard Servicing
APP-507424,Active,9,2,False,0.0,Standard Servicing
APP-507425,Closed-Good,12,3,False,0.0,Standard Servicing
APP-507426,Closed-Good,23,3,False,0.0,Standard Servicing
APP-507427,Closed-Good,12,2,False,0.0,Standard Servicing
APP-507428,Closed-Good,23,1,False,0.0,Standard Servicing
APP-507429,Active,24,3,False,0.0,Standard Servicing
APP-507430,Active,0,0,False,0.0,Standard Servicing
APP-507431,Closed-Good,0,0,False,0.0,Standard Servicing
APP-507432,Active,0,0,False,0.0,Standard Servicing
APP-507433,Active,0,0,False,0.0,Standard Servicing
APP-507434,Active,0,0,False,0.0,Standard Servicing
APP-507435,Closed-Good,15,1,False,0.0,Standard Servicing
APP-507436,Closed-Good,22,3,False,0.0,Standard Servicing
APP-507437,Active,19,1,False,0.0,Standard Servicing
APP-507438,Active,24,2,False,0.0,Standard Servicing
APP-507439,Closed-Good,4,2,False,0.0,Standard Servicing
APP-507440,Closed-Good,10,1,False,0.0,Standard Servicing
APP-507441,Closed-Good,0,0,False,0.0,Standard Servicing
APP-507442,Closed-Good,0,0,False,0.0,Standard Servicing
APP-507443,Closed-Good,23,2,False,0.0,Standard Servicing
APP-507444,Closed-Good,16,2,False,0.0,Standard Servicing
APP-507445,Closed-Good,0,0,False,0.0,Standard Servicing
APP-507446,Active,24,3,False,0.0,Standard Servicing
APP-507447,Active,15,3,False,0.0,Standard Servicing
APP-507448,Active,1,1,False,0.0,Standard Servicing
APP-507449,Closed-Good,21,2,False,0.0,Standard Servicing
APP-507450,Closed-Good,8,1,False,0.0,Standard Servicing
APP-507451,Closed-Good,17,5,False,0.0,Standard Servicing
APP-507452,Active,9,5,False,0.0,Standard Servicing
APP-507453,Closed-Good,13,1,False,0.0,Standard Servicing
APP-507454,Active,20,1,False,0.0,Standard Servicing
APP-507455,Active,1,1,False,0.0,Standard Servicing
APP-507456,Active,0,0,False,0.0,Standard Servicing
APP-507457,Closed-Good,2,1,False,0.0,Standard Servicing
APP-507458,Active,2,1,False,0.0,Standard Servicing
APP-507459,Active,23,4,False,0.0,Standard Servicing
APP-507460,Active,21,6,False,0.0,Standard Servicing
APP-507461,Closed-Good,10,2,False,0.0,Standard Servicing
APP-507462,Active,8,2,False,0.0,Standard Servicing
APP-507463,Active,3,1,False,0.0,Standard Servicing
APP-507464,Closed-Good,20,1,False,0.0,Standard Servicing
APP-507465,Active,16,3,False,0.0,Standard Servicing
APP-507466,Closed-Good,15,1,False,0.0,Standard Servicing
APP-507467,Closed-Good,14,1,False,0.0,Standard Servicing
APP-507468,Closed-Good,9,1,False,0.0,Standard Servicing
APP-507469,Active,23,1,False,0.0,Standard Servicing
APP-507470,Closed-Good,23,1,False,0.0,Standard Servicing
APP-507471,Closed-Good,20,2,False,0.0,Standard Servicing
APP-507472,Closed-Good,19,2,False,0.0,Standard Servicing
APP-507473,Active,3,2,False,0.0,Standard Servicing
APP-507474,Closed-Good,23,1,False,0.0,Standard Servicing
APP-507475,Active,16,1,False,0.0,Standard Servicing
APP-507476,Closed-Good,18,1,False,0.0,Standard Servicing
APP-507477,Active,10,2,False,0.0,Standard Servicing
APP-507478,Active,0,0,False,0.0,Standard Servicing
APP-507479,Active,2,1,False,0.0,Standard Servicing
APP-507480,Closed-Good,15,3,False,0.0,Standard Servicing
APP-507481,Active,12,2,False,0.0,Standard Servicing
APP-507482,Active,0,0,False,0.0,Standard Servicing
APP-507483,Active,23,2,False,0.0,Standard Servicing
APP-507484,Active,9,2,False,0.0,Standard Servicing
APP-507485,Active,19,4,False,0.0,Standard Servicing
APP-507486,Closed-Good,14,1,False,0.0,Standard Servicing
APP-507487,Closed-Good,8,1,False,0.0,Standard Servicing
APP-507488,Active,19,1,False,0.0,Standard Servicing
APP-507489,Active,16,3,False,0.0,Standard Servicing
APP-507490,Closed-Good,21,5,False,0.0,Standard Servicing
APP-507491,Active,22,2,False,0.0,Standard Servicing
APP-507492,Active,18,1,False,0.0,Standard Servicing
APP-507493,Active,14,2,False,0.0,Standard Servicing
APP-507494,Active,19,2,False,0.0,Standard Servicing
APP-507495,Active,20,4,False,0.0,Standard Servicing
APP-507496,Active,21,4,False,0.0,Standard Servicing
APP-507497,Closed-Good,18,5,False,0.0,Standard Servicing
APP-507498,Active,21,1,False,0.0,Standard Servicing
APP-507499,Active,18,3,False,0.0,Standard Servicing
APP-507500,Active,16,2,False,0.0,Standard Servicing
APP-507501,Active,13,1,False,0.0,Standard Servicing
APP-507502,Closed-Good,19,1,False,0.0,Standard Servicing
APP-507503,Closed-Good,0,0,False,0.0,Standard Servicing
APP-507504,Closed-Good,8,1,False,0.0,Standard Servicing
APP-507505,Active,7,1,False,0.0,Standard Servicing
APP-507506,Active,0,0,False,0.0,Standard Servicing
APP-507507,Active,0,0,False,0.0,Standard Servicing
APP-507508,Closed-Good,23,4,False,0.0,Standard Servicing
APP-507509,Closed-Good,23,1,False,0.0,Standard Servicing
APP-507510,Closed-Good,16,2,False,0.0,Standard Servicing
APP-507511,Active,24,3,False,0.0,Standard Servicing
APP-507512,Active,21,2,False,0.0,Standard Servicing
APP-507513,Active,2,1,False,0.0,Standard Servicing
APP-507514,Active,0,0,False,0.0,Standard Servicing
APP-507515,Closed-Good,13,1,False,0.0,Standard Servicing
APP-507516,Closed-Good,18,1,False,0.0,Standard Servicing
APP-507517,Active,20,2,False,0.0,Standard Servicing
APP-507518,Active,24,3,False,0.0,Standard Servicing
APP-507519,Active,16,3,False,0.0,Standard Servicing
APP-507520,Written-Off,270,12,False,29060.5,Collections/Recovery
APP-507521,Active,23,2,False,0.0,Standard Servicing
APP-507522,Closed-Good,0,0,False,0.0,Standard Servicing
APP-507523,Active,18,3,False,0.0,Standard Servicing
APP-507524,Active,0,0,False,0.0,Standard Servicing
APP-507525,Closed-Good,21,3,False,0.0,Standard Servicing
APP-507526,Active,0,0,False,0.0,Standard Servicing
APP-507527,Active,23,2,False,0.0,Standard Servicing
APP-507528,Active,0,0,False,0.0,Standard Servicing
APP-507529,Active,0,0,False,0.0,Standard Servicing
APP-507530,Closed-Good,15,1,False,0.0,Standard Servicing
APP-507531,Active,19,1,False,0.0,Standard Servicing
APP-507532,Active,16,2,False,0.0,Standard Servicing
APP-507533,Closed-Good,14,4,False,0.0,Standard Servicing
APP-507534,Written-Off,354,14,False,26207.92,Collections/Recovery
APP-507535,Closed-Good,7,1,False,0.0,Standard Servicing
APP-507536,Active,19,3,False,0.0,Standard Servicing
APP-507537,Closed-Good,24,2,False,0.0,Standard Servicing
APP-507538,Closed-Good,14,1,False,0.0,Standard Servicing
APP-507539,Closed-Good,24,5,False,0.0,Standard Servicing
APP-507540,Closed-Good,4,1,False,0.0,Standard Servicing
APP-507541,Closed-Good,0,0,False,0.0,Standard Servicing
APP-507542,Closed-Good,0,0,False,0.0,Standard Servicing
APP-507543,Active,16,1,False,0.0,Standard Servicing
APP-507544,Active,14,2,False,0.0,Standard Servicing
APP-507545,Active,18,4,False,0.0,Standard Servicing
APP-507546,Closed-Good,20,2,False,0.0,Standard Servicing
APP-507547,Active,22,3,False,0.0,Standard Servicing
APP-507548,Active,7,1,False,0.0,Standard Servicing
APP-507549,Closed-Good,22,3,False,0.0,Standard Servicing
APP-507550,Closed-Good,18,1,False,0.0,Standard Servicing
APP-507551,Closed-Good,0,0,False,0.0,Standard Servicing
APP-507552,Closed-Good,18,1,False,0.0,Standard Servicing
APP-507553,Active,12,2,False,0.0,Standard Servicing
APP-507554,Active,21,3,False,0.0,Standard Servicing
APP-507555,Active,18,2,False,0.0,Standard Servicing
APP-507556,Closed-Good,2,2,False,0.0,Standard Servicing
APP-507557,Active,17,4,False,0.0,Standard Servicing
APP-507558,Closed-Good,0,0,False,0.0,Standard Servicing
APP-507559,Closed-Good,0,0,False,0.0,Standard Servicing
APP-507560,Closed-Good,20,1,False,0.0,Standard Servicing
APP-507561,Closed-Good,13,4,False,0.0,Standard Servicing
APP-507562,Closed-Good,10,4,False,0.0,Standard Servicing
APP-507563,Closed-Good,17,1,False,0.0,Standard Servicing
APP-507564,Active,20,2,False,0.0,Standard Servicing
APP-507565,Closed-Good,6,2,False,0.0,Standard Servicing
APP-507566,Written-Off,503,8,False,40022.56,Collections/Recovery
APP-507567,Active,8,1,False,0.0,Standard Servicing
APP-507568,Active,20,4,False,0.0,Standard Servicing
APP-507569,Active,1,1,False,0.0,Standard Servicing
APP-507570,Closed-Good,15,1,False,0.0,Standard Servicing
APP-507571,Active,17,2,False,0.0,Standard Servicing
APP-507572,Active,12,3,False,0.0,Standard Servicing
APP-507573,Closed-Good,0,0,False,0.0,Standard Servicing
APP-507574,Active,20,4,False,0.0,Standard Servicing
APP-507575,Active,0,0,False,0.0,Standard Servicing
APP-507576,Closed-Good,10,1,False,0.0,Standard Servicing
APP-507577,Closed-Good,0,0,False,0.0,Standard Servicing
APP-507578,Active,0,0,False,0.0,Standard Servicing
APP-507579,Active,16,2,False,0.0,Standard Servicing
APP-507580,Active,24,4,False,0.0,Standard Servicing
APP-507581,Closed-Good,0,0,False,0.0,Standard Servicing
APP-507582,Active,19,2,False,0.0,Standard Servicing
APP-507583,Closed-Good,23,2,False,0.0,Standard Servicing
APP-507584,Active,19,5,False,0.0,Standard Servicing
APP-507585,Closed-Good,0,0,False,0.0,Standard Servicing
APP-507586,Active,19,1,False,0.0,Standard Servicing
APP-507587,Closed-Good,0,0,False,0.0,Standard Servicing
APP-507588,Active,12,2,False,0.0,Standard Servicing
APP-507589,Closed-Good,15,2,False,0.0,Standard Servicing
APP-507590,Active,18,2,False,0.0,Standard Servicing
APP-507591,Active,8,2,False,0.0,Standard Servicing
APP-507592,Active,5,1,False,0.0,Standard Servicing
APP-507593,Active,21,1,False,0.0,Standard Servicing
APP-507594,Closed-Good,0,0,False,0.0,Standard Servicing
APP-507595,Active,14,3,False,0.0,Standard Servicing
APP-507596,Active,15,2,False,0.0,Standard Servicing
APP-507597,Active,18,2,False,0.0,Standard Servicing
APP-507598,Defaulted,61,4,False,25609.77,Collections/Recovery
APP-507599,Active,24,2,False,0.0,Standard Servicing
APP-507600,Active,19,3,False,0.0,Standard Servicing
APP-507601,Active,0,0,False,0.0,Standard Servicing
APP-507602,Written-Off,1108,11,False,79052.11,Collections/Recovery
APP-507603,Active,4,1,False,0.0,Standard Servicing
APP-507604,Active,19,1,False,0.0,Standard Servicing
APP-507605,Closed-Good,6,3,False,0.0,Standard Servicing
APP-507606,Active,0,0,False,0.0,Standard Servicing
APP-507607,Active,14,2,False,0.0,Standard Servicing
APP-507608,Written-Off,938,6,False,5435.45,Collections/Recovery
APP-507609,Active,9,2,False,0.0,Standard Servicing
APP-507610,Active,20,1,False,0.0,Standard Servicing
APP-507611,Active,14,4,False,0.0,Standard Servicing
APP-507612,Closed-Good,18,1,False,0.0,Standard Servicing
APP-507613,Closed-Good,24,1,False,0.0,Standard Servicing
APP-507614,Closed-Good,23,2,False,0.0,Standard Servicing
APP-507615,Closed-Good,16,1,False,0.0,Standard Servicing
APP-507616,Closed-Good,16,1,False,0.0,Standard Servicing
APP-507617,Active,21,4,False,0.0,Standard Servicing
APP-507618,Active,0,0,False,0.0,Standard Servicing
APP-507619,Active,0,0,False,0.0,Standard Servicing
APP-507620,Closed-Good,4,1,False,0.0,Standard Servicing
APP-507621,Closed-Good,24,4,False,0.0,Standard Servicing
APP-507622,Closed-Good,23,6,False,0.0,Standard Servicing
APP-507623,Active,11,3,False,0.0,Standard Servicing
APP-507624,Active,15,3,False,0.0,Standard Servicing
APP-507625,Active,10,3,False,0.0,Standard Servicing
APP-507626,Written-Off,662,16,False,63199.47,Collections/Recovery
APP-507627,Closed-Good,13,3,False,0.0,Standard Servicing
APP-507628,Active,0,0,False,0.0,Standard Servicing
APP-507629,Active,17,5,False,0.0,Standard Servicing
APP-507630,Active,9,1,False,0.0,Standard Servicing
APP-507631,Active,6,1,False,0.0,Standard Servicing
APP-507632,Active,5,1,False,0.0,Standard Servicing
APP-507633,Closed-Good,15,2,False,0.0,Standard Servicing
APP-507634,Closed-Good,21,4,False,0.0,Standard Servicing
APP-507635,Closed-Good,24,2,False,0.0,Standard Servicing
APP-507636,Active,22,2,False,0.0,Standard Servicing
APP-507637,Active,0,0,False,0.0,Standard Servicing
APP-507638,Active,24,2,False,0.0,Standard Servicing
APP-507639,Active,22,3,False,0.0,Standard Servicing
APP-507640,Active,0,0,False,0.0,Standard Servicing
APP-507641,Active,20,2,False,0.0,Standard Servicing
APP-507642,Written-Off,252,11,False,31974.67,Collections/Recovery
APP-507643,Closed-Good,13,3,False,0.0,Standard Servicing
APP-507644,Closed-Good,18,4,False,0.0,Standard Servicing
APP-507645,Active,0,0,False,0.0,Standard Servicing
APP-507646,Closed-Good,17,3,False,0.0,Standard Servicing
APP-507647,Active,11,1,False,0.0,Standard Servicing
APP-507648,Closed-Good,14,2,False,0.0,Standard Servicing
APP-507649,Active,20,2,False,0.0,Standard Servicing
APP-507650,Active,0,0,False,0.0,Standard Servicing
APP-507651,Closed-Good,13,3,False,0.0,Standard Servicing
APP-507652,Written-Off,631,24,False,13545.39,Collections/Recovery
APP-507653,Closed-Good,0,0,False,0.0,Standard Servicing
APP-507654,Closed-Good,22,1,False,0.0,Standard Servicing
APP-507655,Closed-Good,10,3,False,0.0,Standard Servicing
APP-507656,Active,17,6,False,0.0,Standard Servicing
APP-507657,Written-Off,813,31,False,77165.71,Collections/Recovery
APP-507658,Written-Off,799,30,False,4479.31,Collections/Recovery
APP-507659,Closed-Good,23,1,False,0.0,Standard Servicing
APP-507660,Active,11,2,False,0.0,Standard Servicing
APP-507661,Written-Off,610,26,False,3695.8,Collections/Recovery
APP-507662,Active,5,1,False,0.0,Standard Servicing
APP-507663,Active,20,1,False,0.0,Standard Servicing
APP-507664,Active,21,3,False,0.0,Standard Servicing
APP-507665,Closed-Good,0,0,False,0.0,Standard Servicing
APP-507666,Closed-Good,5,1,False,0.0,Standard Servicing
APP-507667,Closed-Good,14,4,False,0.0,Standard Servicing
APP-507668,Closed-Good,0,0,False,0.0,Standard Servicing
APP-507669,Active,22,4,False,0.0,Standard Servicing
APP-507670,Active,0,0,False,0.0,Standard Servicing
APP-507671,Active,11,3,False,0.0,Standard Servicing
APP-507672,Closed-Good,20,1,False,0.0,Standard Servicing
APP-507673,Closed-Good,0,0,False,0.0,Standard Servicing
APP-507674,Closed-Good,8,2,False,0.0,Standard Servicing
APP-507675,Active,17,2,False,0.0,Standard Servicing
APP-507676,Active,23,2,False,0.0,Standard Servicing
APP-507677,Written-Off,945,17,False,148665.3,Collections/Recovery
APP-507678,Closed-Good,17,3,False,0.0,Standard Servicing
APP-507679,Closed-Good,18,5,False,0.0,Standard Servicing
APP-507680,Closed-Good,19,2,False,0.0,Standard Servicing
APP-507681,Active,20,3,False,0.0,Standard Servicing
APP-507682,Closed-Good,6,1,False,0.0,Standard Servicing
APP-507683,Active,11,1,False,0.0,Standard Servicing
APP-507684,Active,0,0,False,0.0,Standard Servicing
APP-507685,Closed-Good,18,2,False,0.0,Standard Servicing
APP-507686,Closed-Good,24,2,False,0.0,Standard Servicing
APP-507687,Written-Off,667,7,False,44879.7,Collections/Recovery
APP-507688,Written-Off,262,11,True,65321.3,Collections/Recovery
APP-507689,Active,16,1,False,0.0,Standard Servicing
APP-507690,Active,21,4,False,0.0,Standard Servicing
APP-507691,Closed-Good,13,1,False,0.0,Standard Servicing
APP-507692,Active,21,4,False,0.0,Standard Servicing
APP-507693,Active,8,1,False,0.0,Standard Servicing
APP-507694,Written-Off,1118,12,True,62965.35,Collections/Recovery
APP-507695,Active,12,1,False,0.0,Standard Servicing
APP-507696,Active,12,2,False,0.0,Standard Servicing
APP-507697,Closed-Good,19,2,False,0.0,Standard Servicing
APP-507698,Active,20,2,False,0.0,Standard Servicing
APP-507699,Closed-Good,17,2,False,0.0,Standard Servicing
APP-507700,Written-Off,614,26,False,80248.92,Collections/Recovery
APP-507701,Active,24,5,False,0.0,Standard Servicing
APP-507702,Written-Off,753,14,False,18066.44,Standard Servicing
APP-507703,Active,22,3,False,0.0,Standard Servicing
APP-507704,Active,21,5,False,0.0,Standard Servicing
APP-507705,Active,5,2,False,0.0,Standard Servicing
APP-507706,Active,13,3,False,0.0,Standard Servicing
APP-507707,Closed-Good,18,1,False,0.0,Standard Servicing
APP-507708,Closed-Good,24,2,False,0.0,Standard Servicing
APP-507709,Active,24,3,False,0.0,Standard Servicing
APP-507710,Closed-Good,0,0,False,0.0,Standard Servicing
APP-507711,Written-Off,190,14,False,48868.48,Collections/Recovery
APP-507712,Closed-Good,22,4,False,0.0,Standard Servicing
APP-507713,Closed-Good,21,3,False,0.0,Standard Servicing
APP-507714,Active,18,3,False,0.0,Standard Servicing
APP-507715,Closed-Good,0,0,False,0.0,Standard Servicing
APP-507716,Defaulted,61,2,False,7255.79,Collections/Recovery
APP-507717,Closed-Good,24,3,False,0.0,Standard Servicing
APP-507718,Active,23,3,False,0.0,Standard Servicing
APP-507719,Written-Off,437,17,True,124727.85,Collections/Recovery
APP-507720,Active,0,0,False,0.0,Standard Servicing
APP-507721,Active,22,3,False,0.0,Standard Servicing
APP-507722,Active,2,2,False,0.0,Standard Servicing
APP-507723,Active,15,2,False,0.0,Standard Servicing
APP-507724,Closed-Good,10,2,False,0.0,Standard Servicing
APP-507725,Closed-Good,0,0,False,0.0,Standard Servicing
APP-507726,Active,10,1,False,0.0,Standard Servicing
APP-507727,Written-Off,389,15,False,8363.84,Collections/Recovery
APP-507728,Active,19,2,False,0.0,Standard Servicing
APP-507729,Active,15,2,False,0.0,Standard Servicing
APP-507730,Closed-Good,20,1,False,0.0,Standard Servicing
APP-507731,Active,0,0,False,0.0,Standard Servicing
APP-507732,Active,24,3,False,0.0,Standard Servicing
APP-507733,Closed-Good,10,2,False,0.0,Standard Servicing
APP-507734,Closed-Good,22,3,False,0.0,Standard Servicing
APP-507735,Active,10,1,False,0.0,Standard Servicing
APP-507736,Active,0,0,False,0.0,Standard Servicing
APP-507737,Closed-Good,8,2,False,0.0,Standard Servicing
APP-507738,Closed-Good,10,1,False,0.0,Standard Servicing
APP-507739,Defaulted,109,8,False,64480.27,Collections/Recovery
APP-507740,Closed-Good,21,1,False,0.0,Standard Servicing
APP-507741,Written-Off,394,10,False,59682.88,Collections/Recovery
APP-507742,Closed-Good,0,0,False,0.0,Standard Servicing
APP-507743,Active,21,3,False,0.0,Standard Servicing
APP-507744,Closed-Good,2,2,False,0.0,Standard Servicing
APP-507745,Active,0,0,False,0.0,Standard Servicing
APP-507746,Closed-Good,23,1,False,0.0,Standard Servicing
APP-507747,Closed-Good,1,1,False,0.0,Standard Servicing
APP-507748,Closed-Good,19,5,False,0.0,Standard Servicing
APP-507749,Closed-Good,9,1,False,0.0,Standard Servicing
APP-507750,Active,21,6,False,0.0,Standard Servicing
APP-507751,Active,0,0,False,0.0,Standard Servicing
APP-507752,Written-Off,975,35,True,14092.85,Collections/Recovery
APP-507753,Active,22,8,False,0.0,Standard Servicing
APP-507754,Closed-Good,23,3,False,0.0,Standard Servicing
APP-507755,Closed-Good,20,3,False,0.0,Standard Servicing
APP-507756,Active,22,1,False,0.0,Standard Servicing
APP-507757,Active,0,0,False,0.0,Standard Servicing
APP-507758,Active,23,4,False,0.0,Standard Servicing
APP-507759,Active,0,0,False,0.0,Standard Servicing
APP-507760,Closed-Good,13,1,False,0.0,Standard Servicing
APP-507761,Active,15,1,False,0.0,Standard Servicing
APP-507762,Closed-Good,0,0,False,0.0,Standard Servicing
APP-507763,Active,10,2,False,0.0,Standard Servicing
APP-507764,Active,20,2,False,0.0,Standard Servicing
APP-507765,Closed-Good,7,2,False,0.0,Standard Servicing
APP-507766,Active,0,0,False,0.0,Standard Servicing
APP-507767,Closed-Good,22,4,False,0.0,Standard Servicing
APP-507768,Closed-Good,23,4,False,0.0,Standard Servicing
APP-507769,Closed-Good,20,2,False,0.0,Standard Servicing
APP-507770,Closed-Good,0,0,False,0.0,Standard Servicing
APP-507771,Active,17,2,False,0.0,Standard Servicing
APP-507772,Closed-Good,0,0,False,0.0,Standard Servicing
APP-507773,Closed-Good,0,0,False,0.0,Standard Servicing
APP-507774,Closed-Good,23,3,False,0.0,Standard Servicing
APP-507775,Active,23,4,False,0.0,Standard Servicing
APP-507776,Active,20,3,False,0.0,Standard Servicing
APP-507777,Closed-Good,0,0,False,0.0,Standard Servicing
APP-507778,Closed-Good,0,0,False,0.0,Standard Servicing
APP-507779,Closed-Good,0,0,False,0.0,Standard Servicing
APP-507780,Active,24,2,False,0.0,Standard Servicing
APP-507781,Active,24,3,False,0.0,Standard Servicing
APP-507782,Closed-Good,18,1,False,0.0,Standard Servicing
APP-507783,Closed-Good,16,2,False,0.0,Standard Servicing
APP-507784,Closed-Good,9,1,False,0.0,Standard Servicing
APP-507785,Active,17,1,False,0.0,Standard Servicing
APP-507786,Closed-Good,4,1,False,0.0,Standard Servicing
APP-507787,Written-Off,217,11,False,773.05,Collections/Recovery
APP-507788,Active,0,0,False,0.0,Standard Servicing
APP-507789,Active,13,4,False,0.0,Standard Servicing
APP-507790,Active,16,2,False,0.0,Standard Servicing
APP-507791,Closed-Good,12,4,False,0.0,Standard Servicing
APP-507792,Closed-Good,16,1,False,0.0,Standard Servicing
APP-507793,Active,15,2,False,0.0,Standard Servicing
APP-507794,Closed-Good,22,2,False,0.0,Standard Servicing
APP-507795,Closed-Good,0,0,False,0.0,Standard Servicing
APP-507796,Active,0,0,False,0.0,Standard Servicing
APP-507797,Active,0,0,False,0.0,Standard Servicing
APP-507798,Closed-Good,9,1,False,0.0,Standard Servicing
APP-507799,Active,13,4,False,0.0,Standard Servicing
APP-507800,Closed-Good,0,0,False,0.0,Standard Servicing
APP-507801,Active,0,0,False,0.0,Standard Servicing
APP-507802,Closed-Good,16,3,False,0.0,Standard Servicing
APP-507803,Active,5,2,False,0.0,Standard Servicing
APP-507804,Closed-Good,2,1,False,0.0,Standard Servicing
APP-507805,Written-Off,907,22,False,34025.19,Collections/Recovery
APP-507806,Closed-Good,16,2,False,0.0,Standard Servicing
APP-507807,Active,20,7,False,0.0,Standard Servicing
APP-507808,Active,0,0,False,0.0,Standard Servicing
APP-507809,Written-Off,314,15,False,5021.52,Collections/Recovery
APP-507810,Active,16,3,False,0.0,Standard Servicing
APP-507811,Closed-Good,13,4,False,0.0,Standard Servicing
APP-507812,Defaulted,122,7,False,20567.89,Collections/Recovery
APP-507813,Written-Off,834,19,True,49501.38,Collections/Recovery
APP-507814,Active,14,3,False,0.0,Standard Servicing
APP-507815,Written-Off,446,11,False,43306.16,Collections/Recovery
APP-507816,Closed-Good,0,0,False,0.0,Standard Servicing
APP-507817,Active,21,4,False,0.0,Standard Servicing
APP-507818,Active,16,7,False,0.0,Standard Servicing
APP-507819,Closed-Good,20,4,False,0.0,Standard Servicing
APP-507820,Closed-Good,18,3,False,0.0,Standard Servicing
APP-507821,Active,21,3,False,0.0,Standard Servicing
APP-507822,Active,16,1,False,0.0,Standard Servicing
APP-507823,Active,24,6,False,0.0,Standard Servicing
APP-507824,Active,21,1,False,0.0,Standard Servicing
APP-507825,Active,9,2,False,0.0,Standard Servicing
APP-507826,Active,0,0,False,0.0,Standard Servicing
APP-507827,Closed-Good,24,3,False,0.0,Standard Servicing
APP-507828,Closed-Good,2,1,False,0.0,Standard Servicing
APP-507829,Closed-Good,17,3,False,0.0,Standard Servicing
APP-507830,Closed-Good,20,1,False,0.0,Standard Servicing
APP-507831,Active,7,1,False,0.0,Standard Servicing
APP-507832,Closed-Good,24,2,False,0.0,Standard Servicing
APP-507833,Closed-Good,0,0,False,0.0,Standard Servicing
APP-507834,Active,1,1,False,0.0,Standard Servicing
APP-507835,Closed-Good,15,3,False,0.0,Standard Servicing
APP-507836,Active,13,1,False,0.0,Standard Servicing
APP-507837,Closed-Good,1,1,False,0.0,Standard Servicing
APP-507838,Closed-Good,14,4,False,0.0,Standard Servicing
APP-507839,Active,21,1,False,0.0,Standard Servicing
APP-507840,Closed-Good,10,1,False,0.0,Standard Servicing
APP-507841,Active,19,2,False,0.0,Standard Servicing
APP-507842,Active,15,5,False,0.0,Standard Servicing
APP-507843,Closed-Good,0,0,False,0.0,Standard Servicing
APP-507844,Closed-Good,20,2,False,0.0,Standard Servicing
APP-507845,Closed-Good,0,0,False,0.0,Standard Servicing
APP-507846,Active,22,1,False,0.0,Standard Servicing
APP-507847,Active,0,0,False,0.0,Standard Servicing
APP-507848,Closed-Good,24,2,False,0.0,Standard Servicing
APP-507849,Active,15,4,False,0.0,Standard Servicing
APP-507850,Active,11,1,False,0.0,Standard Servicing
APP-507851,Closed-Good,17,1,False,0.0,Standard Servicing
APP-507852,Active,23,4,False,0.0,Standard Servicing
APP-507853,Closed-Good,20,1,False,0.0,Standard Servicing
APP-507854,Closed-Good,21,4,False,0.0,Standard Servicing
APP-507855,Closed-Good,0,0,False,0.0,Standard Servicing
APP-507856,Written-Off,187,10,False,29986.12,Collections/Recovery
APP-507857,Active,12,2,False,0.0,Standard Servicing
APP-507858,Closed-Good,11,1,False,0.0,Standard Servicing
APP-507859,Written-Off,488,19,False,24758.04,Collections/Recovery
APP-507860,Active,24,4,False,0.0,Standard Servicing
APP-507861,Written-Off,724,28,False,17357.21,Collections/Recovery
APP-507862,Closed-Good,0,0,False,0.0,Standard Servicing
APP-507863,Closed-Good,5,1,False,0.0,Standard Servicing
APP-507864,Active,21,2,False,0.0,Standard Servicing
APP-507865,Closed-Good,23,2,False,0.0,Standard Servicing
APP-507866,Active,23,2,False,0.0,Standard Servicing
APP-507867,Closed-Good,20,2,False,0.0,Standard Servicing
APP-507868,Active,9,1,False,0.0,Standard Servicing
APP-507869,Written-Off,185,12,False,19572.77,Collections/Recovery
APP-507870,Active,13,3,False,0.0,Standard Servicing
APP-507871,Defaulted,139,8,False,12166.91,Collections/Recovery
APP-507872,Active,8,1,False,0.0,Standard Servicing
APP-507873,Closed-Good,22,2,False,0.0,Standard Servicing
APP-507874,Active,19,2,False,0.0,Standard Servicing
APP-507875,Closed-Good,17,2,False,0.0,Standard Servicing
APP-507876,Closed-Good,14,2,False,0.0,Standard Servicing
APP-507877,Active,23,4,False,0.0,Standard Servicing
APP-507878,Defaulted,39,3,False,57417.4,Standard Servicing
APP-507879,Closed-Good,0,0,False,0.0,Standard Servicing
APP-507880,Active,2,2,False,0.0,Standard Servicing
APP-507881,Active,4,1,False,0.0,Standard Servicing
APP-507882,Written-Off,636,6,False,59438.61,Collections/Recovery
APP-507883,Closed-Good,16,3,False,0.0,Standard Servicing
APP-507884,Closed-Good,10,3,False,0.0,Standard Servicing
APP-507885,Closed-Good,20,4,False,0.0,Standard Servicing
APP-507886,Active,21,3,False,0.0,Standard Servicing
APP-507887,Closed-Good,23,4,False,0.0,Standard Servicing
APP-507888,Closed-Good,10,2,False,0.0,Standard Servicing
APP-507889,Active,13,2,False,0.0,Standard Servicing
APP-507890,Active,21,4,False,0.0,Standard Servicing
APP-507891,Active,12,3,False,0.0,Standard Servicing
APP-507892,Active,5,1,False,0.0,Standard Servicing
APP-507893,Active,16,4,False,0.0,Standard Servicing
APP-507894,Written-Off,864,22,True,32659.54,Collections/Recovery
APP-507895,Closed-Good,5,3,False,0.0,Standard Servicing
APP-507896,Closed-Good,19,3,False,0.0,Standard Servicing
APP-507897,Active,20,3,False,0.0,Standard Servicing
APP-507898,Active,7,2,False,0.0,Standard Servicing
APP-507899,Closed-Good,21,2,False,0.0,Standard Servicing
APP-507900,Active,3,1,False,0.0,Standard Servicing
APP-507901,Closed-Good,3,1,False,0.0,Standard Servicing
APP-507902,Active,13,1,False,0.0,Standard Servicing
APP-507903,Closed-Good,4,3,False,0.0,Standard Servicing
APP-507904,Active,4,1,False,0.0,Standard Servicing
APP-507905,Active,7,1,False,0.0,Standard Servicing
APP-507906,Closed-Good,6,1,False,0.0,Standard Servicing
APP-507907,Active,20,2,False,0.0,Standard Servicing
APP-507908,Active,13,3,False,0.0,Standard Servicing
APP-507909,Active,0,0,False,0.0,Standard Servicing
APP-507910,Active,24,2,False,0.0,Standard Servicing
APP-507911,Active,21,3,False,0.0,Standard Servicing
APP-507912,Active,17,2,False,0.0,Standard Servicing
APP-507913,Closed-Good,23,3,False,0.0,Standard Servicing
APP-507914,Closed-Good,21,2,False,0.0,Standard Servicing
APP-507915,Written-Off,547,5,False,7809.79,Collections/Recovery
APP-507916,Active,15,1,False,0.0,Standard Servicing
APP-507917,Active,8,3,False,0.0,Standard Servicing
APP-507918,Closed-Good,23,4,False,0.0,Standard Servicing
APP-507919,Closed-Good,18,2,False,0.0,Standard Servicing
APP-507920,Closed-Good,19,2,False,0.0,Standard Servicing
APP-507921,Closed-Good,0,0,False,0.0,Standard Servicing
APP-507922,Active,3,1,False,0.0,Standard Servicing
APP-507923,Closed-Good,24,6,False,0.0,Standard Servicing
APP-507924,Closed-Good,20,3,False,0.0,Standard Servicing
APP-507925,Active,17,1,False,0.0,Standard Servicing
APP-507926,Active,0,0,False,0.0,Standard Servicing
APP-507927,Closed-Good,22,1,False,0.0,Standard Servicing
APP-507928,Closed-Good,23,6,False,0.0,Standard Servicing
APP-507929,Active,3,1,False,0.0,Standard Servicing
APP-507930,Closed-Good,15,4,False,0.0,Standard Servicing
APP-507931,Active,11,1,False,0.0,Standard Servicing
APP-507932,Closed-Good,23,3,False,0.0,Standard Servicing
APP-507933,Active,16,4,False,0.0,Standard Servicing
APP-507934,Active,20,4,False,0.0,Standard Servicing
APP-507935,Closed-Good,24,1,False,0.0,Standard Servicing
APP-507936,Active,24,8,False,0.0,Standard Servicing
APP-507937,Closed-Good,9,1,False,0.0,Standard Servicing
APP-507938,Closed-Good,24,3,False,0.0,Standard Servicing
APP-507939,Active,18,3,False,0.0,Standard Servicing
APP-507940,Closed-Good,23,3,False,0.0,Standard Servicing
APP-507941,Active,19,3,False,0.0,Standard Servicing
APP-507942,Closed-Good,20,2,False,0.0,Standard Servicing
APP-507943,Active,24,4,False,0.0,Standard Servicing
APP-507944,Active,19,2,False,0.0,Standard Servicing
APP-507945,Active,0,0,False,0.0,Standard Servicing
APP-507946,Active,17,2,False,0.0,Standard Servicing
APP-507947,Active,1,1,False,0.0,Standard Servicing
APP-507948,Active,19,2,False,0.0,Standard Servicing
APP-507949,Written-Off,856,33,False,24928.07,Standard Servicing
APP-507950,Active,12,1,False,0.0,Standard Servicing
APP-507951,Closed-Good,7,4,False,0.0,Standard Servicing
APP-507952,Active,0,0,False,0.0,Standard Servicing
APP-507953,Active,20,2,False,0.0,Standard Servicing
APP-507954,Active,21,3,False,0.0,Standard Servicing
APP-507955,Written-Off,1040,23,True,12365.41,Collections/Recovery
APP-507956,Active,19,1,False,0.0,Standard Servicing
APP-507957,Active,23,2,False,0.0,Standard Servicing
APP-507958,Closed-Good,17,4,False,0.0,Standard Servicing
APP-507959,Written-Off,745,8,False,98121.31,Standard Servicing
APP-507960,Closed-Good,12,1,False,0.0,Standard Servicing
APP-507961,Active,20,3,False,0.0,Standard Servicing
APP-507962,Closed-Good,17,3,False,0.0,Standard Servicing
APP-507963,Active,15,4,False,0.0,Standard Servicing
APP-507964,Closed-Good,22,5,False,0.0,Standard Servicing
APP-507965,Active,20,1,False,0.0,Standard Servicing
APP-507966,Closed-Good,23,3,False,0.0,Standard Servicing
APP-507967,Written-Off,227,10,False,12331.93,Collections/Recovery
APP-507968,Closed-Good,18,1,False,0.0,Standard Servicing
APP-507969,Active,10,2,False,0.0,Standard Servicing
APP-507970,Closed-Good,17,2,False,0.0,Standard Servicing
APP-507971,Closed-Good,12,1,False,0.0,Standard Servicing
APP-507972,Closed-Good,22,3,False,0.0,Standard Servicing
APP-507973,Closed-Good,22,5,False,0.0,Standard Servicing
APP-507974,Closed-Good,24,2,False,0.0,Standard Servicing
APP-507975,Closed-Good,21,6,False,0.0,Standard Servicing
APP-507976,Active,12,5,False,0.0,Standard Servicing
APP-507977,Written-Off,924,34,False,17444.66,Collections/Recovery
APP-507978,Active,13,3,False,0.0,Standard Servicing
APP-507979,Active,11,1,False,0.0,Standard Servicing
APP-507980,Closed-Good,0,0,False,0.0,Standard Servicing
APP-507981,Closed-Good,16,1,False,0.0,Standard Servicing
APP-507982,Active,0,0,False,0.0,Standard Servicing
APP-507983,Active,12,2,False,0.0,Standard Servicing
APP-507984,Active,24,3,False,0.0,Standard Servicing
APP-507985,Active,11,2,False,0.0,Standard Servicing
APP-507986,Written-Off,467,12,True,32762.41,Standard Servicing
APP-507987,Active,4,2,False,0.0,Standard Servicing
APP-507988,Active,17,2,False,0.0,Standard Servicing
APP-507989,Written-Off,810,7,False,10538.89,Collections/Recovery
APP-507990,Closed-Good,21,1,False,0.0,Standard Servicing
APP-507991,Closed-Good,8,1,False,0.0,Standard Servicing
APP-507992,Closed-Good,2,1,False,0.0,Standard Servicing
APP-507993,Closed-Good,16,3,False,0.0,Standard Servicing
APP-507994,Closed-Good,24,3,False,0.0,Standard Servicing
APP-507995,Active,24,3,False,0.0,Standard Servicing
APP-507996,Active,12,2,False,0.0,Standard Servicing
APP-507997,Active,5,2,False,0.0,Standard Servicing
APP-507998,Written-Off,986,35,True,53998.05,Collections/Recovery
APP-507999,Active,19,1,False,0.0,Standard Servicing
APP-508000,Active,18,1,False,0.0,Standard Servicing
APP-508001,Closed-Good,24,2,False,0.0,Standard Servicing
APP-508002,Closed-Good,11,1,False,0.0,Standard Servicing
APP-508003,Closed-Good,20,2,False,0.0,Standard Servicing
APP-508004,Active,14,3,False,0.0,Standard Servicing
APP-508005,Active,7,2,False,0.0,Standard Servicing
APP-508006,Defaulted,66,3,False,15493.97,Collections/Recovery
APP-508007,Active,20,3,False,0.0,Standard Servicing
APP-508008,Active,0,0,False,0.0,Standard Servicing
APP-508009,Closed-Good,14,2,False,0.0,Standard Servicing
APP-508010,Active,21,4,False,0.0,Standard Servicing
APP-508011,Closed-Good,13,3,False,0.0,Standard Servicing
APP-508012,Active,24,3,False,0.0,Standard Servicing
APP-508013,Active,17,3,False,0.0,Standard Servicing
APP-508014,Closed-Good,20,1,False,0.0,Standard Servicing
APP-508015,Active,18,4,False,0.0,Standard Servicing
APP-508016,Active,21,1,False,0.0,Standard Servicing
APP-508017,Active,0,0,False,0.0,Standard Servicing
APP-508018,Active,18,4,False,0.0,Standard Servicing
APP-508019,Active,20,5,False,0.0,Standard Servicing
APP-508020,Closed-Good,9,1,False,0.0,Standard Servicing
APP-508021,Written-Off,866,31,False,29099.78,Collections/Recovery
APP-508022,Active,6,1,False,0.0,Standard Servicing
APP-508023,Closed-Good,23,2,False,0.0,Standard Servicing
APP-508024,Written-Off,678,26,False,17139.04,Collections/Recovery
APP-508025,Active,20,4,False,0.0,Standard Servicing
APP-508026,Closed-Good,17,2,False,0.0,Standard Servicing
APP-508027,Active,2,1,False,0.0,Standard Servicing
APP-508028,Active,20,5,False,0.0,Standard Servicing
APP-508029,Closed-Good,12,1,False,0.0,Standard Servicing
APP-508030,Active,0,0,False,0.0,Standard Servicing
APP-508031,Closed-Good,24,1,False,0.0,Standard Servicing
APP-508032,Active,22,4,False,0.0,Standard Servicing
APP-508033,Active,21,3,False,0.0,Standard Servicing
APP-508034,Closed-Good,21,3,False,0.0,Standard Servicing
APP-508035,Active,15,1,False,0.0,Standard Servicing
APP-508036,Active,11,1,False,0.0,Standard Servicing
APP-508037,Defaulted,51,6,False,30452.24,Collections/Recovery
APP-508038,Active,15,2,False,0.0,Standard Servicing
APP-508039,Closed-Good,22,2,False,0.0,Standard Servicing
APP-508040,Active,20,3,False,0.0,Standard Servicing
APP-508041,Active,21,1,False,0.0,Standard Servicing
APP-508042,Written-Off,280,12,False,178813.04,Collections/Recovery
APP-508043,Closed-Good,22,2,False,0.0,Standard Servicing
APP-508044,Closed-Good,21,2,False,0.0,Standard Servicing
APP-508045,Active,0,0,False,0.0,Standard Servicing
APP-508046,Active,21,2,False,0.0,Standard Servicing
APP-508047,Active,20,3,False,0.0,Standard Servicing
APP-508048,Closed-Good,18,3,False,0.0,Standard Servicing
APP-508049,Active,0,0,False,0.0,Standard Servicing
APP-508050,Active,10,1,False,0.0,Standard Servicing
APP-508051,Closed-Good,13,3,False,0.0,Standard Servicing
APP-508052,Active,10,2,False,0.0,Standard Servicing
APP-508053,Closed-Good,21,6,False,0.0,Standard Servicing
APP-508054,Closed-Good,20,3,False,0.0,Standard Servicing
APP-508055,Closed-Good,0,0,False,0.0,Standard Servicing
APP-508056,Active,22,2,False,0.0,Standard Servicing
APP-508057,Active,15,1,False,0.0,Standard Servicing
APP-508058,Active,13,2,False,0.0,Standard Servicing
APP-508059,Active,15,2,False,0.0,Standard Servicing
APP-508060,Closed-Good,19,1,False,0.0,Standard Servicing
APP-508061,Closed-Good,8,1,False,0.0,Standard Servicing
APP-508062,Written-Off,595,23,False,2183.78,Collections/Recovery
APP-508063,Closed-Good,6,2,False,0.0,Standard Servicing
APP-508064,Active,9,2,False,0.0,Standard Servicing
APP-508065,Active,0,0,False,0.0,Standard Servicing
APP-508066,Closed-Good,13,2,False,0.0,Standard Servicing
APP-508067,Active,24,5,False,0.0,Standard Servicing
APP-508068,Active,15,1,False,0.0,Standard Servicing
APP-508069,Closed-Good,0,0,False,0.0,Standard Servicing
APP-508070,Active,14,2,False,0.0,Standard Servicing
APP-508071,Closed-Good,0,0,False,0.0,Standard Servicing
APP-508072,Closed-Good,12,1,False,0.0,Standard Servicing
APP-508073,Active,18,1,False,0.0,Standard Servicing
APP-508074,Closed-Good,0,0,False,0.0,Standard Servicing
APP-508075,Closed-Good,14,1,False,0.0,Standard Servicing
APP-508076,Active,22,3,False,0.0,Standard Servicing
APP-508077,Active,18,5,False,0.0,Standard Servicing
APP-508078,Closed-Good,22,2,False,0.0,Standard Servicing
APP-508079,Closed-Good,20,1,False,0.0,Standard Servicing
APP-508080,Closed-Good,14,1,False,0.0,Standard Servicing
APP-508081,Active,0,0,False,0.0,Standard Servicing
APP-508082,Closed-Good,13,1,False,0.0,Standard Servicing
APP-508083,Closed-Good,13,2,False,0.0,Standard Servicing
APP-508084,Closed-Good,18,3,False,0.0,Standard Servicing
APP-508085,Closed-Good,24,3,False,0.0,Standard Servicing
APP-508086,Closed-Good,0,0,False,0.0,Standard Servicing
APP-508087,Active,16,1,False,0.0,Standard Servicing
APP-508088,Closed-Good,16,2,False,0.0,Standard Servicing
APP-508089,Closed-Good,17,3,False,0.0,Standard Servicing
APP-508090,Closed-Good,21,4,False,0.0,Standard Servicing
APP-508091,Active,5,2,False,0.0,Standard Servicing
APP-508092,Closed-Good,19,4,False,0.0,Standard Servicing
APP-508093,Active,12,1,False,0.0,Standard Servicing
APP-508094,Written-Off,880,30,False,130602.91,Collections/Recovery
APP-508095,Closed-Good,22,2,False,0.0,Standard Servicing
APP-508096,Closed-Good,8,1,False,0.0,Standard Servicing
APP-508097,Active,12,2,False,0.0,Standard Servicing
APP-508098,Active,18,1,False,0.0,Standard Servicing
APP-508099,Active,5,1,False,0.0,Standard Servicing
APP-508100,Active,23,2,False,0.0,Standard Servicing
APP-508101,Active,12,5,False,0.0,Standard Servicing
APP-508102,Active,0,0,False,0.0,Standard Servicing
APP-508103,Active,13,2,False,0.0,Standard Servicing
APP-508104,Active,11,2,False,0.0,Standard Servicing
APP-508105,Closed-Good,7,1,False,0.0,Standard Servicing
APP-508106,Closed-Good,15,2,False,0.0,Standard Servicing
APP-508107,Active,12,1,False,0.0,Standard Servicing
APP-508108,Closed-Good,22,2,False,0.0,Standard Servicing
APP-508109,Active,11,2,False,0.0,Standard Servicing
APP-508110,Closed-Good,15,1,False,0.0,Standard Servicing
APP-508111,Active,12,2,False,0.0,Standard Servicing
APP-508112,Active,23,5,False,0.0,Standard Servicing
APP-508113,Written-Off,665,24,True,22109.44,Collections/Recovery
APP-508114,Closed-Good,14,2,False,0.0,Standard Servicing
APP-508115,Written-Off,267,6,False,3903.11,Collections/Recovery
APP-508116,Closed-Good,0,0,False,0.0,Standard Servicing
APP-508117,Active,9,1,False,0.0,Standard Servicing
APP-508118,Closed-Good,0,0,False,0.0,Standard Servicing
APP-508119,Active,12,2,False,0.0,Standard Servicing
APP-508120,Active,19,5,False,0.0,Standard Servicing
APP-508121,Active,22,4,False,0.0,Standard Servicing
APP-508122,Closed-Good,17,5,False,0.0,Standard Servicing
APP-508123,Active,0,0,False,0.0,Standard Servicing
APP-508124,Active,19,2,False,0.0,Standard Servicing
APP-508125,Closed-Good,17,1,False,0.0,Standard Servicing
APP-508126,Closed-Good,11,1,False,0.0,Standard Servicing
APP-508127,Closed-Good,16,1,False,0.0,Standard Servicing
APP-508128,Closed-Good,17,3,False,0.0,Standard Servicing
APP-508129,Closed-Good,11,2,False,0.0,Standard Servicing
APP-508130,Active,21,4,False,0.0,Standard Servicing
APP-508131,Active,0,0,False,0.0,Standard Servicing
APP-508132,Written-Off,1166,36,True,35501.96,Collections/Recovery
APP-508133,Closed-Good,10,1,False,0.0,Standard Servicing
APP-508134,Closed-Good,18,5,False,0.0,Standard Servicing
APP-508135,Closed-Good,8,1,False,0.0,Standard Servicing
APP-508136,Active,21,2,False,0.0,Standard Servicing
APP-508137,Active,24,5,False,0.0,Standard Servicing
APP-508138,Active,23,1,False,0.0,Standard Servicing
APP-508139,Active,23,1,False,0.0,Standard Servicing
APP-508140,Active,24,7,False,0.0,Standard Servicing
APP-508141,Closed-Good,0,0,False,0.0,Standard Servicing
APP-508142,Written-Off,365,15,True,1647.6,Collections/Recovery
APP-508143,Active,6,1,False,0.0,Standard Servicing
APP-508144,Written-Off,379,8,False,42003.29,Collections/Recovery
APP-508145,Active,23,3,False,0.0,Standard Servicing
APP-508146,Active,18,1,False,0.0,Standard Servicing
APP-508147,Active,21,2,False,0.0,Standard Servicing
APP-508148,Active,22,4,False,0.0,Standard Servicing
APP-508149,Closed-Good,24,2,False,0.0,Standard Servicing
APP-508150,Closed-Good,22,5,False,0.0,Standard Servicing
APP-508151,Active,0,0,False,0.0,Standard Servicing
APP-508152,Closed-Good,0,0,False,0.0,Standard Servicing
APP-508153,Active,16,1,False,0.0,Standard Servicing
APP-508154,Active,17,2,False,0.0,Standard Servicing
APP-508155,Closed-Good,11,2,False,0.0,Standard Servicing
APP-508156,Active,7,1,False,0.0,Standard Servicing
APP-508157,Active,0,0,False,0.0,Standard Servicing
APP-508158,Active,18,2,False,0.0,Standard Servicing
APP-508159,Closed-Good,23,2,False,0.0,Standard Servicing
APP-508160,Active,0,0,False,0.0,Standard Servicing
APP-508161,Active,17,4,False,0.0,Standard Servicing
APP-508162,Closed-Good,23,3,False,0.0,Standard Servicing
APP-508163,Active,0,0,False,0.0,Standard Servicing
APP-508164,Closed-Good,20,3,False,0.0,Standard Servicing
APP-508165,Active,24,3,False,0.0,Standard Servicing
APP-508166,Active,24,2,False,0.0,Standard Servicing
APP-508167,Closed-Good,14,3,False,0.0,Standard Servicing
APP-508168,Active,17,3,False,0.0,Standard Servicing
APP-508169,Closed-Good,3,1,False,0.0,Standard Servicing
APP-508170,Active,22,1,False,0.0,Standard Servicing
APP-508171,Active,19,1,False,0.0,Standard Servicing
APP-508172,Active,18,2,False,0.0,Standard Servicing
APP-508173,Closed-Good,7,1,False,0.0,Standard Servicing
APP-508174,Closed-Good,0,0,False,0.0,Standard Servicing
APP-508175,Closed-Good,15,4,False,0.0,Standard Servicing
APP-508176,Active,23,2,False,0.0,Standard Servicing
APP-508177,Closed-Good,4,1,False,0.0,Standard Servicing
APP-508178,Closed-Good,12,1,False,0.0,Standard Servicing
APP-508179,Written-Off,980,36,False,21416.8,Collections/Recovery
APP-508180,Active,18,1,False,0.0,Standard Servicing
APP-508181,Closed-Good,20,3,False,0.0,Standard Servicing
APP-508182,Closed-Good,18,1,False,0.0,Standard Servicing
APP-508183,Active,19,3,False,0.0,Standard Servicing
APP-508184,Active,0,0,False,0.0,Standard Servicing
APP-508185,Active,7,1,False,0.0,Standard Servicing
APP-508186,Active,24,2,False,0.0,Standard Servicing
APP-508187,Closed-Good,14,2,False,0.0,Standard Servicing
APP-508188,Closed-Good,22,2,False,0.0,Standard Servicing
APP-508189,Active,0,0,False,0.0,Standard Servicing
APP-508190,Closed-Good,17,1,False,0.0,Standard Servicing
APP-508191,Active,0,0,False,0.0,Standard Servicing
APP-508192,Closed-Good,19,1,False,0.0,Standard Servicing
APP-508193,Closed-Good,16,2,False,0.0,Standard Servicing
APP-508194,Closed-Good,0,0,False,0.0,Standard Servicing
APP-508195,Closed-Good,0,0,False,0.0,Standard Servicing
APP-508196,Active,0,0,False,0.0,Standard Servicing
APP-508197,Active,24,3,False,0.0,Standard Servicing
APP-508198,Written-Off,929,31,False,34555.12,Collections/Recovery
APP-508199,Closed-Good,11,1,False,0.0,Standard Servicing
APP-508200,Closed-Good,0,0,False,0.0,Standard Servicing
APP-508201,Active,20,3,False,0.0,Standard Servicing
APP-508202,Active,18,3,False,0.0,Standard Servicing
APP-508203,Closed-Good,0,0,False,0.0,Standard Servicing
APP-508204,Closed-Good,22,3,False,0.0,Standard Servicing
APP-508205,Closed-Good,1,1,False,0.0,Standard Servicing
APP-508206,Closed-Good,16,2,False,0.0,Standard Servicing
APP-508207,Closed-Good,21,2,False,0.0,Standard Servicing
APP-508208,Closed-Good,21,4,False,0.0,Standard Servicing
APP-508209,Active,11,1,False,0.0,Standard Servicing
APP-508210,Active,24,4,False,0.0,Standard Servicing
APP-508211,Active,19,2,False,0.0,Standard Servicing
APP-508212,Active,17,4,False,0.0,Standard Servicing
APP-508213,Active,7,1,False,0.0,Standard Servicing
APP-508214,Closed-Good,24,4,False,0.0,Standard Servicing
APP-508215,Active,0,0,False,0.0,Standard Servicing
APP-508216,Closed-Good,23,1,False,0.0,Standard Servicing
APP-508217,Active,20,1,False,0.0,Standard Servicing
APP-508218,Active,18,2,False,0.0,Standard Servicing
APP-508219,Active,19,2,False,0.0,Standard Servicing
APP-508220,Closed-Good,0,0,False,0.0,Standard Servicing
APP-508221,Closed-Good,17,2,False,0.0,Standard Servicing
APP-508222,Written-Off,718,27,False,23563.82,Standard Servicing
APP-508223,Closed-Good,12,2,False,0.0,Standard Servicing
APP-508224,Active,0,0,False,0.0,Standard Servicing
APP-508225,Closed-Good,11,1,False,0.0,Standard Servicing
APP-508226,Active,23,7,False,0.0,Standard Servicing
APP-508227,Closed-Good,17,3,False,0.0,Standard Servicing
APP-508228,Active,0,0,False,0.0,Standard Servicing
APP-508229,Closed-Good,22,5,False,0.0,Standard Servicing
APP-508230,Closed-Good,22,3,False,0.0,Standard Servicing
APP-508231,Active,11,1,False,0.0,Standard Servicing
APP-508232,Active,14,2,False,0.0,Standard Servicing
APP-508233,Closed-Good,14,3,False,0.0,Standard Servicing
APP-508234,Active,17,1,False,0.0,Standard Servicing
APP-508235,Written-Off,952,21,False,820.77,Collections/Recovery
APP-508236,Closed-Good,5,1,False,0.0,Standard Servicing
APP-508237,Written-Off,664,25,False,10714.79,Collections/Recovery
APP-508238,Active,10,1,False,0.0,Standard Servicing
APP-508239,Defaulted,136,7,False,4011.05,Collections/Recovery
APP-508240,Active,10,2,False,0.0,Standard Servicing
APP-508241,Active,12,1,False,0.0,Standard Servicing
APP-508242,Written-Off,785,4,False,48327.88,Collections/Recovery
APP-508243,Active,19,3,False,0.0,Standard Servicing
APP-508244,Defaulted,48,2,False,55592.2,Collections/Recovery
APP-508245,Closed-Good,0,0,False,0.0,Standard Servicing
APP-508246,Closed-Good,0,0,False,0.0,Standard Servicing
APP-508247,Active,15,3,False,0.0,Standard Servicing
APP-508248,Active,24,1,False,0.0,Standard Servicing
APP-508249,Closed-Good,0,0,False,0.0,Standard Servicing
APP-508250,Active,11,1,False,0.0,Standard Servicing
APP-508251,Active,23,6,False,0.0,Standard Servicing
APP-508252,Active,20,3,False,0.0,Standard Servicing
APP-508253,Active,22,3,False,0.0,Standard Servicing
APP-508254,Closed-Good,0,0,False,0.0,Standard Servicing
APP-508255,Active,20,3,False,0.0,Standard Servicing
APP-508256,Closed-Good,0,0,False,0.0,Standard Servicing
APP-508257,Active,22,4,False,0.0,Standard Servicing
APP-508258,Active,7,1,False,0.0,Standard Servicing
APP-508259,Active,21,1,False,0.0,Standard Servicing
APP-508260,Active,12,1,False,0.0,Standard Servicing
APP-508261,Closed-Good,0,0,False,0.0,Standard Servicing
APP-508262,Active,10,2,False,0.0,Standard Servicing
APP-508263,Closed-Good,24,1,False,0.0,Standard Servicing
APP-508264,Closed-Good,6,1,False,0.0,Standard Servicing
APP-508265,Active,24,6,False,0.0,Standard Servicing
APP-508266,Active,4,1,False,0.0,Standard Servicing
APP-508267,Active,11,3,False,0.0,Standard Servicing
APP-508268,Active,20,2,False,0.0,Standard Servicing
APP-508269,Closed-Good,23,6,False,0.0,Standard Servicing
APP-508270,Closed-Good,11,3,False,0.0,Standard Servicing
APP-508271,Active,23,3,False,0.0,Standard Servicing
APP-508272,Active,7,1,False,0.0,Standard Servicing
APP-508273,Active,8,2,False,0.0,Standard Servicing
APP-508274,Closed-Good,24,3,False,0.0,Standard Servicing
APP-508275,Closed-Good,23,4,False,0.0,Standard Servicing
APP-508276,Closed-Good,24,5,False,0.0,Standard Servicing
APP-508277,Closed-Good,20,3,False,0.0,Standard Servicing
APP-508278,Active,11,3,False,0.0,Standard Servicing
APP-508279,Closed-Good,0,0,False,0.0,Standard Servicing
APP-508280,Closed-Good,18,2,False,0.0,Standard Servicing
APP-508281,Written-Off,520,20,False,53931.93,Collections/Recovery
APP-508282,Active,19,2,False,0.0,Standard Servicing
APP-508283,Closed-Good,24,2,False,0.0,Standard Servicing
APP-508284,Closed-Good,13,4,False,0.0,Standard Servicing
APP-508285,Active,17,2,False,0.0,Standard Servicing
APP-508286,Written-Off,563,21,False,32161.52,Collections/Recovery
APP-508287,Active,22,4,False,0.0,Standard Servicing
APP-508288,Active,23,3,False,0.0,Standard Servicing
APP-508289,Closed-Good,24,4,False,0.0,Standard Servicing
APP-508290,Active,24,3,False,0.0,Standard Servicing
APP-508291,Active,8,1,False,0.0,Standard Servicing
APP-508292,Active,12,1,False,0.0,Standard Servicing
APP-508293,Closed-Good,11,1,False,0.0,Standard Servicing
APP-508294,Closed-Good,4,1,False,0.0,Standard Servicing
APP-508295,Active,6,4,False,0.0,Standard Servicing
APP-508296,Closed-Good,4,1,False,0.0,Standard Servicing
APP-508297,Closed-Good,14,1,False,0.0,Standard Servicing
APP-508298,Active,19,4,False,0.0,Standard Servicing
APP-508299,Active,12,1,False,0.0,Standard Servicing
APP-508300,Active,19,3,False,0.0,Standard Servicing
APP-508301,Active,0,0,False,0.0,Standard Servicing
APP-508302,Active,19,2,False,0.0,Standard Servicing
APP-508303,Closed-Good,1,1,False,0.0,Standard Servicing
APP-508304,Active,0,0,False,0.0,Standard Servicing
APP-508305,Active,23,2,False,0.0,Standard Servicing
APP-508306,Active,2,1,False,0.0,Standard Servicing
APP-508307,Written-Off,1105,40,False,10203.64,Collections/Recovery
APP-508308,Closed-Good,2,1,False,0.0,Standard Servicing
APP-508309,Active,9,1,False,0.0,Standard Servicing
APP-508310,Closed-Good,0,0,False,0.0,Standard Servicing
APP-508311,Closed-Good,0,0,False,0.0,Standard Servicing
APP-508312,Closed-Good,21,2,False,0.0,Standard Servicing
APP-508313,Active,8,1,False,0.0,Standard Servicing
APP-508314,Closed-Good,6,2,False,0.0,Standard Servicing
APP-508315,Closed-Good,20,1,False,0.0,Standard Servicing
APP-508316,Closed-Good,23,4,False,0.0,Standard Servicing
APP-508317,Active,23,2,False,0.0,Standard Servicing
APP-508318,Active,11,2,False,0.0,Standard Servicing
APP-508319,Closed-Good,0,0,False,0.0,Standard Servicing
APP-508320,Closed-Good,20,5,False,0.0,Standard Servicing
APP-508321,Closed-Good,3,1,False,0.0,Standard Servicing
APP-508322,Closed-Good,16,3,False,0.0,Standard Servicing
APP-508323,Closed-Good,24,3,False,0.0,Standard Servicing
APP-508324,Closed-Good,19,3,False,0.0,Standard Servicing
APP-508325,Active,0,0,False,0.0,Standard Servicing
APP-508326,Written-Off,340,12,True,19040.51,Collections/Recovery
APP-508327,Closed-Good,17,4,False,0.0,Standard Servicing
APP-508328,Active,21,4,False,0.0,Standard Servicing
APP-508329,Active,19,6,False,0.0,Standard Servicing
APP-508330,Active,14,2,False,0.0,Standard Servicing
APP-508331,Active,2,1,False,0.0,Standard Servicing
APP-508332,Closed-Good,15,3,False,0.0,Standard Servicing
APP-508333,Closed-Good,10,1,False,0.0,Standard Servicing
APP-508334,Active,21,1,False,0.0,Standard Servicing
APP-508335,Active,18,2,False,0.0,Standard Servicing
APP-508336,Active,8,2,False,0.0,Standard Servicing
APP-508337,Closed-Good,23,4,False,0.0,Standard Servicing
APP-508338,Active,16,3,False,0.0,Standard Servicing
APP-508339,Closed-Good,20,2,False,0.0,Standard Servicing
APP-508340,Closed-Good,16,3,False,0.0,Standard Servicing
APP-508341,Active,23,3,False,0.0,Standard Servicing
APP-508342,Active,4,1,False,0.0,Standard Servicing
APP-508343,Active,12,1,False,0.0,Standard Servicing
APP-508344,Active,21,4,False,0.0,Standard Servicing
APP-508345,Active,13,4,False,0.0,Standard Servicing
APP-508346,Closed-Good,20,1,False,0.0,Standard Servicing
APP-508347,Closed-Good,24,6,False,0.0,Standard Servicing
APP-508348,Written-Off,375,15,False,84255.14,Collections/Recovery
APP-508349,Closed-Good,0,0,False,0.0,Standard Servicing
APP-508350,Active,20,1,False,0.0,Standard Servicing
APP-508351,Active,12,2,False,0.0,Standard Servicing
APP-508352,Closed-Good,22,1,False,0.0,Standard Servicing
APP-508353,Closed-Good,19,3,False,0.0,Standard Servicing
APP-508354,Closed-Good,9,2,False,0.0,Standard Servicing
APP-508355,Active,19,2,False,0.0,Standard Servicing
APP-508356,Closed-Good,0,0,False,0.0,Standard Servicing
APP-508357,Closed-Good,22,4,False,0.0,Standard Servicing
APP-508358,Active,12,2,False,0.0,Standard Servicing
APP-508359,Closed-Good,17,4,False,0.0,Standard Servicing
APP-508360,Closed-Good,6,1,False,0.0,Standard Servicing
APP-508361,Closed-Good,3,1,False,0.0,Standard Servicing
APP-508362,Active,0,0,False,0.0,Standard Servicing
APP-508363,Active,0,0,False,0.0,Standard Servicing
APP-508364,Active,0,0,False,0.0,Standard Servicing
APP-508365,Closed-Good,17,3,False,0.0,Standard Servicing
APP-508366,Closed-Good,20,2,False,0.0,Standard Servicing
APP-508367,Active,0,0,False,0.0,Standard Servicing
APP-508368,Closed-Good,19,2,False,0.0,Standard Servicing
APP-508369,Active,23,3,False,0.0,Standard Servicing
APP-508370,Active,0,0,False,0.0,Standard Servicing
APP-508371,Active,4,1,False,0.0,Standard Servicing
APP-508372,Written-Off,953,19,False,4213.53,Collections/Recovery
APP-508373,Active,0,0,False,0.0,Standard Servicing
APP-508374,Active,21,3,False,0.0,Standard Servicing
APP-508375,Active,20,3,False,0.0,Standard Servicing
APP-508376,Closed-Good,19,1,False,0.0,Standard Servicing
APP-508377,Active,0,0,False,0.0,Standard Servicing
APP-508378,Active,2,1,False,0.0,Standard Servicing
APP-508379,Closed-Good,8,2,False,0.0,Standard Servicing
APP-508380,Closed-Good,23,2,False,0.0,Standard Servicing
APP-508381,Closed-Good,18,2,False,0.0,Standard Servicing
APP-508382,Active,20,2,False,0.0,Standard Servicing
APP-508383,Active,11,2,False,0.0,Standard Servicing
APP-508384,Active,16,2,False,0.0,Standard Servicing
APP-508385,Closed-Good,21,4,False,0.0,Standard Servicing
APP-508386,Active,23,5,False,0.0,Standard Servicing
APP-508387,Closed-Good,22,4,False,0.0,Standard Servicing
APP-508388,Active,0,0,False,0.0,Standard Servicing
APP-508389,Closed-Good,0,0,False,0.0,Standard Servicing
APP-508390,Written-Off,503,8,False,41695.15,Collections/Recovery
APP-508391,Closed-Good,13,3,False,0.0,Standard Servicing
APP-508392,Active,18,2,False,0.0,Standard Servicing
APP-508393,Closed-Good,23,4,False,0.0,Standard Servicing
APP-508394,Active,16,1,False,0.0,Standard Servicing
APP-508395,Closed-Good,19,1,False,0.0,Standard Servicing
APP-508396,Active,0,0,False,0.0,Standard Servicing
APP-508397,Closed-Good,23,3,False,0.0,Standard Servicing
APP-508398,Active,0,0,False,0.0,Standard Servicing
APP-508399,Active,16,5,False,0.0,Standard Servicing
APP-508400,Active,10,1,False,0.0,Standard Servicing
APP-508401,Active,11,1,False,0.0,Standard Servicing
APP-508402,Closed-Good,8,3,False,0.0,Standard Servicing
APP-508403,Active,13,2,False,0.0,Standard Servicing
APP-508404,Active,8,2,False,0.0,Standard Servicing
APP-508405,Closed-Good,7,1,False,0.0,Standard Servicing
APP-508406,Active,0,0,False,0.0,Standard Servicing
APP-508407,Active,23,3,False,0.0,Standard Servicing
APP-508408,Active,4,2,False,0.0,Standard Servicing
APP-508409,Active,16,4,False,0.0,Standard Servicing
APP-508410,Active,17,1,False,0.0,Standard Servicing
APP-508411,Active,24,7,False,0.0,Standard Servicing
APP-508412,Active,0,0,False,0.0,Standard Servicing
APP-508413,Closed-Good,22,2,False,0.0,Standard Servicing
APP-508414,Closed-Good,9,1,False,0.0,Standard Servicing
APP-508415,Closed-Good,22,4,False,0.0,Standard Servicing
APP-508416,Closed-Good,13,1,False,0.0,Standard Servicing
APP-508417,Closed-Good,0,0,False,0.0,Standard Servicing
APP-508418,Closed-Good,22,7,False,0.0,Standard Servicing
APP-508419,Active,20,2,False,0.0,Standard Servicing
APP-508420,Closed-Good,16,2,False,0.0,Standard Servicing
APP-508421,Active,16,3,False,0.0,Standard Servicing
APP-508422,Closed-Good,21,6,False,0.0,Standard Servicing
APP-508423,Active,17,2,False,0.0,Standard Servicing
APP-508424,Closed-Good,0,0,False,0.0,Standard Servicing
APP-508425,Closed-Good,18,3,False,0.0,Standard Servicing
APP-508426,Closed-Good,3,1,False,0.0,Standard Servicing
APP-508427,Active,16,2,False,0.0,Standard Servicing
APP-508428,Active,3,1,False,0.0,Standard Servicing
APP-508429,Closed-Good,0,0,False,0.0,Standard Servicing
APP-508430,Active,3,1,False,0.0,Standard Servicing
APP-508431,Closed-Good,15,3,False,0.0,Standard Servicing
APP-508432,Active,11,1,False,0.0,Standard Servicing
APP-508433,Active,24,3,False,0.0,Standard Servicing
APP-508434,Active,0,0,False,0.0,Standard Servicing
APP-508435,Active,12,2,False,0.0,Standard Servicing
APP-508436,Active,15,1,False,0.0,Standard Servicing
APP-508437,Closed-Good,0,0,False,0.0,Standard Servicing
APP-508438,Active,10,2,False,0.0,Standard Servicing
APP-508439,Active,24,6,False,0.0,Standard Servicing
APP-508440,Written-Off,760,14,True,27112.14,Collections/Recovery
APP-508441,Closed-Good,7,1,False,0.0,Standard Servicing
APP-508442,Closed-Good,24,3,False,0.0,Standard Servicing
APP-508443,Active,19,4,False,0.0,Standard Servicing
APP-508444,Closed-Good,11,4,False,0.0,Standard Servicing
APP-508445,Active,9,1,False,0.0,Standard Servicing
APP-508446,Closed-Good,0,0,False,0.0,Standard Servicing
APP-508447,Closed-Good,7,1,False,0.0,Standard Servicing
APP-508448,Active,7,2,False,0.0,Standard Servicing
APP-508449,Active,23,3,False,0.0,Standard Servicing
APP-508450,Active,12,1,False,0.0,Standard Servicing
APP-508451,Active,22,1,False,0.0,Standard Servicing
APP-508452,Active,22,3,False,0.0,Standard Servicing
APP-508453,Active,24,2,False,0.0,Standard Servicing
APP-508454,Closed-Good,12,2,False,0.0,Standard Servicing
APP-508455,Active,23,3,False,0.0,Standard Servicing
APP-508456,Active,21,3,False,0.0,Standard Servicing
APP-508457,Closed-Good,2,1,False,0.0,Standard Servicing
APP-508458,Active,5,1,False,0.0,Standard Servicing
APP-508459,Active,24,4,False,0.0,Standard Servicing
APP-508460,Closed-Good,20,2,False,0.0,Standard Servicing
APP-508461,Closed-Good,23,2,False,0.0,Standard Servicing
APP-508462,Active,0,0,False,0.0,Standard Servicing
APP-508463,Active,12,2,False,0.0,Standard Servicing
APP-508464,Active,18,1,False,0.0,Standard Servicing
APP-508465,Closed-Good,0,0,False,0.0,Standard Servicing
APP-508466,Defaulted,177,9,False,867.37,Collections/Recovery
APP-508467,Closed-Good,20,2,False,0.0,Standard Servicing
APP-508468,Written-Off,365,17,False,55488.89,Collections/Recovery
APP-508469,Active,21,2,False,0.0,Standard Servicing
APP-508470,Active,21,4,False,0.0,Standard Servicing
APP-508471,Active,0,0,False,0.0,Standard Servicing
APP-508472,Closed-Good,6,1,False,0.0,Standard Servicing
APP-508473,Closed-Good,18,1,False,0.0,Standard Servicing
APP-508474,Active,13,1,False,0.0,Standard Servicing
APP-508475,Active,22,5,False,0.0,Standard Servicing
APP-508476,Active,9,1,False,0.0,Standard Servicing
APP-508477,Closed-Good,0,0,False,0.0,Standard Servicing
APP-508478,Written-Off,964,35,False,42573.15,Collections/Recovery
APP-508479,Closed-Good,22,3,False,0.0,Standard Servicing
APP-508480,Active,14,3,False,0.0,Standard Servicing
APP-508481,Active,15,2,False,0.0,Standard Servicing
APP-508482,Active,23,2,False,0.0,Standard Servicing
APP-508483,Closed-Good,19,2,False,0.0,Standard Servicing
APP-508484,Closed-Good,16,1,False,0.0,Standard Servicing
APP-508485,Closed-Good,19,1,False,0.0,Standard Servicing
APP-508486,Closed-Good,7,2,False,0.0,Standard Servicing
APP-508487,Active,5,1,False,0.0,Standard Servicing
APP-508488,Closed-Good,0,0,False,0.0,Standard Servicing
APP-508489,Active,22,2,False,0.0,Standard Servicing
APP-508490,Active,19,3,False,0.0,Standard Servicing
APP-508491,Active,22,3,False,0.0,Standard Servicing
APP-508492,Closed-Good,0,0,False,0.0,Standard Servicing
APP-508493,Closed-Good,24,3,False,0.0,Standard Servicing
APP-508494,Active,7,1,False,0.0,Standard Servicing
APP-508495,Active,22,3,False,0.0,Standard Servicing
APP-508496,Written-Off,473,18,True,42539.29,Collections/Recovery
APP-508497,Active,0,0,False,0.0,Standard Servicing
APP-508498,Closed-Good,21,4,False,0.0,Standard Servicing
APP-508499,Active,16,1,False,0.0,Standard Servicing
APP-508500,Closed-Good,24,4,False,0.0,Standard Servicing
APP-508501,Active,17,3,False,0.0,Standard Servicing
APP-508502,Closed-Good,23,5,False,0.0,Standard Servicing
APP-508503,Defaulted,108,7,False,21374.41,Collections/Recovery
APP-508504,Active,16,1,False,0.0,Standard Servicing
APP-508505,Active,0,0,False,0.0,Standard Servicing
APP-508506,Active,19,1,False,0.0,Standard Servicing
APP-508507,Closed-Good,20,3,False,0.0,Standard Servicing
APP-508508,Closed-Good,16,2,False,0.0,Standard Servicing
APP-508509,Active,17,3,False,0.0,Standard Servicing
APP-508510,Closed-Good,0,0,False,0.0,Standard Servicing
APP-508511,Closed-Good,22,5,False,0.0,Standard Servicing
APP-508512,Closed-Good,18,1,False,0.0,Standard Servicing
APP-508513,Active,17,4,False,0.0,Standard Servicing
APP-508514,Active,23,3,False,0.0,Standard Servicing
APP-508515,Active,12,1,False,0.0,Standard Servicing
APP-508516,Closed-Good,23,3,False,0.0,Standard Servicing
APP-508517,Written-Off,716,26,False,19744.24,Collections/Recovery
APP-508518,Closed-Good,16,1,False,0.0,Standard Servicing
APP-508519,Closed-Good,15,1,False,0.0,Standard Servicing
APP-508520,Closed-Good,20,2,False,0.0,Standard Servicing
APP-508521,Active,23,2,False,0.0,Standard Servicing
APP-508522,Active,13,1,False,0.0,Standard Servicing
APP-508523,Closed-Good,21,4,False,0.0,Standard Servicing
APP-508524,Closed-Good,18,2,False,0.0,Standard Servicing
APP-508525,Active,13,1,False,0.0,Standard Servicing
APP-508526,Closed-Good,23,3,False,0.0,Standard Servicing
APP-508527,Closed-Good,20,2,False,0.0,Standard Servicing
APP-508528,Active,16,2,False,0.0,Standard Servicing
APP-508529,Active,2,1,False,0.0,Standard Servicing
APP-508530,Active,22,4,False,0.0,Standard Servicing
APP-508531,Active,20,3,False,0.0,Standard Servicing
APP-508532,Active,24,6,False,0.0,Standard Servicing
APP-508533,Written-Off,743,27,False,25039.46,Standard Servicing
APP-508534,Closed-Good,15,4,False,0.0,Standard Servicing
APP-508535,Active,19,3,False,0.0,Standard Servicing
APP-508536,Active,22,2,False,0.0,Standard Servicing
APP-508537,Active,7,2,False,0.0,Standard Servicing
APP-508538,Active,20,1,False,0.0,Standard Servicing
APP-508539,Closed-Good,24,3,False,0.0,Standard Servicing
APP-508540,Closed-Good,20,5,False,0.0,Standard Servicing
APP-508541,Closed-Good,19,2,False,0.0,Standard Servicing
APP-508542,Closed-Good,10,1,False,0.0,Standard Servicing
APP-508543,Active,10,2,False,0.0,Standard Servicing
APP-508544,Active,18,2,False,0.0,Standard Servicing
APP-508545,Active,11,1,False,0.0,Standard Servicing
APP-508546,Closed-Good,0,0,False,0.0,Standard Servicing
APP-508547,Written-Off,519,6,False,23436.26,Collections/Recovery
APP-508548,Closed-Good,0,0,False,0.0,Standard Servicing
APP-508549,Active,23,4,False,0.0,Standard Servicing
APP-508550,Closed-Good,0,0,False,0.0,Standard Servicing
APP-508551,Active,10,1,False,0.0,Standard Servicing
APP-508552,Closed-Good,24,5,False,0.0,Standard Servicing
APP-508553,Active,23,4,False,0.0,Standard Servicing
APP-508554,Active,21,1,False,0.0,Standard Servicing
APP-508555,Active,18,1,False,0.0,Standard Servicing
APP-508556,Active,7,1,False,0.0,Standard Servicing
APP-508557,Active,24,2,False,0.0,Standard Servicing
APP-508558,Active,17,4,False,0.0,Standard Servicing
APP-508559,Active,0,0,False,0.0,Standard Servicing
APP-508560,Active,3,1,False,0.0,Standard Servicing
APP-508561,Active,1,1,False,0.0,Standard Servicing
APP-508562,Closed-Good,21,4,False,0.0,Standard Servicing
APP-508563,Active,24,2,False,0.0,Standard Servicing
APP-508564,Closed-Good,0,0,False,0.0,Standard Servicing
APP-508565,Closed-Good,22,2,False,0.0,Standard Servicing
APP-508566,Closed-Good,3,2,False,0.0,Standard Servicing
APP-508567,Active,16,5,False,0.0,Standard Servicing
APP-508568,Active,2,1,False,0.0,Standard Servicing
APP-508569,Active,20,1,False,0.0,Standard Servicing
APP-508570,Closed-Good,21,6,False,0.0,Standard Servicing
APP-508571,Closed-Good,11,1,False,0.0,Standard Servicing
APP-508572,Active,14,2,False,0.0,Standard Servicing
APP-508573,Closed-Good,14,2,False,0.0,Standard Servicing
APP-508574,Written-Off,231,10,False,53671.81,Collections/Recovery
APP-508575,Closed-Good,20,1,False,0.0,Standard Servicing
APP-508576,Active,0,0,False,0.0,Standard Servicing
APP-508577,Defaulted,36,2,False,25680.5,Collections/Recovery
APP-508578,Closed-Good,13,2,False,0.0,Standard Servicing
APP-508579,Closed-Good,4,1,False,0.0,Standard Servicing
APP-508580,Active,22,2,False,0.0,Standard Servicing
APP-508581,Written-Off,282,11,False,12595.76,Collections/Recovery
APP-508582,Active,17,1,False,0.0,Standard Servicing
APP-508583,Active,0,0,False,0.0,Standard Servicing
APP-508584,Active,14,1,False,0.0,Standard Servicing
APP-508585,Active,0,0,False,0.0,Standard Servicing
APP-508586,Active,24,1,False,0.0,Standard Servicing
APP-508587,Closed-Good,14,3,False,0.0,Standard Servicing
APP-508588,Closed-Good,21,2,False,0.0,Standard Servicing
APP-508589,Closed-Good,14,2,False,0.0,Standard Servicing
APP-508590,Closed-Good,0,0,False,0.0,Standard Servicing
APP-508591,Closed-Good,15,3,False,0.0,Standard Servicing
APP-508592,Active,21,1,False,0.0,Standard Servicing
APP-508593,Active,17,1,False,0.0,Standard Servicing
APP-508594,Closed-Good,15,1,False,0.0,Standard Servicing
APP-508595,Active,4,1,False,0.0,Standard Servicing
APP-508596,Closed-Good,24,3,False,0.0,Standard Servicing
APP-508597,Active,20,2,False,0.0,Standard Servicing
APP-508598,Active,14,1,False,0.0,Standard Servicing
APP-508599,Closed-Good,16,2,False,0.0,Standard Servicing
APP-508600,Closed-Good,0,0,False,0.0,Standard Servicing
APP-508601,Active,6,1,False,0.0,Standard Servicing
APP-508602,Defaulted,138,7,False,1258.39,Collections/Recovery
APP-508603,Active,6,1,False,0.0,Standard Servicing
APP-508604,Closed-Good,19,2,False,0.0,Standard Servicing
APP-508605,Closed-Good,9,1,False,0.0,Standard Servicing
APP-508606,Active,4,1,False,0.0,Standard Servicing
APP-508607,Defaulted,66,6,False,53677.77,Collections/Recovery
APP-508608,Written-Off,907,34,False,5951.82,Collections/Recovery
APP-508609,Active,11,1,False,0.0,Standard Servicing
APP-508610,Closed-Good,14,4,False,0.0,Standard Servicing
APP-508611,Closed-Good,7,1,False,0.0,Standard Servicing
APP-508612,Active,16,3,False,0.0,Standard Servicing
APP-508613,Active,3,1,False,0.0,Standard Servicing
APP-508614,Closed-Good,4,1,False,0.0,Standard Servicing
APP-508615,Closed-Good,20,1,False,0.0,Standard Servicing
APP-508616,Closed-Good,0,0,False,0.0,Standard Servicing
APP-508617,Closed-Good,7,2,False,0.0,Standard Servicing
APP-508618,Written-Off,782,29,True,50339.16,Collections/Recovery
APP-508619,Closed-Good,14,2,False,0.0,Standard Servicing
APP-508620,Active,14,3,False,0.0,Standard Servicing
APP-508621,Closed-Good,16,4,False,0.0,Standard Servicing
APP-508622,Closed-Good,22,3,False,0.0,Standard Servicing
APP-508623,Closed-Good,12,3,False,0.0,Standard Servicing
APP-508624,Active,21,1,False,0.0,Standard Servicing
APP-508625,Active,12,2,False,0.0,Standard Servicing
APP-508626,Closed-Good,21,2,False,0.0,Standard Servicing
APP-508627,Active,3,1,False,0.0,Standard Servicing
APP-508628,Closed-Good,4,1,False,0.0,Standard Servicing
APP-508629,Active,17,4,False,0.0,Standard Servicing
APP-508630,Active,21,3,False,0.0,Standard Servicing
APP-508631,Active,0,0,False,0.0,Standard Servicing
APP-508632,Active,5,1,False,0.0,Standard Servicing
APP-508633,Written-Off,420,17,False,37373.14,Collections/Recovery
APP-508634,Active,8,1,False,0.0,Standard Servicing
APP-508635,Closed-Good,24,4,False,0.0,Standard Servicing
APP-508636,Active,12,3,False,0.0,Standard Servicing
APP-508637,Active,7,1,False,0.0,Standard Servicing
APP-508638,Active,21,1,False,0.0,Standard Servicing
APP-508639,Active,14,2,False,0.0,Standard Servicing
APP-508640,Written-Off,276,12,False,28206.72,Collections/Recovery
APP-508641,Closed-Good,0,0,False,0.0,Standard Servicing
APP-508642,Closed-Good,24,3,False,0.0,Standard Servicing
APP-508643,Active,0,0,False,0.0,Standard Servicing
APP-508644,Closed-Good,10,2,False,0.0,Standard Servicing
APP-508645,Closed-Good,0,0,False,0.0,Standard Servicing
APP-508646,Closed-Good,14,3,False,0.0,Standard Servicing
APP-508647,Closed-Good,23,1,False,0.0,Standard Servicing
APP-508648,Closed-Good,13,1,False,0.0,Standard Servicing
APP-508649,Active,24,2,False,0.0,Standard Servicing
APP-508650,Active,13,2,False,0.0,Standard Servicing
APP-508651,Closed-Good,3,3,False,0.0,Standard Servicing
APP-508652,Written-Off,1057,9,False,87826.84,Standard Servicing
APP-508653,Closed-Good,19,2,False,0.0,Standard Servicing
APP-508654,Closed-Good,19,1,False,0.0,Standard Servicing
APP-508655,Closed-Good,9,2,False,0.0,Standard Servicing
APP-508656,Closed-Good,15,2,False,0.0,Standard Servicing
APP-508657,Active,1,1,False,0.0,Standard Servicing
APP-508658,Active,3,1,False,0.0,Standard Servicing
APP-508659,Closed-Good,22,3,False,0.0,Standard Servicing
APP-508660,Closed-Good,17,3,False,0.0,Standard Servicing
APP-508661,Active,20,4,False,0.0,Standard Servicing
APP-508662,Closed-Good,22,5,False,0.0,Standard Servicing
APP-508663,Closed-Good,0,0,False,0.0,Standard Servicing
APP-508664,Active,24,3,False,0.0,Standard Servicing
APP-508665,Active,14,1,False,0.0,Standard Servicing
APP-508666,Closed-Good,24,2,False,0.0,Standard Servicing
APP-508667,Closed-Good,20,2,False,0.0,Standard Servicing
APP-508668,Active,0,0,False,0.0,Standard Servicing
APP-508669,Closed-Good,6,1,False,0.0,Standard Servicing
APP-508670,Closed-Good,11,4,False,0.0,Standard Servicing
APP-508671,Closed-Good,22,1,False,0.0,Standard Servicing
APP-508672,Active,24,1,False,0.0,Standard Servicing
APP-508673,Active,18,3,False,0.0,Standard Servicing
APP-508674,Written-Off,732,20,False,37669.46,Collections/Recovery
APP-508675,Active,21,3,False,0.0,Standard Servicing
APP-508676,Closed-Good,24,3,False,0.0,Standard Servicing
APP-508677,Closed-Good,0,0,False,0.0,Standard Servicing
APP-508678,Closed-Good,4,1,False,0.0,Standard Servicing
APP-508679,Active,20,1,False,0.0,Standard Servicing
APP-508680,Active,15,2,False,0.0,Standard Servicing
APP-508681,Active,7,1,False,0.0,Standard Servicing
APP-508682,Closed-Good,0,0,False,0.0,Standard Servicing
APP-508683,Active,19,2,False,0.0,Standard Servicing
APP-508684,Active,21,1,False,0.0,Standard Servicing
APP-508685,Active,24,4,False,0.0,Standard Servicing
APP-508686,Active,0,0,False,0.0,Standard Servicing
APP-508687,Active,5,2,False,0.0,Standard Servicing
APP-508688,Closed-Good,8,2,False,0.0,Standard Servicing
APP-508689,Active,0,0,False,0.0,Standard Servicing
APP-508690,Active,24,2,False,0.0,Standard Servicing
APP-508691,Active,0,0,False,0.0,Standard Servicing
APP-508692,Closed-Good,22,1,False,0.0,Standard Servicing
APP-508693,Active,23,3,False,0.0,Standard Servicing
APP-508694,Closed-Good,11,2,False,0.0,Standard Servicing
APP-508695,Active,11,1,False,0.0,Standard Servicing
APP-508696,Active,0,0,False,0.0,Standard Servicing
APP-508697,Active,20,4,False,0.0,Standard Servicing
APP-508698,Active,17,1,False,0.0,Standard Servicing
APP-508699,Closed-Good,2,1,False,0.0,Standard Servicing
APP-508700,Closed-Good,5,1,False,0.0,Standard Servicing
APP-508701,Closed-Good,21,5,False,0.0,Standard Servicing
APP-508702,Active,0,0,False,0.0,Standard Servicing
APP-508703,Closed-Good,11,2,False,0.0,Standard Servicing
APP-508704,Closed-Good,6,1,False,0.0,Standard Servicing
APP-508705,Closed-Good,15,2,False,0.0,Standard Servicing
APP-508706,Closed-Good,18,1,False,0.0,Standard Servicing
APP-508707,Active,17,2,False,0.0,Standard Servicing
APP-508708,Closed-Good,23,1,False,0.0,Standard Servicing
APP-508709,Closed-Good,22,3,False,0.0,Standard Servicing
APP-508710,Closed-Good,21,1,False,0.0,Standard Servicing
APP-508711,Closed-Good,0,0,False,0.0,Standard Servicing
APP-508712,Closed-Good,17,3,False,0.0,Standard Servicing
APP-508713,Closed-Good,0,0,False,0.0,Standard Servicing
APP-508714,Written-Off,848,22,False,23826.33,Collections/Recovery
APP-508715,Active,13,2,False,0.0,Standard Servicing
APP-508716,Active,0,0,False,0.0,Standard Servicing
APP-508717,Active,3,1,False,0.0,Standard Servicing
APP-508718,Closed-Good,24,2,False,0.0,Standard Servicing
APP-508719,Active,4,1,False,0.0,Standard Servicing
APP-508720,Active,20,1,False,0.0,Standard Servicing
APP-508721,Closed-Good,15,4,False,0.0,Standard Servicing
APP-508722,Active,8,1,False,0.0,Standard Servicing
APP-508723,Closed-Good,0,0,False,0.0,Standard Servicing
APP-508724,Active,24,1,False,0.0,Standard Servicing
APP-508725,Closed-Good,9,2,False,0.0,Standard Servicing
APP-508726,Closed-Good,21,2,False,0.0,Standard Servicing
APP-508727,Active,0,0,False,0.0,Standard Servicing
APP-508728,Closed-Good,0,0,False,0.0,Standard Servicing
APP-508729,Active,20,3,False,0.0,Standard Servicing
APP-508730,Closed-Good,0,0,False,0.0,Standard Servicing
APP-508731,Closed-Good,16,4,False,0.0,Standard Servicing
APP-508732,Active,14,2,False,0.0,Standard Servicing
APP-508733,Active,7,1,False,0.0,Standard Servicing
APP-508734,Closed-Good,0,0,False,0.0,Standard Servicing
APP-508735,Defaulted,98,7,True,39954.67,Collections/Recovery
APP-508736,Active,21,3,False,0.0,Standard Servicing
APP-508737,Active,4,1,False,0.0,Standard Servicing
APP-508738,Written-Off,322,14,True,86826.36,Standard Servicing
APP-508739,Active,0,0,False,0.0,Standard Servicing
APP-508740,Closed-Good,12,2,False,0.0,Standard Servicing
APP-508741,Active,0,0,False,0.0,Standard Servicing
APP-508742,Active,19,3,False,0.0,Standard Servicing
APP-508743,Closed-Good,21,2,False,0.0,Standard Servicing
APP-508744,Closed-Good,13,1,False,0.0,Standard Servicing
APP-508745,Active,24,3,False,0.0,Standard Servicing
APP-508746,Closed-Good,0,0,False,0.0,Standard Servicing
APP-508747,Active,20,3,False,0.0,Standard Servicing
APP-508748,Closed-Good,14,2,False,0.0,Standard Servicing
APP-508749,Closed-Good,17,1,False,0.0,Standard Servicing
APP-508750,Written-Off,535,4,False,36004.3,Collections/Recovery
APP-508751,Written-Off,602,23,True,7745.71,Standard Servicing
APP-508752,Closed-Good,21,2,False,0.0,Standard Servicing
APP-508753,Active,10,2,False,0.0,Standard Servicing
APP-508754,Active,0,0,False,0.0,Standard Servicing
APP-508755,Active,22,4,False,0.0,Standard Servicing
APP-508756,Closed-Good,0,0,False,0.0,Standard Servicing
APP-508757,Closed-Good,15,1,False,0.0,Standard Servicing
APP-508758,Closed-Good,21,1,False,0.0,Standard Servicing
APP-508759,Closed-Good,19,5,False,0.0,Standard Servicing
APP-508760,Closed-Good,14,1,False,0.0,Standard Servicing
APP-508761,Written-Off,708,11,True,94208.96,Collections/Recovery
APP-508762,Active,0,0,False,0.0,Standard Servicing
APP-508763,Closed-Good,15,2,False,0.0,Standard Servicing
APP-508764,Active,19,1,False,0.0,Standard Servicing
APP-508765,Closed-Good,15,4,False,0.0,Standard Servicing
APP-508766,Closed-Good,0,0,False,0.0,Standard Servicing
APP-508767,Written-Off,661,16,True,32381.13,Collections/Recovery
APP-508768,Active,21,3,False,0.0,Standard Servicing
APP-508769,Active,2,1,False,0.0,Standard Servicing
APP-508770,Active,0,0,False,0.0,Standard Servicing
APP-508771,Active,0,0,False,0.0,Standard Servicing
APP-508772,Active,22,3,False,0.0,Standard Servicing
APP-508773,Written-Off,695,29,True,31763.89,Collections/Recovery
APP-508774,Closed-Good,0,0,False,0.0,Standard Servicing
APP-508775,Written-Off,822,22,False,48608.78,Collections/Recovery
APP-508776,Closed-Good,8,4,False,0.0,Standard Servicing
APP-508777,Active,0,0,False,0.0,Standard Servicing
APP-508778,Closed-Good,3,1,False,0.0,Standard Servicing
APP-508779,Closed-Good,24,1,False,0.0,Standard Servicing
APP-508780,Active,17,2,False,0.0,Standard Servicing
APP-508781,Active,0,0,False,0.0,Standard Servicing
APP-508782,Closed-Good,17,1,False,0.0,Standard Servicing
APP-508783,Active,17,1,False,0.0,Standard Servicing
APP-508784,Closed-Good,21,3,False,0.0,Standard Servicing
APP-508785,Active,0,0,False,0.0,Standard Servicing
APP-508786,Active,19,2,False,0.0,Standard Servicing
APP-508787,Closed-Good,0,0,False,0.0,Standard Servicing
APP-508788,Active,22,2,False,0.0,Standard Servicing
APP-508789,Active,0,0,False,0.0,Standard Servicing
APP-508790,Active,0,0,False,0.0,Standard Servicing
APP-508791,Active,11,3,False,0.0,Standard Servicing
APP-508792,Written-Off,211,10,False,17884.28,Standard Servicing
APP-508793,Active,0,0,False,0.0,Standard Servicing
APP-508794,Active,24,3,False,0.0,Standard Servicing
APP-508795,Closed-Good,24,3,False,0.0,Standard Servicing
APP-508796,Active,23,2,False,0.0,Standard Servicing
APP-508797,Active,15,5,False,0.0,Standard Servicing
APP-508798,Closed-Good,6,1,False,0.0,Standard Servicing
APP-508799,Active,9,4,False,0.0,Standard Servicing
APP-508800,Closed-Good,12,5,False,0.0,Standard Servicing
APP-508801,Closed-Good,0,0,False,0.0,Standard Servicing
APP-508802,Active,0,0,False,0.0,Standard Servicing
APP-508803,Closed-Good,17,3,False,0.0,Standard Servicing
APP-508804,Closed-Good,0,0,False,0.0,Standard Servicing
APP-508805,Closed-Good,21,1,False,0.0,Standard Servicing
APP-508806,Closed-Good,23,3,False,0.0,Standard Servicing
APP-508807,Closed-Good,10,1,False,0.0,Standard Servicing
APP-508808,Closed-Good,24,6,False,0.0,Standard Servicing
APP-508809,Closed-Good,18,2,False,0.0,Standard Servicing
APP-508810,Active,24,3,False,0.0,Standard Servicing
APP-508811,Active,17,4,False,0.0,Standard Servicing
APP-508812,Closed-Good,20,4,False,0.0,Standard Servicing
APP-508813,Closed-Good,24,1,False,0.0,Standard Servicing
APP-508814,Active,24,2,False,0.0,Standard Servicing
APP-508815,Closed-Good,22,3,False,0.0,Standard Servicing
APP-508816,Closed-Good,21,5,False,0.0,Standard Servicing
APP-508817,Active,23,4,False,0.0,Standard Servicing
APP-508818,Active,1,1,False,0.0,Standard Servicing
APP-508819,Active,10,1,False,0.0,Standard Servicing
APP-508820,Closed-Good,9,1,False,0.0,Standard Servicing
APP-508821,Active,18,1,False,0.0,Standard Servicing
APP-508822,Active,0,0,False,0.0,Standard Servicing
APP-508823,Written-Off,739,5,False,42672.59,Collections/Recovery
APP-508824,Closed-Good,22,2,False,0.0,Standard Servicing
APP-508825,Closed-Good,10,4,False,0.0,Standard Servicing
APP-508826,Closed-Good,9,2,False,0.0,Standard Servicing
APP-508827,Active,14,3,False,0.0,Standard Servicing
APP-508828,Active,12,3,False,0.0,Standard Servicing
APP-508829,Closed-Good,20,3,False,0.0,Standard Servicing
APP-508830,Closed-Good,6,1,False,0.0,Standard Servicing
APP-508831,Closed-Good,4,1,False,0.0,Standard Servicing
APP-508832,Active,7,2,False,0.0,Standard Servicing
APP-508833,Written-Off,623,18,True,16549.06,Collections/Recovery
APP-508834,Active,16,2,False,0.0,Standard Servicing
APP-508835,Active,19,2,False,0.0,Standard Servicing
APP-508836,Active,17,1,False,0.0,Standard Servicing
APP-508837,Active,10,1,False,0.0,Standard Servicing
APP-508838,Active,21,1,False,0.0,Standard Servicing
APP-508839,Active,21,3,False,0.0,Standard Servicing
APP-508840,Closed-Good,20,3,False,0.0,Standard Servicing
APP-508841,Active,9,2,False,0.0,Standard Servicing
APP-508842,Active,19,2,False,0.0,Standard Servicing
APP-508843,Active,0,0,False,0.0,Standard Servicing
APP-508844,Closed-Good,21,2,False,0.0,Standard Servicing
APP-508845,Active,15,3,False,0.0,Standard Servicing
APP-508846,Active,15,3,False,0.0,Standard Servicing
APP-508847,Active,7,1,False,0.0,Standard Servicing
APP-508848,Active,0,0,False,0.0,Standard Servicing
APP-508849,Closed-Good,21,3,False,0.0,Standard Servicing
APP-508850,Written-Off,263,11,False,51101.19,Collections/Recovery
APP-508851,Closed-Good,14,2,False,0.0,Standard Servicing
APP-508852,Closed-Good,7,1,False,0.0,Standard Servicing
APP-508853,Closed-Good,24,2,False,0.0,Standard Servicing
APP-508854,Active,5,1,False,0.0,Standard Servicing
APP-508855,Active,10,1,False,0.0,Standard Servicing
APP-508856,Closed-Good,1,1,False,0.0,Standard Servicing
APP-508857,Closed-Good,13,5,False,0.0,Standard Servicing
APP-508858,Written-Off,684,6,True,52267.97,Collections/Recovery
APP-508859,Active,23,4,False,0.0,Standard Servicing
APP-508860,Active,16,1,False,0.0,Standard Servicing
APP-508861,Closed-Good,23,5,False,0.0,Standard Servicing
APP-508862,Active,22,2,False,0.0,Standard Servicing
APP-508863,Active,1,1,False,0.0,Standard Servicing
APP-508864,Active,24,6,False,0.0,Standard Servicing
APP-508865,Closed-Good,11,1,False,0.0,Standard Servicing
APP-508866,Active,8,1,False,0.0,Standard Servicing
APP-508867,Closed-Good,16,1,False,0.0,Standard Servicing
APP-508868,Active,23,1,False,0.0,Standard Servicing
APP-508869,Written-Off,722,27,False,8140.61,Collections/Recovery
APP-508870,Active,16,3,False,0.0,Standard Servicing
APP-508871,Active,20,2,False,0.0,Standard Servicing
APP-508872,Active,15,2,False,0.0,Standard Servicing
APP-508873,Active,3,1,False,0.0,Standard Servicing
APP-508874,Closed-Good,0,0,False,0.0,Standard Servicing
APP-508875,Active,20,1,False,0.0,Standard Servicing
APP-508876,Closed-Good,22,2,False,0.0,Standard Servicing
APP-508877,Closed-Good,8,2,False,0.0,Standard Servicing
APP-508878,Closed-Good,21,2,False,0.0,Standard Servicing
APP-508879,Active,18,1,False,0.0,Standard Servicing
APP-508880,Closed-Good,0,0,False,0.0,Standard Servicing
APP-508881,Active,5,1,False,0.0,Standard Servicing
APP-508882,Closed-Good,22,2,False,0.0,Standard Servicing
APP-508883,Closed-Good,21,1,False,0.0,Standard Servicing
APP-508884,Closed-Good,0,0,False,0.0,Standard Servicing
APP-508885,Closed-Good,20,4,False,0.0,Standard Servicing
APP-508886,Closed-Good,18,2,False,0.0,Standard Servicing
APP-508887,Active,20,2,False,0.0,Standard Servicing
APP-508888,Closed-Good,21,6,False,0.0,Standard Servicing
APP-508889,Active,23,2,False,0.0,Standard Servicing
APP-508890,Active,24,4,False,0.0,Standard Servicing
APP-508891,Written-Off,457,20,True,68713.42,Collections/Recovery
APP-508892,Active,24,3,False,0.0,Standard Servicing
APP-508893,Closed-Good,21,4,False,0.0,Standard Servicing
APP-508894,Active,19,1,False,0.0,Standard Servicing
APP-508895,Active,16,1,False,0.0,Standard Servicing
APP-508896,Closed-Good,24,3,False,0.0,Standard Servicing
APP-508897,Active,14,3,False,0.0,Standard Servicing
APP-508898,Active,22,1,False,0.0,Standard Servicing
APP-508899,Closed-Good,24,3,False,0.0,Standard Servicing
APP-508900,Active,12,1,False,0.0,Standard Servicing
APP-508901,Closed-Good,0,0,False,0.0,Standard Servicing
APP-508902,Written-Off,558,17,False,1642.72,Collections/Recovery
APP-508903,Closed-Good,3,2,False,0.0,Standard Servicing
APP-508904,Closed-Good,14,1,False,0.0,Standard Servicing
APP-508905,Active,0,0,False,0.0,Standard Servicing
APP-508906,Closed-Good,17,2,False,0.0,Standard Servicing
APP-508907,Closed-Good,0,0,False,0.0,Standard Servicing
APP-508908,Active,17,1,False,0.0,Standard Servicing
APP-508909,Active,21,4,False,0.0,Standard Servicing
APP-508910,Active,3,1,False,0.0,Standard Servicing
APP-508911,Closed-Good,1,1,False,0.0,Standard Servicing
APP-508912,Active,16,1,False,0.0,Standard Servicing
APP-508913,Closed-Good,3,1,False,0.0,Standard Servicing
APP-508914,Active,22,3,False,0.0,Standard Servicing
APP-508915,Active,9,2,False,0.0,Standard Servicing
APP-508916,Closed-Good,20,3,False,0.0,Standard Servicing
APP-508917,Active,24,3,False,0.0,Standard Servicing
APP-508918,Active,0,0,False,0.0,Standard Servicing
APP-508919,Active,20,1,False,0.0,Standard Servicing
APP-508920,Active,18,1,False,0.0,Standard Servicing
APP-508921,Closed-Good,23,1,False,0.0,Standard Servicing
APP-508922,Written-Off,311,15,False,6663.16,Collections/Recovery
APP-508923,Active,18,3,False,0.0,Standard Servicing
APP-508924,Closed-Good,12,1,False,0.0,Standard Servicing
APP-508925,Closed-Good,9,1,False,0.0,Standard Servicing
APP-508926,Active,0,0,False,0.0,Standard Servicing
APP-508927,Active,23,3,False,0.0,Standard Servicing
APP-508928,Closed-Good,24,1,False,0.0,Standard Servicing
APP-508929,Closed-Good,19,4,False,0.0,Standard Servicing
APP-508930,Written-Off,589,16,False,7650.93,Collections/Recovery
APP-508931,Closed-Good,0,0,False,0.0,Standard Servicing
APP-508932,Active,20,3,False,0.0,Standard Servicing
APP-508933,Closed-Good,0,0,False,0.0,Standard Servicing
APP-508934,Closed-Good,15,1,False,0.0,Standard Servicing
APP-508935,Active,20,2,False,0.0,Standard Servicing
APP-508936,Closed-Good,20,3,False,0.0,Standard Servicing
APP-508937,Written-Off,366,6,True,55387.09,Collections/Recovery
APP-508938,Active,19,3,False,0.0,Standard Servicing
APP-508939,Defaulted,67,3,False,115714.05,Collections/Recovery
APP-508940,Closed-Good,16,3,False,0.0,Standard Servicing
APP-508941,Closed-Good,18,2,False,0.0,Standard Servicing
APP-508942,Active,24,1,False,0.0,Standard Servicing
APP-508943,Active,0,0,False,0.0,Standard Servicing
APP-508944,Closed-Good,19,2,False,0.0,Standard Servicing
APP-508945,Active,20,2,False,0.0,Standard Servicing
APP-508946,Active,3,1,False,0.0,Standard Servicing
APP-508947,Active,0,0,False,0.0,Standard Servicing
APP-508948,Closed-Good,19,3,False,0.0,Standard Servicing
APP-508949,Written-Off,219,11,False,4250.62,Collections/Recovery
APP-508950,Active,0,0,False,0.0,Standard Servicing
APP-508951,Closed-Good,20,4,False,0.0,Standard Servicing
APP-508952,Active,14,1,False,0.0,Standard Servicing
APP-508953,Closed-Good,20,2,False,0.0,Standard Servicing
APP-508954,Closed-Good,20,1,False,0.0,Standard Servicing
APP-508955,Active,8,3,False,0.0,Standard Servicing
APP-508956,Active,3,1,False,0.0,Standard Servicing
APP-508957,Active,0,0,False,0.0,Standard Servicing
APP-508958,Closed-Good,14,2,False,0.0,Standard Servicing
APP-508959,Closed-Good,22,2,False,0.0,Standard Servicing
APP-508960,Active,0,0,False,0.0,Standard Servicing
APP-508961,Closed-Good,20,3,False,0.0,Standard Servicing
APP-508962,Active,14,2,False,0.0,Standard Servicing
APP-508963,Active,19,1,False,0.0,Standard Servicing
APP-508964,Active,0,0,False,0.0,Standard Servicing
APP-508965,Active,0,0,False,0.0,Standard Servicing
APP-508966,Active,0,0,False,0.0,Standard Servicing
APP-508967,Closed-Good,22,4,False,0.0,Standard Servicing
APP-508968,Closed-Good,18,3,False,0.0,Standard Servicing
APP-508969,Active,16,1,False,0.0,Standard Servicing
APP-508970,Active,21,4,False,0.0,Standard Servicing
APP-508971,Closed-Good,0,0,False,0.0,Standard Servicing
APP-508972,Active,3,1,False,0.0,Standard Servicing
APP-508973,Closed-Good,21,1,False,0.0,Standard Servicing
APP-508974,Active,14,2,False,0.0,Standard Servicing
APP-508975,Active,5,2,False,0.0,Standard Servicing
APP-508976,Active,17,2,False,0.0,Standard Servicing
APP-508977,Active,20,3,False,0.0,Standard Servicing
APP-508978,Active,12,2,False,0.0,Standard Servicing
APP-508979,Active,16,5,False,0.0,Standard Servicing
APP-508980,Active,16,2,False,0.0,Standard Servicing
APP-508981,Active,0,0,False,0.0,Standard Servicing
APP-508982,Active,12,1,False,0.0,Standard Servicing
APP-508983,Active,23,4,False,0.0,Standard Servicing
APP-508984,Active,8,1,False,0.0,Standard Servicing
APP-508985,Closed-Good,20,3,False,0.0,Standard Servicing
APP-508986,Active,17,3,False,0.0,Standard Servicing
APP-508987,Closed-Good,18,4,False,0.0,Standard Servicing
APP-508988,Closed-Good,19,6,False,0.0,Standard Servicing
APP-508989,Active,22,1,False,0.0,Standard Servicing
APP-508990,Closed-Good,23,2,False,0.0,Standard Servicing
APP-508991,Active,14,1,False,0.0,Standard Servicing
APP-508992,Active,21,4,False,0.0,Standard Servicing
APP-508993,Closed-Good,18,2,False,0.0,Standard Servicing
APP-508994,Active,20,2,False,0.0,Standard Servicing
APP-508995,Closed-Good,17,1,False,0.0,Standard Servicing
APP-508996,Active,21,1,False,0.0,Standard Servicing
APP-508997,Active,20,2,False,0.0,Standard Servicing
APP-508998,Closed-Good,13,1,False,0.0,Standard Servicing
APP-508999,Active,4,2,False,0.0,Standard Servicing
APP-509000,Active,16,1,False,0.0,Standard Servicing
APP-509001,Active,13,2,False,0.0,Standard Servicing
APP-509002,Active,20,1,False,0.0,Standard Servicing
APP-509003,Active,0,0,False,0.0,Standard Servicing
APP-509004,Closed-Good,8,1,False,0.0,Standard Servicing
APP-509005,Closed-Good,7,1,False,0.0,Standard Servicing
APP-509006,Closed-Good,0,0,False,0.0,Standard Servicing
APP-509007,Active,23,1,False,0.0,Standard Servicing
APP-509008,Active,15,1,False,0.0,Standard Servicing
APP-509009,Active,22,6,False,0.0,Standard Servicing
APP-509010,Active,15,3,False,0.0,Standard Servicing
APP-509011,Active,0,0,False,0.0,Standard Servicing
APP-509012,Active,20,4,False,0.0,Standard Servicing
APP-509013,Active,24,1,False,0.0,Standard Servicing
APP-509014,Active,22,3,False,0.0,Standard Servicing
APP-509015,Active,14,4,False,0.0,Standard Servicing
APP-509016,Closed-Good,0,0,False,0.0,Standard Servicing
APP-509017,Active,19,1,False,0.0,Standard Servicing
APP-509018,Active,22,4,False,0.0,Standard Servicing
APP-509019,Closed-Good,24,4,False,0.0,Standard Servicing
APP-509020,Active,0,0,False,0.0,Standard Servicing
APP-509021,Active,19,3,False,0.0,Standard Servicing
APP-509022,Active,24,1,False,0.0,Standard Servicing
APP-509023,Closed-Good,22,3,False,0.0,Standard Servicing
APP-509024,Closed-Good,0,0,False,0.0,Standard Servicing
APP-509025,Active,0,0,False,0.0,Standard Servicing
APP-509026,Active,20,4,False,0.0,Standard Servicing
APP-509027,Closed-Good,18,5,False,0.0,Standard Servicing
APP-509028,Written-Off,290,13,False,33968.72,Collections/Recovery
APP-509029,Active,18,1,False,0.0,Standard Servicing
APP-509030,Written-Off,304,14,False,23532.44,Collections/Recovery
APP-509031,Active,21,1,False,0.0,Standard Servicing
APP-509032,Active,24,2,False,0.0,Standard Servicing
APP-509033,Closed-Good,0,0,False,0.0,Standard Servicing
APP-509034,Active,22,2,False,0.0,Standard Servicing
APP-509035,Active,9,2,False,0.0,Standard Servicing
APP-509036,Defaulted,126,9,False,88591.14,Collections/Recovery
APP-509037,Closed-Good,23,4,False,0.0,Standard Servicing
APP-509038,Active,8,1,False,0.0,Standard Servicing
APP-509039,Closed-Good,18,1,False,0.0,Standard Servicing
APP-509040,Closed-Good,11,2,False,0.0,Standard Servicing
APP-509041,Closed-Good,24,2,False,0.0,Standard Servicing
APP-509042,Active,12,2,False,0.0,Standard Servicing
APP-509043,Active,8,1,False,0.0,Standard Servicing
APP-509044,Active,14,3,False,0.0,Standard Servicing
APP-509045,Closed-Good,18,2,False,0.0,Standard Servicing
APP-509046,Closed-Good,0,0,False,0.0,Standard Servicing
APP-509047,Active,19,2,False,0.0,Standard Servicing
APP-509048,Closed-Good,23,2,False,0.0,Standard Servicing
APP-509049,Closed-Good,0,0,False,0.0,Standard Servicing
APP-509050,Written-Off,707,29,True,3431.67,Collections/Recovery
APP-509051,Written-Off,587,22,False,5386.04,Standard Servicing
APP-509052,Written-Off,668,9,False,46256.21,Collections/Recovery
APP-509053,Closed-Good,15,3,False,0.0,Standard Servicing
APP-509054,Active,7,1,False,0.0,Standard Servicing
APP-509055,Written-Off,1000,34,True,48901.55,Collections/Recovery
APP-509056,Written-Off,765,11,True,6373.97,Collections/Recovery
APP-509057,Active,15,1,False,0.0,Standard Servicing
APP-509058,Active,11,2,False,0.0,Standard Servicing
APP-509059,Written-Off,768,28,False,814.18,Collections/Recovery
APP-509060,Active,3,1,False,0.0,Standard Servicing
APP-509061,Active,0,0,False,0.0,Standard Servicing
APP-509062,Closed-Good,23,3,False,0.0,Standard Servicing
APP-509063,Closed-Good,7,1,False,0.0,Standard Servicing
APP-509064,Closed-Good,4,1,False,0.0,Standard Servicing
APP-509065,Active,9,1,False,0.0,Standard Servicing
APP-509066,Closed-Good,22,3,False,0.0,Standard Servicing
APP-509067,Active,0,0,False,0.0,Standard Servicing
APP-509068,Active,11,3,False,0.0,Standard Servicing
APP-509069,Closed-Good,0,0,False,0.0,Standard Servicing
APP-509070,Active,14,2,False,0.0,Standard Servicing
APP-509071,Active,18,1,False,0.0,Standard Servicing
APP-509072,Active,17,2,False,0.0,Standard Servicing
APP-509073,Closed-Good,8,2,False,0.0,Standard Servicing
APP-509074,Active,22,2,False,0.0,Standard Servicing
APP-509075,Active,22,2,False,0.0,Standard Servicing
APP-509076,Closed-Good,13,3,False,0.0,Standard Servicing
APP-509077,Written-Off,339,15,False,66848.8,Collections/Recovery
APP-509078,Closed-Good,24,3,False,0.0,Standard Servicing
APP-509079,Active,0,0,False,0.0,Standard Servicing
APP-509080,Active,0,0,False,0.0,Standard Servicing
APP-509081,Closed-Good,23,1,False,0.0,Standard Servicing
APP-509082,Active,20,4,False,0.0,Standard Servicing
APP-509083,Active,15,2,False,0.0,Standard Servicing
APP-509084,Active,20,1,False,0.0,Standard Servicing
APP-509085,Closed-Good,10,1,False,0.0,Standard Servicing
APP-509086,Active,2,1,False,0.0,Standard Servicing
APP-509087,Active,21,2,False,0.0,Standard Servicing
APP-509088,Closed-Good,24,1,False,0.0,Standard Servicing
APP-509089,Closed-Good,1,1,False,0.0,Standard Servicing
APP-509090,Active,15,1,False,0.0,Standard Servicing
APP-509091,Active,2,1,False,0.0,Standard Servicing
APP-509092,Closed-Good,14,1,False,0.0,Standard Servicing
APP-509093,Closed-Good,7,1,False,0.0,Standard Servicing
APP-509094,Closed-Good,23,4,False,0.0,Standard Servicing
APP-509095,Active,15,2,False,0.0,Standard Servicing
APP-509096,Closed-Good,19,3,False,0.0,Standard Servicing
APP-509097,Active,21,4,False,0.0,Standard Servicing
APP-509098,Active,19,2,False,0.0,Standard Servicing
APP-509099,Active,15,4,False,0.0,Standard Servicing
APP-509100,Active,19,2,False,0.0,Standard Servicing
APP-509101,Closed-Good,0,0,False,0.0,Standard Servicing
APP-509102,Active,17,2,False,0.0,Standard Servicing
APP-509103,Closed-Good,24,7,False,0.0,Standard Servicing
APP-509104,Active,2,1,False,0.0,Standard Servicing
APP-509105,Closed-Good,16,2,False,0.0,Standard Servicing
APP-509106,Active,10,3,False,0.0,Standard Servicing
APP-509107,Active,24,5,False,0.0,Standard Servicing
APP-509108,Active,17,2,False,0.0,Standard Servicing
APP-509109,Closed-Good,10,1,False,0.0,Standard Servicing
APP-509110,Active,13,2,False,0.0,Standard Servicing
APP-509111,Written-Off,353,14,False,101970.1,Collections/Recovery
APP-509112,Active,23,3,False,0.0,Standard Servicing
APP-509113,Active,20,3,False,0.0,Standard Servicing
APP-509114,Closed-Good,21,1,False,0.0,Standard Servicing
APP-509115,Active,18,1,False,0.0,Standard Servicing
APP-509116,Closed-Good,22,5,False,0.0,Standard Servicing
APP-509117,Closed-Good,0,0,False,0.0,Standard Servicing
APP-509118,Active,9,1,False,0.0,Standard Servicing
APP-509119,Written-Off,200,9,False,17307.93,Collections/Recovery
APP-509120,Closed-Good,18,3,False,0.0,Standard Servicing
APP-509121,Active,7,2,False,0.0,Standard Servicing
APP-509122,Active,23,6,False,0.0,Standard Servicing
APP-509123,Active,0,0,False,0.0,Standard Servicing
APP-509124,Active,17,4,False,0.0,Standard Servicing
APP-509125,Active,19,3,False,0.0,Standard Servicing
APP-509126,Closed-Good,8,3,False,0.0,Standard Servicing
APP-509127,Active,24,3,False,0.0,Standard Servicing
APP-509128,Written-Off,404,17,False,30134.55,Collections/Recovery
APP-509129,Active,15,3,False,0.0,Standard Servicing
APP-509130,Closed-Good,23,3,False,0.0,Standard Servicing
APP-509131,Active,24,1,False,0.0,Standard Servicing
APP-509132,Closed-Good,24,3,False,0.0,Standard Servicing
APP-509133,Closed-Good,11,2,False,0.0,Standard Servicing
APP-509134,Active,22,3,False,0.0,Standard Servicing
APP-509135,Active,23,5,False,0.0,Standard Servicing
APP-509136,Closed-Good,6,1,False,0.0,Standard Servicing
APP-509137,Active,17,2,False,0.0,Standard Servicing
APP-509138,Closed-Good,15,1,False,0.0,Standard Servicing
APP-509139,Closed-Good,20,2,False,0.0,Standard Servicing
APP-509140,Closed-Good,23,1,False,0.0,Standard Servicing
APP-509141,Active,7,1,False,0.0,Standard Servicing
APP-509142,Closed-Good,6,1,False,0.0,Standard Servicing
APP-509143,Active,19,1,False,0.0,Standard Servicing
APP-509144,Active,19,2,False,0.0,Standard Servicing
APP-509145,Active,0,0,False,0.0,Standard Servicing
APP-509146,Active,0,0,False,0.0,Standard Servicing
APP-509147,Active,22,2,False,0.0,Standard Servicing
APP-509148,Closed-Good,23,2,False,0.0,Standard Servicing
APP-509149,Active,22,2,False,0.0,Standard Servicing
APP-509150,Closed-Good,23,1,False,0.0,Standard Servicing
APP-509151,Active,13,2,False,0.0,Standard Servicing
APP-509152,Closed-Good,12,1,False,0.0,Standard Servicing
APP-509153,Closed-Good,20,4,False,0.0,Standard Servicing
APP-509154,Closed-Good,23,2,False,0.0,Standard Servicing
APP-509155,Closed-Good,12,4,False,0.0,Standard Servicing
APP-509156,Closed-Good,23,2,False,0.0,Standard Servicing
APP-509157,Written-Off,733,21,False,17077.15,Collections/Recovery
APP-509158,Active,23,4,False,0.0,Standard Servicing
APP-509159,Active,13,3,False,0.0,Standard Servicing
APP-509160,Active,23,4,False,0.0,Standard Servicing
APP-509161,Closed-Good,21,4,False,0.0,Standard Servicing
APP-509162,Active,21,3,False,0.0,Standard Servicing
APP-509163,Active,3,1,False,0.0,Standard Servicing
APP-509164,Closed-Good,22,3,False,0.0,Standard Servicing
APP-509165,Closed-Good,21,1,False,0.0,Standard Servicing
APP-509166,Written-Off,470,18,False,1390.62,Standard Servicing
APP-509167,Written-Off,310,13,False,4273.5,Collections/Recovery
APP-509168,Active,18,4,False,0.0,Standard Servicing
APP-509169,Closed-Good,4,1,False,0.0,Standard Servicing
APP-509170,Active,0,0,False,0.0,Standard Servicing
APP-509171,Active,0,0,False,0.0,Standard Servicing
APP-509172,Closed-Good,8,3,False,0.0,Standard Servicing
APP-509173,Closed-Good,7,1,False,0.0,Standard Servicing
APP-509174,Closed-Good,0,0,False,0.0,Standard Servicing
APP-509175,Active,6,1,False,0.0,Standard Servicing
APP-509176,Active,23,3,False,0.0,Standard Servicing
APP-509177,Closed-Good,24,3,False,0.0,Standard Servicing
APP-509178,Closed-Good,21,3,False,0.0,Standard Servicing
APP-509179,Active,12,2,False,0.0,Standard Servicing
APP-509180,Active,22,6,False,0.0,Standard Servicing
APP-509181,Closed-Good,22,1,False,0.0,Standard Servicing
APP-509182,Written-Off,563,22,False,53401.56,Collections/Recovery
APP-509183,Active,18,2,False,0.0,Standard Servicing
APP-509184,Closed-Good,0,0,False,0.0,Standard Servicing
APP-509185,Active,17,3,False,0.0,Standard Servicing
APP-509186,Active,0,0,False,0.0,Standard Servicing
APP-509187,Active,18,5,False,0.0,Standard Servicing
APP-509188,Active,13,1,False,0.0,Standard Servicing
APP-509189,Active,18,3,False,0.0,Standard Servicing
APP-509190,Closed-Good,20,5,False,0.0,Standard Servicing
APP-509191,Closed-Good,17,3,False,0.0,Standard Servicing
APP-509192,Active,16,2,False,0.0,Standard Servicing
APP-509193,Closed-Good,15,2,False,0.0,Standard Servicing
APP-509194,Closed-Good,24,1,False,0.0,Standard Servicing
APP-509195,Active,12,3,False,0.0,Standard Servicing
APP-509196,Closed-Good,19,2,False,0.0,Standard Servicing
APP-509197,Active,12,2,False,0.0,Standard Servicing
APP-509198,Closed-Good,0,0,False,0.0,Standard Servicing
APP-509199,Active,6,1,False,0.0,Standard Servicing
APP-509200,Closed-Good,23,3,False,0.0,Standard Servicing
APP-509201,Closed-Good,16,4,False,0.0,Standard Servicing
APP-509202,Active,0,0,False,0.0,Standard Servicing
APP-509203,Closed-Good,5,1,False,0.0,Standard Servicing
APP-509204,Active,11,1,False,0.0,Standard Servicing
APP-509205,Closed-Good,3,1,False,0.0,Standard Servicing
APP-509206,Closed-Good,21,1,False,0.0,Standard Servicing
APP-509207,Closed-Good,20,2,False,0.0,Standard Servicing
APP-509208,Active,11,3,False,0.0,Standard Servicing
APP-509209,Closed-Good,24,3,False,0.0,Standard Servicing
APP-509210,Closed-Good,8,1,False,0.0,Standard Servicing
APP-509211,Written-Off,881,16,True,2930.93,Standard Servicing
APP-509212,Closed-Good,20,3,False,0.0,Standard Servicing
APP-509213,Active,2,1,False,0.0,Standard Servicing
APP-509214,Active,18,1,False,0.0,Standard Servicing
APP-509215,Closed-Good,9,1,False,0.0,Standard Servicing
APP-509216,Closed-Good,0,0,False,0.0,Standard Servicing
APP-509217,Closed-Good,0,0,False,0.0,Standard Servicing
APP-509218,Active,16,1,False,0.0,Standard Servicing
APP-509219,Closed-Good,24,5,False,0.0,Standard Servicing
APP-509220,Closed-Good,0,0,False,0.0,Standard Servicing
APP-509221,Closed-Good,21,3,False,0.0,Standard Servicing
APP-509222,Active,2,1,False,0.0,Standard Servicing
APP-509223,Closed-Good,21,1,False,0.0,Standard Servicing
APP-509224,Active,10,2,False,0.0,Standard Servicing
APP-509225,Written-Off,249,15,False,22870.38,Collections/Recovery
APP-509226,Closed-Good,20,4,False,0.0,Standard Servicing
APP-509227,Written-Off,348,15,False,16240.71,Collections/Recovery
APP-509228,Closed-Good,24,3,False,0.0,Standard Servicing
APP-509229,Active,15,3,False,0.0,Standard Servicing
APP-509230,Active,0,0,False,0.0,Standard Servicing
APP-509231,Active,23,2,False,0.0,Standard Servicing
APP-509232,Active,24,3,False,0.0,Standard Servicing
APP-509233,Closed-Good,16,3,False,0.0,Standard Servicing
APP-509234,Active,14,1,False,0.0,Standard Servicing
APP-509235,Active,8,3,False,0.0,Standard Servicing
APP-509236,Active,18,3,False,0.0,Standard Servicing
APP-509237,Defaulted,34,1,True,86077.66,Standard Servicing
APP-509238,Closed-Good,18,1,False,0.0,Standard Servicing
APP-509239,Active,6,2,False,0.0,Standard Servicing
APP-509240,Active,23,4,False,0.0,Standard Servicing
APP-509241,Active,24,4,False,0.0,Standard Servicing
APP-509242,Closed-Good,0,0,False,0.0,Standard Servicing
APP-509243,Active,0,0,False,0.0,Standard Servicing
APP-509244,Active,15,1,False,0.0,Standard Servicing
APP-509245,Closed-Good,0,0,False,0.0,Standard Servicing
APP-509246,Closed-Good,19,2,False,0.0,Standard Servicing
APP-509247,Active,20,3,False,0.0,Standard Servicing
APP-509248,Written-Off,592,21,False,53308.49,Standard Servicing
APP-509249,Active,16,3,False,0.0,Standard Servicing
APP-509250,Active,17,3,False,0.0,Standard Servicing
APP-509251,Closed-Good,20,3,False,0.0,Standard Servicing
APP-509252,Active,9,1,False,0.0,Standard Servicing
APP-509253,Active,13,4,False,0.0,Standard Servicing
APP-509254,Closed-Good,24,4,False,0.0,Standard Servicing
APP-509255,Closed-Good,19,2,False,0.0,Standard Servicing
APP-509256,Closed-Good,3,1,False,0.0,Standard Servicing
APP-509257,Closed-Good,21,2,False,0.0,Standard Servicing
APP-509258,Closed-Good,8,2,False,0.0,Standard Servicing
APP-509259,Closed-Good,0,0,False,0.0,Standard Servicing
APP-509260,Closed-Good,19,3,False,0.0,Standard Servicing
APP-509261,Closed-Good,0,0,False,0.0,Standard Servicing
APP-509262,Closed-Good,24,3,False,0.0,Standard Servicing
APP-509263,Closed-Good,0,0,False,0.0,Standard Servicing
APP-509264,Active,5,1,False,0.0,Standard Servicing
APP-509265,Active,0,0,False,0.0,Standard Servicing
APP-509266,Active,20,2,False,0.0,Standard Servicing
APP-509267,Closed-Good,24,2,False,0.0,Standard Servicing
APP-509268,Closed-Good,13,2,False,0.0,Standard Servicing
APP-509269,Active,20,6,False,0.0,Standard Servicing
APP-509270,Closed-Good,3,2,False,0.0,Standard Servicing
APP-509271,Active,0,0,False,0.0,Standard Servicing
APP-509272,Closed-Good,16,3,False,0.0,Standard Servicing
APP-509273,Active,15,1,False,0.0,Standard Servicing
APP-509274,Active,0,0,False,0.0,Standard Servicing
APP-509275,Active,13,2,False,0.0,Standard Servicing
APP-509276,Closed-Good,12,2,False,0.0,Standard Servicing
APP-509277,Closed-Good,20,4,False,0.0,Standard Servicing
APP-509278,Closed-Good,19,4,False,0.0,Standard Servicing
APP-509279,Active,4,2,False,0.0,Standard Servicing
APP-509280,Active,16,1,False,0.0,Standard Servicing
APP-509281,Written-Off,765,10,False,63616.68,Collections/Recovery
APP-509282,Active,18,2,False,0.0,Standard Servicing
APP-509283,Written-Off,833,9,True,98769.67,Collections/Recovery
APP-509284,Closed-Good,6,1,False,0.0,Standard Servicing
APP-509285,Closed-Good,7,1,False,0.0,Standard Servicing
APP-509286,Closed-Good,22,2,False,0.0,Standard Servicing
APP-509287,Active,1,1,False,0.0,Standard Servicing
APP-509288,Closed-Good,13,2,False,0.0,Standard Servicing
APP-509289,Closed-Good,18,3,False,0.0,Standard Servicing
APP-509290,Closed-Good,11,2,False,0.0,Standard Servicing
APP-509291,Active,23,2,False,0.0,Standard Servicing
APP-509292,Closed-Good,0,0,False,0.0,Standard Servicing
APP-509293,Closed-Good,19,1,False,0.0,Standard Servicing
APP-509294,Active,0,0,False,0.0,Standard Servicing
APP-509295,Closed-Good,22,2,False,0.0,Standard Servicing
APP-509296,Closed-Good,24,1,False,0.0,Standard Servicing
APP-509297,Closed-Good,1,1,False,0.0,Standard Servicing
APP-509298,Closed-Good,17,4,False,0.0,Standard Servicing
APP-509299,Active,7,1,False,0.0,Standard Servicing
APP-509300,Closed-Good,14,1,False,0.0,Standard Servicing
APP-509301,Active,0,0,False,0.0,Standard Servicing
APP-509302,Closed-Good,16,2,False,0.0,Standard Servicing
APP-509303,Active,12,3,False,0.0,Standard Servicing
APP-509304,Written-Off,318,8,False,47373.26,Collections/Recovery
APP-509305,Closed-Good,17,3,False,0.0,Standard Servicing
APP-509306,Active,18,1,False,0.0,Standard Servicing
APP-509307,Closed-Good,5,1,False,0.0,Standard Servicing
APP-509308,Closed-Good,11,1,False,0.0,Standard Servicing
APP-509309,Active,0,0,False,0.0,Standard Servicing
APP-509310,Closed-Good,20,4,False,0.0,Standard Servicing
APP-509311,Active,14,2,False,0.0,Standard Servicing
APP-509312,Written-Off,203,9,False,20917.28,Collections/Recovery
APP-509313,Active,14,1,False,0.0,Standard Servicing
APP-509314,Active,21,2,False,0.0,Standard Servicing
APP-509315,Closed-Good,12,3,False,0.0,Standard Servicing
APP-509316,Written-Off,212,13,False,7998.86,Collections/Recovery
APP-509317,Active,23,2,False,0.0,Standard Servicing
APP-509318,Active,19,2,False,0.0,Standard Servicing
APP-509319,Closed-Good,1,1,False,0.0,Standard Servicing
APP-509320,Closed-Good,16,2,False,0.0,Standard Servicing
APP-509321,Closed-Good,3,1,False,0.0,Standard Servicing
APP-509322,Active,9,3,False,0.0,Standard Servicing
APP-509323,Active,16,2,False,0.0,Standard Servicing
APP-509324,Closed-Good,0,0,False,0.0,Standard Servicing
APP-509325,Closed-Good,12,1,False,0.0,Standard Servicing
APP-509326,Active,20,3,False,0.0,Standard Servicing
APP-509327,Written-Off,831,25,False,378.27,Collections/Recovery
APP-509328,Closed-Good,0,0,False,0.0,Standard Servicing
APP-509329,Closed-Good,14,2,False,0.0,Standard Servicing
APP-509330,Closed-Good,13,3,False,0.0,Standard Servicing
APP-509331,Active,1,1,False,0.0,Standard Servicing
APP-509332,Active,9,2,False,0.0,Standard Servicing
APP-509333,Closed-Good,22,1,False,0.0,Standard Servicing
APP-509334,Closed-Good,0,0,False,0.0,Standard Servicing
APP-509335,Closed-Good,22,5,False,0.0,Standard Servicing
APP-509336,Closed-Good,0,0,False,0.0,Standard Servicing
APP-509337,Written-Off,966,35,False,2397.29,Collections/Recovery
APP-509338,Written-Off,403,16,False,2121.25,Collections/Recovery
APP-509339,Closed-Good,21,3,False,0.0,Standard Servicing
APP-509340,Written-Off,336,16,True,13859.02,Collections/Recovery
APP-509341,Written-Off,478,10,False,7605.85,Collections/Recovery
APP-509342,Defaulted,16,2,False,31005.29,Collections/Recovery
APP-509343,Active,23,1,False,0.0,Standard Servicing
APP-509344,Active,0,0,False,0.0,Standard Servicing
APP-509345,Active,24,2,False,0.0,Standard Servicing
APP-509346,Written-Off,887,32,False,41062.33,Collections/Recovery
APP-509347,Closed-Good,22,1,False,0.0,Standard Servicing
APP-509348,Closed-Good,21,7,False,0.0,Standard Servicing
APP-509349,Active,24,4,False,0.0,Standard Servicing
APP-509350,Closed-Good,0,0,False,0.0,Standard Servicing
APP-509351,Closed-Good,21,4,False,0.0,Standard Servicing
APP-509352,Closed-Good,0,0,False,0.0,Standard Servicing
APP-509353,Closed-Good,11,3,False,0.0,Standard Servicing
APP-509354,Closed-Good,12,2,False,0.0,Standard Servicing
APP-509355,Written-Off,562,16,False,105605.63,Standard Servicing
APP-509356,Closed-Good,20,4,False,0.0,Standard Servicing
APP-509357,Closed-Good,21,5,False,0.0,Standard Servicing
APP-509358,Closed-Good,21,2,False,0.0,Standard Servicing
APP-509359,Closed-Good,22,4,False,0.0,Standard Servicing
APP-509360,Active,0,0,False,0.0,Standard Servicing
APP-509361,Closed-Good,16,4,False,0.0,Standard Servicing
APP-509362,Closed-Good,0,0,False,0.0,Standard Servicing
APP-509363,Active,24,7,False,0.0,Standard Servicing
APP-509364,Active,4,1,False,0.0,Standard Servicing
APP-509365,Closed-Good,20,1,False,0.0,Standard Servicing
APP-509366,Active,0,0,False,0.0,Standard Servicing
APP-509367,Closed-Good,2,2,False,0.0,Standard Servicing
APP-509368,Closed-Good,17,1,False,0.0,Standard Servicing
APP-509369,Written-Off,1093,12,False,12006.68,Collections/Recovery
APP-509370,Closed-Good,22,4,False,0.0,Standard Servicing
APP-509371,Active,9,1,False,0.0,Standard Servicing
APP-509372,Closed-Good,15,2,False,0.0,Standard Servicing
APP-509373,Active,15,2,False,0.0,Standard Servicing
APP-509374,Closed-Good,5,1,False,0.0,Standard Servicing
APP-509375,Closed-Good,2,1,False,0.0,Standard Servicing
APP-509376,Closed-Good,10,2,False,0.0,Standard Servicing
APP-509377,Closed-Good,15,2,False,0.0,Standard Servicing
APP-509378,Written-Off,346,15,False,67728.01,Collections/Recovery
APP-509379,Active,20,2,False,0.0,Standard Servicing
APP-509380,Active,0,0,False,0.0,Standard Servicing
APP-509381,Active,21,3,False,0.0,Standard Servicing
APP-509382,Active,0,0,False,0.0,Standard Servicing
APP-509383,Active,12,4,False,0.0,Standard Servicing
APP-509384,Active,23,4,False,0.0,Standard Servicing
APP-509385,Written-Off,789,3,False,17923.26,Collections/Recovery
APP-509386,Closed-Good,12,1,False,0.0,Standard Servicing
APP-509387,Defaulted,158,10,False,12475.17,Collections/Recovery
APP-509388,Active,2,1,False,0.0,Standard Servicing
APP-509389,Closed-Good,0,0,False,0.0,Standard Servicing
APP-509390,Active,20,3,False,0.0,Standard Servicing
APP-509391,Closed-Good,22,2,False,0.0,Standard Servicing
APP-509392,Closed-Good,18,2,False,0.0,Standard Servicing
APP-509393,Written-Off,210,10,False,32036.92,Collections/Recovery
APP-509394,Active,11,3,False,0.0,Standard Servicing
APP-509395,Closed-Good,18,1,False,0.0,Standard Servicing
APP-509396,Active,17,3,False,0.0,Standard Servicing
APP-509397,Closed-Good,0,0,False,0.0,Standard Servicing
APP-509398,Closed-Good,22,3,False,0.0,Standard Servicing
APP-509399,Active,0,0,False,0.0,Standard Servicing
APP-509400,Active,9,2,False,0.0,Standard Servicing
APP-509401,Active,16,2,False,0.0,Standard Servicing
APP-509402,Active,2,1,False,0.0,Standard Servicing
APP-509403,Active,24,3,False,0.0,Standard Servicing
APP-509404,Active,15,2,False,0.0,Standard Servicing
APP-509405,Closed-Good,21,4,False,0.0,Standard Servicing
APP-509406,Closed-Good,24,4,False,0.0,Standard Servicing
APP-509407,Active,22,4,False,0.0,Standard Servicing
APP-509408,Active,1,1,False,0.0,Standard Servicing
APP-509409,Defaulted,68,3,False,6634.79,Standard Servicing
APP-509410,Active,20,5,False,0.0,Standard Servicing
APP-509411,Closed-Good,24,1,False,0.0,Standard Servicing
APP-509412,Written-Off,543,18,False,7364.34,Collections/Recovery
APP-509413,Active,5,2,False,0.0,Standard Servicing
APP-509414,Closed-Good,16,3,False,0.0,Standard Servicing
APP-509415,Written-Off,802,29,False,4145.13,Collections/Recovery
APP-509416,Active,21,4,False,0.0,Standard Servicing
APP-509417,Closed-Good,15,1,False,0.0,Standard Servicing
APP-509418,Active,7,2,False,0.0,Standard Servicing
APP-509419,Active,10,1,False,0.0,Standard Servicing
APP-509420,Closed-Good,0,0,False,0.0,Standard Servicing
APP-509421,Closed-Good,24,4,False,0.0,Standard Servicing
APP-509422,Active,0,0,False,0.0,Standard Servicing
APP-509423,Closed-Good,20,2,False,0.0,Standard Servicing
APP-509424,Closed-Good,12,1,False,0.0,Standard Servicing
APP-509425,Written-Off,519,20,False,7484.26,Collections/Recovery
APP-509426,Active,18,2,False,0.0,Standard Servicing
APP-509427,Active,18,1,False,0.0,Standard Servicing
APP-509428,Closed-Good,8,1,False,0.0,Standard Servicing
APP-509429,Active,7,3,False,0.0,Standard Servicing
APP-509430,Active,24,2,False,0.0,Standard Servicing
APP-509431,Closed-Good,17,2,False,0.0,Standard Servicing
APP-509432,Closed-Good,15,1,False,0.0,Standard Servicing
APP-509433,Closed-Good,24,4,False,0.0,Standard Servicing
APP-509434,Written-Off,535,8,False,19696.52,Collections/Recovery
APP-509435,Closed-Good,0,0,False,0.0,Standard Servicing
APP-509436,Closed-Good,8,1,False,0.0,Standard Servicing
APP-509437,Active,0,0,False,0.0,Standard Servicing
APP-509438,Active,2,1,False,0.0,Standard Servicing
APP-509439,Active,24,2,False,0.0,Standard Servicing
APP-509440,Closed-Good,11,1,False,0.0,Standard Servicing
APP-509441,Closed-Good,20,3,False,0.0,Standard Servicing
APP-509442,Active,8,2,False,0.0,Standard Servicing
APP-509443,Active,12,3,False,0.0,Standard Servicing
APP-509444,Closed-Good,23,4,False,0.0,Standard Servicing
APP-509445,Active,12,1,False,0.0,Standard Servicing
APP-509446,Active,20,2,False,0.0,Standard Servicing
APP-509447,Closed-Good,4,2,False,0.0,Standard Servicing
APP-509448,Active,5,1,False,0.0,Standard Servicing
APP-509449,Closed-Good,0,0,False,0.0,Standard Servicing
APP-509450,Active,24,6,False,0.0,Standard Servicing
APP-509451,Closed-Good,20,5,False,0.0,Standard Servicing
APP-509452,Active,24,3,False,0.0,Standard Servicing
APP-509453,Closed-Good,6,2,False,0.0,Standard Servicing
APP-509454,Active,11,2,False,0.0,Standard Servicing
APP-509455,Closed-Good,0,0,False,0.0,Standard Servicing
APP-509456,Closed-Good,19,2,False,0.0,Standard Servicing
APP-509457,Written-Off,309,15,False,32144.49,Collections/Recovery
APP-509458,Active,8,1,False,0.0,Standard Servicing
APP-509459,Active,20,2,False,0.0,Standard Servicing
APP-509460,Closed-Good,14,2,False,0.0,Standard Servicing
APP-509461,Active,11,1,False,0.0,Standard Servicing
APP-509462,Closed-Good,16,1,False,0.0,Standard Servicing
APP-509463,Active,23,3,False,0.0,Standard Servicing
APP-509464,Active,17,2,False,0.0,Standard Servicing
APP-509465,Closed-Good,3,1,False,0.0,Standard Servicing
APP-509466,Active,0,0,False,0.0,Standard Servicing
APP-509467,Closed-Good,11,2,False,0.0,Standard Servicing
APP-509468,Closed-Good,24,3,False,0.0,Standard Servicing
APP-509469,Active,11,1,False,0.0,Standard Servicing
APP-509470,Active,3,2,False,0.0,Standard Servicing
APP-509471,Written-Off,958,21,False,26294.85,Collections/Recovery
APP-509472,Active,23,4,False,0.0,Standard Servicing
APP-509473,Closed-Good,17,1,False,0.0,Standard Servicing
APP-509474,Closed-Good,8,2,False,0.0,Standard Servicing
APP-509475,Closed-Good,22,2,False,0.0,Standard Servicing
APP-509476,Closed-Good,19,4,False,0.0,Standard Servicing
APP-509477,Active,23,2,False,0.0,Standard Servicing
APP-509478,Closed-Good,24,5,False,0.0,Standard Servicing
APP-509479,Closed-Good,0,0,False,0.0,Standard Servicing
APP-509480,Closed-Good,18,1,False,0.0,Standard Servicing
APP-509481,Written-Off,380,16,True,81286.93,Collections/Recovery
APP-509482,Active,21,2,False,0.0,Standard Servicing
APP-509483,Closed-Good,16,3,False,0.0,Standard Servicing
APP-509484,Closed-Good,0,0,False,0.0,Standard Servicing
APP-509485,Active,19,1,False,0.0,Standard Servicing
APP-509486,Closed-Good,6,1,False,0.0,Standard Servicing
APP-509487,Active,20,3,False,0.0,Standard Servicing
APP-509488,Active,18,2,False,0.0,Standard Servicing
APP-509489,Closed-Good,17,2,False,0.0,Standard Servicing
APP-509490,Closed-Good,8,2,False,0.0,Standard Servicing
APP-509491,Closed-Good,0,0,False,0.0,Standard Servicing
APP-509492,Active,0,0,False,0.0,Standard Servicing
APP-509493,Closed-Good,21,2,False,0.0,Standard Servicing
APP-509494,Closed-Good,24,4,False,0.0,Standard Servicing
APP-509495,Active,17,4,False,0.0,Standard Servicing
APP-509496,Closed-Good,21,3,False,0.0,Standard Servicing
APP-509497,Active,21,7,False,0.0,Standard Servicing
APP-509498,Closed-Good,13,2,False,0.0,Standard Servicing
APP-509499,Active,19,3,False,0.0,Standard Servicing
APP-509500,Active,0,0,False,0.0,Standard Servicing
APP-509501,Closed-Good,0,0,False,0.0,Standard Servicing
APP-509502,Closed-Good,18,2,False,0.0,Standard Servicing
APP-509503,Written-Off,830,22,False,123567.44,Collections/Recovery
APP-509504,Closed-Good,7,1,False,0.0,Standard Servicing
APP-509505,Closed-Good,0,0,False,0.0,Standard Servicing
APP-509506,Active,0,0,False,0.0,Standard Servicing
APP-509507,Closed-Good,9,3,False,0.0,Standard Servicing
APP-509508,Active,23,1,False,0.0,Standard Servicing
APP-509509,Closed-Good,15,2,False,0.0,Standard Servicing
APP-509510,Closed-Good,6,1,False,0.0,Standard Servicing
APP-509511,Active,20,1,False,0.0,Standard Servicing
APP-509512,Active,22,3,False,0.0,Standard Servicing
APP-509513,Written-Off,235,12,False,14852.39,Collections/Recovery
APP-509514,Closed-Good,15,2,False,0.0,Standard Servicing
APP-509515,Defaulted,150,8,False,89958.22,Standard Servicing
APP-509516,Active,24,2,False,0.0,Standard Servicing
APP-509517,Closed-Good,23,3,False,0.0,Standard Servicing
APP-509518,Closed-Good,20,1,False,0.0,Standard Servicing
APP-509519,Active,22,5,False,0.0,Standard Servicing
APP-509520,Closed-Good,13,4,False,0.0,Standard Servicing
APP-509521,Active,18,3,False,0.0,Standard Servicing
APP-509522,Active,24,3,False,0.0,Standard Servicing
APP-509523,Active,17,2,False,0.0,Standard Servicing
APP-509524,Active,10,3,False,0.0,Standard Servicing
APP-509525,Active,21,3,False,0.0,Standard Servicing
APP-509526,Closed-Good,0,0,False,0.0,Standard Servicing
APP-509527,Active,21,1,False,0.0,Standard Servicing
APP-509528,Closed-Good,6,1,False,0.0,Standard Servicing
APP-509529,Closed-Good,20,1,False,0.0,Standard Servicing
APP-509530,Active,19,1,False,0.0,Standard Servicing
APP-509531,Closed-Good,21,3,False,0.0,Standard Servicing
APP-509532,Closed-Good,24,4,False,0.0,Standard Servicing
APP-509533,Active,2,1,False,0.0,Standard Servicing
APP-509534,Active,4,1,False,0.0,Standard Servicing
APP-509535,Active,0,0,False,0.0,Standard Servicing
APP-509536,Closed-Good,22,3,False,0.0,Standard Servicing
APP-509537,Closed-Good,1,1,False,0.0,Standard Servicing
APP-509538,Active,10,1,False,0.0,Standard Servicing
APP-509539,Active,21,1,False,0.0,Standard Servicing
APP-509540,Active,11,1,False,0.0,Standard Servicing
APP-509541,Active,10,1,False,0.0,Standard Servicing
APP-509542,Active,0,0,False,0.0,Standard Servicing
APP-509543,Closed-Good,24,3,False,0.0,Standard Servicing
APP-509544,Closed-Good,19,2,False,0.0,Standard Servicing
APP-509545,Active,13,1,False,0.0,Standard Servicing
APP-509546,Closed-Good,5,1,False,0.0,Standard Servicing
APP-509547,Active,17,5,False,0.0,Standard Servicing
APP-509548,Active,19,2,False,0.0,Standard Servicing
APP-509549,Closed-Good,12,1,False,0.0,Standard Servicing
APP-509550,Closed-Good,16,3,False,0.0,Standard Servicing
APP-509551,Active,19,2,False,0.0,Standard Servicing
APP-509552,Active,14,3,False,0.0,Standard Servicing
APP-509553,Active,15,2,False,0.0,Standard Servicing
APP-509554,Active,0,0,False,0.0,Standard Servicing
APP-509555,Closed-Good,17,4,False,0.0,Standard Servicing
APP-509556,Active,1,1,False,0.0,Standard Servicing
APP-509557,Closed-Good,17,2,False,0.0,Standard Servicing
APP-509558,Closed-Good,13,2,False,0.0,Standard Servicing
APP-509559,Active,21,1,False,0.0,Standard Servicing
APP-509560,Closed-Good,0,0,False,0.0,Standard Servicing
APP-509561,Active,11,1,False,0.0,Standard Servicing
APP-509562,Active,24,1,False,0.0,Standard Servicing
APP-509563,Closed-Good,24,2,False,0.0,Standard Servicing
APP-509564,Active,22,3,False,0.0,Standard Servicing
APP-509565,Closed-Good,20,3,False,0.0,Standard Servicing
APP-509566,Closed-Good,15,3,False,0.0,Standard Servicing
APP-509567,Closed-Good,14,1,False,0.0,Standard Servicing
APP-509568,Active,0,0,False,0.0,Standard Servicing
APP-509569,Closed-Good,0,0,False,0.0,Standard Servicing
APP-509570,Active,0,0,False,0.0,Standard Servicing
APP-509571,Closed-Good,19,1,False,0.0,Standard Servicing
APP-509572,Active,4,1,False,0.0,Standard Servicing
APP-509573,Closed-Good,12,1,False,0.0,Standard Servicing
APP-509574,Active,15,2,False,0.0,Standard Servicing
APP-509575,Closed-Good,23,4,False,0.0,Standard Servicing
APP-509576,Active,24,6,False,0.0,Standard Servicing
APP-509577,Active,15,3,False,0.0,Standard Servicing
APP-509578,Closed-Good,17,1,False,0.0,Standard Servicing
APP-509579,Active,17,2,False,0.0,Standard Servicing
APP-509580,Active,0,0,False,0.0,Standard Servicing
APP-509581,Active,15,2,False,0.0,Standard Servicing
APP-509582,Active,8,1,False,0.0,Standard Servicing
APP-509583,Active,21,4,False,0.0,Standard Servicing
APP-509584,Active,19,3,False,0.0,Standard Servicing
APP-509585,Closed-Good,18,3,False,0.0,Standard Servicing
APP-509586,Active,15,2,False,0.0,Standard Servicing
APP-509587,Closed-Good,4,1,False,0.0,Standard Servicing
APP-509588,Closed-Good,21,4,False,0.0,Standard Servicing
APP-509589,Active,9,1,False,0.0,Standard Servicing
APP-509590,Active,10,2,False,0.0,Standard Servicing
APP-509591,Closed-Good,0,0,False,0.0,Standard Servicing
APP-509592,Active,0,0,False,0.0,Standard Servicing
APP-509593,Defaulted,79,4,False,21233.21,Collections/Recovery
APP-509594,Closed-Good,1,1,False,0.0,Standard Servicing
APP-509595,Closed-Good,23,5,False,0.0,Standard Servicing
APP-509596,Written-Off,862,28,False,16669.02,Collections/Recovery
APP-509597,Closed-Good,5,1,False,0.0,Standard Servicing
APP-509598,Closed-Good,11,1,False,0.0,Standard Servicing
APP-509599,Active,18,2,False,0.0,Standard Servicing
APP-509600,Active,0,0,False,0.0,Standard Servicing
APP-509601,Active,16,2,False,0.0,Standard Servicing
APP-509602,Active,22,2,False,0.0,Standard Servicing
APP-509603,Active,11,2,False,0.0,Standard Servicing
APP-509604,Closed-Good,13,1,False,0.0,Standard Servicing
APP-509605,Closed-Good,6,1,False,0.0,Standard Servicing
APP-509606,Active,20,5,False,0.0,Standard Servicing
APP-509607,Active,7,1,False,0.0,Standard Servicing
APP-509608,Active,12,4,False,0.0,Standard Servicing
APP-509609,Active,22,2,False,0.0,Standard Servicing
APP-509610,Active,8,1,False,0.0,Standard Servicing
APP-509611,Closed-Good,20,1,False,0.0,Standard Servicing
APP-509612,Active,24,3,False,0.0,Standard Servicing
APP-509613,Closed-Good,0,0,False,0.0,Standard Servicing
APP-509614,Active,23,1,False,0.0,Standard Servicing
APP-509615,Active,20,2,False,0.0,Standard Servicing
APP-509616,Active,22,3,False,0.0,Standard Servicing
APP-509617,Active,15,3,False,0.0,Standard Servicing
APP-509618,Active,0,0,False,0.0,Standard Servicing
APP-509619,Closed-Good,22,2,False,0.0,Standard Servicing
APP-509620,Closed-Good,6,1,False,0.0,Standard Servicing
APP-509621,Active,23,2,False,0.0,Standard Servicing
APP-509622,Active,22,1,False,0.0,Standard Servicing
APP-509623,Closed-Good,18,3,False,0.0,Standard Servicing
APP-509624,Active,13,1,False,0.0,Standard Servicing
APP-509625,Closed-Good,23,3,False,0.0,Standard Servicing
APP-509626,Active,22,3,False,0.0,Standard Servicing
APP-509627,Closed-Good,1,1,False,0.0,Standard Servicing
APP-509628,Closed-Good,0,0,False,0.0,Standard Servicing
APP-509629,Active,24,2,False,0.0,Standard Servicing
APP-509630,Written-Off,908,23,False,2436.57,Collections/Recovery
APP-509631,Closed-Good,0,0,False,0.0,Standard Servicing
APP-509632,Closed-Good,21,3,False,0.0,Standard Servicing
APP-509633,Closed-Good,24,4,False,0.0,Standard Servicing
APP-509634,Written-Off,450,17,False,7968.02,Collections/Recovery
APP-509635,Closed-Good,10,1,False,0.0,Standard Servicing
APP-509636,Active,13,3,False,0.0,Standard Servicing
APP-509637,Active,22,3,False,0.0,Standard Servicing
APP-509638,Closed-Good,15,1,False,0.0,Standard Servicing
APP-509639,Closed-Good,23,5,False,0.0,Standard Servicing
APP-509640,Active,12,5,False,0.0,Standard Servicing
APP-509641,Active,10,1,False,0.0,Standard Servicing
APP-509642,Active,0,0,False,0.0,Standard Servicing
APP-509643,Active,19,4,False,0.0,Standard Servicing
APP-509644,Written-Off,647,29,False,12294.9,Collections/Recovery
APP-509645,Active,23,6,False,0.0,Standard Servicing
APP-509646,Closed-Good,13,2,False,0.0,Standard Servicing
APP-509647,Active,21,1,False,0.0,Standard Servicing
APP-509648,Active,17,2,False,0.0,Standard Servicing
APP-509649,Closed-Good,19,2,False,0.0,Standard Servicing
APP-509650,Active,23,1,False,0.0,Standard Servicing
APP-509651,Active,10,3,False,0.0,Standard Servicing
APP-509652,Closed-Good,16,1,False,0.0,Standard Servicing
APP-509653,Active,4,1,False,0.0,Standard Servicing
APP-509654,Closed-Good,0,0,False,0.0,Standard Servicing
APP-509655,Active,10,2,False,0.0,Standard Servicing
APP-509656,Active,20,3,False,0.0,Standard Servicing
APP-509657,Closed-Good,22,2,False,0.0,Standard Servicing
APP-509658,Active,0,0,False,0.0,Standard Servicing
APP-509659,Closed-Good,22,1,False,0.0,Standard Servicing
APP-509660,Active,19,2,False,0.0,Standard Servicing
APP-509661,Closed-Good,24,4,False,0.0,Standard Servicing
APP-509662,Closed-Good,19,2,False,0.0,Standard Servicing
APP-509663,Active,20,1,False,0.0,Standard Servicing
APP-509664,Active,11,3,False,0.0,Standard Servicing
APP-509665,Active,24,7,False,0.0,Standard Servicing
APP-509666,Closed-Good,12,2,False,0.0,Standard Servicing
APP-509667,Closed-Good,24,4,False,0.0,Standard Servicing
APP-509668,Closed-Good,0,0,False,0.0,Standard Servicing
APP-509669,Closed-Good,12,1,False,0.0,Standard Servicing
APP-509670,Closed-Good,16,2,False,0.0,Standard Servicing
APP-509671,Closed-Good,0,0,False,0.0,Standard Servicing
APP-509672,Closed-Good,3,1,False,0.0,Standard Servicing
APP-509673,Active,0,0,False,0.0,Standard Servicing
APP-509674,Active,18,1,False,0.0,Standard Servicing
APP-509675,Closed-Good,14,4,False,0.0,Standard Servicing
APP-509676,Written-Off,332,11,True,104460.96,Collections/Recovery
APP-509677,Active,17,2,False,0.0,Standard Servicing
APP-509678,Closed-Good,16,1,False,0.0,Standard Servicing
APP-509679,Closed-Good,0,0,False,0.0,Standard Servicing
APP-509680,Closed-Good,13,1,False,0.0,Standard Servicing
APP-509681,Closed-Good,17,1,False,0.0,Standard Servicing
APP-509682,Active,0,0,False,0.0,Standard Servicing
APP-509683,Active,24,1,False,0.0,Standard Servicing
APP-509684,Closed-Good,14,2,False,0.0,Standard Servicing
APP-509685,Active,18,2,False,0.0,Standard Servicing
APP-509686,Active,14,3,False,0.0,Standard Servicing
APP-509687,Active,3,1,False,0.0,Standard Servicing
APP-509688,Active,22,4,False,0.0,Standard Servicing
APP-509689,Active,17,5,False,0.0,Standard Servicing
APP-509690,Written-Off,260,12,True,8165.2,Standard Servicing
APP-509691,Closed-Good,10,2,False,0.0,Standard Servicing
APP-509692,Written-Off,524,20,True,10103.86,Collections/Recovery
APP-509693,Closed-Good,24,3,False,0.0,Standard Servicing
APP-509694,Closed-Good,16,1,False,0.0,Standard Servicing
APP-509695,Written-Off,807,3,False,11004.73,Collections/Recovery
APP-509696,Active,23,2,False,0.0,Standard Servicing
APP-509697,Active,0,0,False,0.0,Standard Servicing
APP-509698,Active,7,3,False,0.0,Standard Servicing
APP-509699,Active,0,0,False,0.0,Standard Servicing
APP-509700,Closed-Good,16,2,False,0.0,Standard Servicing
APP-509701,Active,22,2,False,0.0,Standard Servicing
APP-509702,Active,24,1,False,0.0,Standard Servicing
APP-509703,Active,0,0,False,0.0,Standard Servicing
APP-509704,Closed-Good,12,2,False,0.0,Standard Servicing
APP-509705,Active,22,2,False,0.0,Standard Servicing
APP-509706,Active,0,0,False,0.0,Standard Servicing
APP-509707,Closed-Good,0,0,False,0.0,Standard Servicing
APP-509708,Closed-Good,0,0,False,0.0,Standard Servicing
APP-509709,Closed-Good,21,1,False,0.0,Standard Servicing
APP-509710,Closed-Good,21,3,False,0.0,Standard Servicing
APP-509711,Written-Off,958,20,False,55716.38,Collections/Recovery
APP-509712,Closed-Good,13,2,False,0.0,Standard Servicing
APP-509713,Closed-Good,3,1,False,0.0,Standard Servicing
APP-509714,Closed-Good,17,2,False,0.0,Standard Servicing
APP-509715,Active,11,2,False,0.0,Standard Servicing
APP-509716,Written-Off,974,35,False,8846.48,Standard Servicing
APP-509717,Defaulted,172,5,True,162375.76,Collections/Recovery
APP-509718,Closed-Good,0,0,False,0.0,Standard Servicing
APP-509719,Closed-Good,24,3,False,0.0,Standard Servicing
APP-509720,Closed-Good,4,1,False,0.0,Standard Servicing
APP-509721,Closed-Good,7,1,False,0.0,Standard Servicing
APP-509722,Written-Off,942,8,False,8958.45,Collections/Recovery
APP-509723,Active,12,2,False,0.0,Standard Servicing
APP-509724,Defaulted,169,9,False,29009.95,Standard Servicing
APP-509725,Active,11,1,False,0.0,Standard Servicing
APP-509726,Closed-Good,9,3,False,0.0,Standard Servicing
APP-509727,Closed-Good,8,1,False,0.0,Standard Servicing
APP-509728,Closed-Good,24,2,False,0.0,Standard Servicing
APP-509729,Closed-Good,9,4,False,0.0,Standard Servicing
APP-509730,Closed-Good,0,0,False,0.0,Standard Servicing
APP-509731,Closed-Good,2,1,False,0.0,Standard Servicing
APP-509732,Active,21,4,False,0.0,Standard Servicing
APP-509733,Active,13,4,False,0.0,Standard Servicing
APP-509734,Closed-Good,16,3,False,0.0,Standard Servicing
APP-509735,Closed-Good,5,1,False,0.0,Standard Servicing
APP-509736,Closed-Good,24,6,False,0.0,Standard Servicing
APP-509737,Closed-Good,24,4,False,0.0,Standard Servicing
APP-509738,Written-Off,854,23,False,3419.54,Collections/Recovery
APP-509739,Closed-Good,21,2,False,0.0,Standard Servicing
APP-509740,Active,14,3,False,0.0,Standard Servicing
APP-509741,Active,8,1,False,0.0,Standard Servicing
APP-509742,Closed-Good,23,2,False,0.0,Standard Servicing
APP-509743,Active,12,3,False,0.0,Standard Servicing
APP-509744,Closed-Good,9,1,False,0.0,Standard Servicing
APP-509745,Active,0,0,False,0.0,Standard Servicing
APP-509746,Closed-Good,20,2,False,0.0,Standard Servicing
APP-509747,Closed-Good,19,1,False,0.0,Standard Servicing
APP-509748,Active,0,0,False,0.0,Standard Servicing
APP-509749,Active,21,3,False,0.0,Standard Servicing
APP-509750,Closed-Good,0,0,False,0.0,Standard Servicing
APP-509751,Active,20,2,False,0.0,Standard Servicing
APP-509752,Active,0,0,False,0.0,Standard Servicing
APP-509753,Active,22,3,False,0.0,Standard Servicing
APP-509754,Active,24,3,False,0.0,Standard Servicing
APP-509755,Active,23,2,False,0.0,Standard Servicing
APP-509756,Active,19,1,False,0.0,Standard Servicing
APP-509757,Active,22,2,False,0.0,Standard Servicing
APP-509758,Defaulted,172,5,False,109805.16,Collections/Recovery
APP-509759,Active,18,2,False,0.0,Standard Servicing
APP-509760,Active,15,2,False,0.0,Standard Servicing
APP-509761,Closed-Good,0,0,False,0.0,Standard Servicing
APP-509762,Active,21,3,False,0.0,Standard Servicing
APP-509763,Active,4,1,False,0.0,Standard Servicing
APP-509764,Closed-Good,0,0,False,0.0,Standard Servicing
APP-509765,Closed-Good,10,2,False,0.0,Standard Servicing
APP-509766,Closed-Good,15,1,False,0.0,Standard Servicing
APP-509767,Active,0,0,False,0.0,Standard Servicing
APP-509768,Active,21,4,False,0.0,Standard Servicing
APP-509769,Active,8,1,False,0.0,Standard Servicing
APP-509770,Active,0,0,False,0.0,Standard Servicing
APP-509771,Closed-Good,19,4,False,0.0,Standard Servicing
APP-509772,Defaulted,99,4,False,39420.95,Standard Servicing
APP-509773,Closed-Good,23,2,False,0.0,Standard Servicing
APP-509774,Closed-Good,0,0,False,0.0,Standard Servicing
APP-509775,Active,7,2,False,0.0,Standard Servicing
APP-509776,Closed-Good,15,1,False,0.0,Standard Servicing
APP-509777,Active,18,5,False,0.0,Standard Servicing
APP-509778,Closed-Good,0,0,False,0.0,Standard Servicing
APP-509779,Closed-Good,8,1,False,0.0,Standard Servicing
APP-509780,Active,22,1,False,0.0,Standard Servicing
APP-509781,Closed-Good,22,1,False,0.0,Standard Servicing
APP-509782,Active,15,1,False,0.0,Standard Servicing
APP-509783,Active,5,1,False,0.0,Standard Servicing
APP-509784,Closed-Good,0,0,False,0.0,Standard Servicing
APP-509785,Closed-Good,20,3,False,0.0,Standard Servicing
APP-509786,Active,23,3,False,0.0,Standard Servicing
APP-509787,Closed-Good,16,4,False,0.0,Standard Servicing
APP-509788,Active,7,2,False,0.0,Standard Servicing
APP-509789,Active,16,2,False,0.0,Standard Servicing
APP-509790,Defaulted,139,10,False,2573.24,Collections/Recovery
APP-509791,Written-Off,787,29,False,38224.02,Collections/Recovery
APP-509792,Active,15,2,False,0.0,Standard Servicing
APP-509793,Active,0,0,False,0.0,Standard Servicing
APP-509794,Active,21,2,False,0.0,Standard Servicing
APP-509795,Closed-Good,22,2,False,0.0,Standard Servicing
APP-509796,Active,4,1,False,0.0,Standard Servicing
APP-509797,Closed-Good,23,3,False,0.0,Standard Servicing
APP-509798,Written-Off,354,15,False,4529.18,Collections/Recovery
APP-509799,Active,20,4,False,0.0,Standard Servicing
APP-509800,Closed-Good,24,5,False,0.0,Standard Servicing
APP-509801,Closed-Good,22,5,False,0.0,Standard Servicing
APP-509802,Active,13,1,False,0.0,Standard Servicing
APP-509803,Written-Off,608,7,True,39661.49,Collections/Recovery
APP-509804,Active,0,0,False,0.0,Standard Servicing
APP-509805,Written-Off,853,21,False,10531.29,Standard Servicing
APP-509806,Written-Off,252,9,False,70814.86,Collections/Recovery
APP-509807,Active,21,6,False,0.0,Standard Servicing
APP-509808,Closed-Good,2,1,False,0.0,Standard Servicing
APP-509809,Active,22,2,False,0.0,Standard Servicing
APP-509810,Active,20,3,False,0.0,Standard Servicing
APP-509811,Active,12,1,False,0.0,Standard Servicing
APP-509812,Closed-Good,10,2,False,0.0,Standard Servicing
APP-509813,Active,0,0,False,0.0,Standard Servicing
APP-509814,Active,22,1,False,0.0,Standard Servicing
APP-509815,Active,24,3,False,0.0,Standard Servicing
APP-509816,Closed-Good,0,0,False,0.0,Standard Servicing
APP-509817,Closed-Good,20,4,False,0.0,Standard Servicing
APP-509818,Active,24,1,False,0.0,Standard Servicing
APP-509819,Active,2,1,False,0.0,Standard Servicing
APP-509820,Closed-Good,19,4,False,0.0,Standard Servicing
APP-509821,Active,12,3,False,0.0,Standard Servicing
APP-509822,Closed-Good,20,3,False,0.0,Standard Servicing
APP-509823,Active,24,3,False,0.0,Standard Servicing
APP-509824,Closed-Good,0,0,False,0.0,Standard Servicing
APP-509825,Closed-Good,23,1,False,0.0,Standard Servicing
APP-509826,Active,2,1,False,0.0,Standard Servicing
APP-509827,Active,0,0,False,0.0,Standard Servicing
APP-509828,Active,23,3,False,0.0,Standard Servicing
APP-509829,Closed-Good,23,3,False,0.0,Standard Servicing
APP-509830,Active,18,1,False,0.0,Standard Servicing
APP-509831,Closed-Good,23,5,False,0.0,Standard Servicing
APP-509832,Written-Off,565,19,False,32418.5,Collections/Recovery
APP-509833,Active,2,1,False,0.0,Standard Servicing
APP-509834,Active,23,2,False,0.0,Standard Servicing
APP-509835,Closed-Good,24,2,False,0.0,Standard Servicing
APP-509836,Closed-Good,18,1,False,0.0,Standard Servicing
APP-509837,Active,20,4,False,0.0,Standard Servicing
APP-509838,Closed-Good,0,0,False,0.0,Standard Servicing
APP-509839,Closed-Good,14,2,False,0.0,Standard Servicing
APP-509840,Active,24,3,False,0.0,Standard Servicing
APP-509841,Active,0,0,False,0.0,Standard Servicing
APP-509842,Active,0,0,False,0.0,Standard Servicing
APP-509843,Active,0,0,False,0.0,Standard Servicing
APP-509844,Closed-Good,24,2,False,0.0,Standard Servicing
APP-509845,Closed-Good,0,0,False,0.0,Standard Servicing
APP-509846,Closed-Good,21,4,False,0.0,Standard Servicing
APP-509847,Closed-Good,24,5,False,0.0,Standard Servicing
APP-509848,Closed-Good,13,1,False,0.0,Standard Servicing
APP-509849,Written-Off,936,19,True,4899.46,Collections/Recovery
APP-509850,Closed-Good,14,1,False,0.0,Standard Servicing
APP-509851,Closed-Good,23,5,False,0.0,Standard Servicing
APP-509852,Active,15,1,False,0.0,Standard Servicing
APP-509853,Active,21,3,False,0.0,Standard Servicing
APP-509854,Written-Off,926,21,False,12448.49,Collections/Recovery
APP-509855,Active,20,2,False,0.0,Standard Servicing
APP-509856,Active,0,0,False,0.0,Standard Servicing
APP-509857,Closed-Good,23,4,False,0.0,Standard Servicing
APP-509858,Closed-Good,2,2,False,0.0,Standard Servicing
APP-509859,Active,16,5,False,0.0,Standard Servicing
APP-509860,Active,24,2,False,0.0,Standard Servicing
APP-509861,Closed-Good,20,3,False,0.0,Standard Servicing
APP-509862,Closed-Good,23,3,False,0.0,Standard Servicing
APP-509863,Closed-Good,11,2,False,0.0,Standard Servicing
APP-509864,Defaulted,61,5,False,52785.71,Collections/Recovery
APP-509865,Active,0,0,False,0.0,Standard Servicing
APP-509866,Written-Off,513,17,False,11430.27,Collections/Recovery
APP-509867,Closed-Good,8,1,False,0.0,Standard Servicing
APP-509868,Active,8,1,False,0.0,Standard Servicing
APP-509869,Active,1,1,False,0.0,Standard Servicing
APP-509870,Active,0,0,False,0.0,Standard Servicing
APP-509871,Active,23,1,False,0.0,Standard Servicing
APP-509872,Active,0,0,False,0.0,Standard Servicing
APP-509873,Active,20,5,False,0.0,Standard Servicing
APP-509874,Closed-Good,19,3,False,0.0,Standard Servicing
APP-509875,Closed-Good,13,2,False,0.0,Standard Servicing
APP-509876,Active,24,1,False,0.0,Standard Servicing
APP-509877,Closed-Good,19,1,False,0.0,Standard Servicing
APP-509878,Closed-Good,0,0,False,0.0,Standard Servicing
APP-509879,Active,22,2,False,0.0,Standard Servicing
APP-509880,Written-Off,608,4,True,13231.97,Collections/Recovery
APP-509881,Active,17,1,False,0.0,Standard Servicing
APP-509882,Closed-Good,9,3,False,0.0,Standard Servicing
APP-509883,Closed-Good,24,1,False,0.0,Standard Servicing
APP-509884,Closed-Good,19,1,False,0.0,Standard Servicing
APP-509885,Closed-Good,15,4,False,0.0,Standard Servicing
APP-509886,Closed-Good,15,3,False,0.0,Standard Servicing
APP-509887,Closed-Good,15,3,False,0.0,Standard Servicing
APP-509888,Active,14,3,False,0.0,Standard Servicing
APP-509889,Active,21,3,False,0.0,Standard Servicing
APP-509890,Closed-Good,22,3,False,0.0,Standard Servicing
APP-509891,Active,2,1,False,0.0,Standard Servicing
APP-509892,Active,17,1,False,0.0,Standard Servicing
APP-509893,Active,24,2,False,0.0,Standard Servicing
APP-509894,Active,21,1,False,0.0,Standard Servicing
APP-509895,Closed-Good,24,3,False,0.0,Standard Servicing
APP-509896,Active,22,4,False,0.0,Standard Servicing
APP-509897,Active,11,5,False,0.0,Standard Servicing
APP-509898,Active,11,1,False,0.0,Standard Servicing
APP-509899,Closed-Good,21,2,False,0.0,Standard Servicing
APP-509900,Closed-Good,14,2,False,0.0,Standard Servicing
APP-509901,Written-Off,417,18,True,28245.4,Standard Servicing
APP-509902,Closed-Good,16,2,False,0.0,Standard Servicing
APP-509903,Active,0,0,False,0.0,Standard Servicing
APP-509904,Active,20,5,False,0.0,Standard Servicing
APP-509905,Active,16,4,False,0.0,Standard Servicing
APP-509906,Written-Off,488,20,False,6767.93,Collections/Recovery
APP-509907,Closed-Good,18,2,False,0.0,Standard Servicing
APP-509908,Closed-Good,19,4,False,0.0,Standard Servicing
APP-509909,Closed-Good,13,1,False,0.0,Standard Servicing
APP-509910,Active,8,1,False,0.0,Standard Servicing
APP-509911,Active,21,4,False,0.0,Standard Servicing
APP-509912,Closed-Good,20,2,False,0.0,Standard Servicing
APP-509913,Active,13,1,False,0.0,Standard Servicing
APP-509914,Closed-Good,21,1,False,0.0,Standard Servicing
APP-509915,Active,17,7,False,0.0,Standard Servicing
APP-509916,Active,3,1,False,0.0,Standard Servicing
APP-509917,Closed-Good,23,3,False,0.0,Standard Servicing
APP-509918,Written-Off,201,6,False,11136.75,Collections/Recovery
APP-509919,Active,21,3,False,0.0,Standard Servicing
APP-509920,Active,9,2,False,0.0,Standard Servicing
APP-509921,Active,17,3,False,0.0,Standard Servicing
APP-509922,Closed-Good,23,3,False,0.0,Standard Servicing
APP-509923,Closed-Good,22,3,False,0.0,Standard Servicing
APP-509924,Active,20,6,False,0.0,Standard Servicing
APP-509925,Active,0,0,False,0.0,Standard Servicing
APP-509926,Closed-Good,17,2,False,0.0,Standard Servicing
APP-509927,Closed-Good,24,2,False,0.0,Standard Servicing
APP-509928,Active,24,3,False,0.0,Standard Servicing
APP-509929,Active,10,2,False,0.0,Standard Servicing
APP-509930,Closed-Good,22,3,False,0.0,Standard Servicing
APP-509931,Active,8,1,False,0.0,Standard Servicing
APP-509932,Active,10,2,False,0.0,Standard Servicing
APP-509933,Active,22,3,False,0.0,Standard Servicing
APP-509934,Closed-Good,3,1,False,0.0,Standard Servicing
APP-509935,Closed-Good,0,0,False,0.0,Standard Servicing
APP-509936,Active,18,5,False,0.0,Standard Servicing
APP-509937,Closed-Good,19,2,False,0.0,Standard Servicing
APP-509938,Active,22,1,False,0.0,Standard Servicing
APP-509939,Active,16,2,False,0.0,Standard Servicing
APP-509940,Closed-Good,18,3,False,0.0,Standard Servicing
APP-509941,Active,0,0,False,0.0,Standard Servicing
APP-509942,Written-Off,1099,23,False,34432.84,Collections/Recovery
APP-509943,Written-Off,617,16,True,25905.12,Collections/Recovery
APP-509944,Active,2,1,False,0.0,Standard Servicing
APP-509945,Closed-Good,11,3,False,0.0,Standard Servicing
APP-509946,Closed-Good,22,3,False,0.0,Standard Servicing
APP-509947,Active,0,0,False,0.0,Standard Servicing
APP-509948,Active,22,4,False,0.0,Standard Servicing
APP-509949,Active,0,0,False,0.0,Standard Servicing
APP-509950,Active,0,0,False,0.0,Standard Servicing
APP-509951,Closed-Good,20,2,False,0.0,Standard Servicing
APP-509952,Written-Off,776,15,False,9674.08,Collections/Recovery
APP-509953,Closed-Good,0,0,False,0.0,Standard Servicing
APP-509954,Closed-Good,23,3,False,0.0,Standard Servicing
APP-509955,Closed-Good,21,3,False,0.0,Standard Servicing
APP-509956,Closed-Good,19,2,False,0.0,Standard Servicing
APP-509957,Active,17,5,False,0.0,Standard Servicing
APP-509958,Active,0,0,False,0.0,Standard Servicing
APP-509959,Active,0,0,False,0.0,Standard Servicing
APP-509960,Written-Off,596,19,False,6484.88,Collections/Recovery
APP-509961,Closed-Good,1,1,False,0.0,Standard Servicing
APP-509962,Closed-Good,11,2,False,0.0,Standard Servicing
APP-509963,Closed-Good,20,5,False,0.0,Standard Servicing
APP-509964,Active,23,4,False,0.0,Standard Servicing
APP-509965,Active,22,3,False,0.0,Standard Servicing
APP-509966,Closed-Good,19,3,False,0.0,Standard Servicing
APP-509967,Closed-Good,0,0,False,0.0,Standard Servicing
APP-509968,Closed-Good,21,3,False,0.0,Standard Servicing
APP-509969,Active,23,1,False,0.0,Standard Servicing
APP-509970,Closed-Good,0,0,False,0.0,Standard Servicing
APP-509971,Active,0,0,False,0.0,Standard Servicing
APP-509972,Active,8,2,False,0.0,Standard Servicing
APP-509973,Written-Off,310,5,False,32804.13,Collections/Recovery
APP-509974,Active,8,3,False,0.0,Standard Servicing
APP-509975,Closed-Good,13,3,False,0.0,Standard Servicing
APP-509976,Active,24,1,False,0.0,Standard Servicing
APP-509977,Closed-Good,13,2,False,0.0,Standard Servicing
APP-509978,Active,14,3,False,0.0,Standard Servicing
APP-509979,Closed-Good,24,3,False,0.0,Standard Servicing
APP-509980,Active,0,0,False,0.0,Standard Servicing
APP-509981,Active,17,1,False,0.0,Standard Servicing
APP-509982,Closed-Good,23,3,False,0.0,Standard Servicing
APP-509983,Active,23,5,False,0.0,Standard Servicing
APP-509984,Active,1,1,False,0.0,Standard Servicing
APP-509985,Active,22,4,False,0.0,Standard Servicing
APP-509986,Active,15,3,False,0.0,Standard Servicing
APP-509987,Closed-Good,12,2,False,0.0,Standard Servicing
APP-509988,Active,19,2,False,0.0,Standard Servicing
APP-509989,Active,21,1,False,0.0,Standard Servicing
APP-509990,Active,5,1,False,0.0,Standard Servicing
APP-509991,Closed-Good,2,2,False,0.0,Standard Servicing
APP-509992,Active,21,2,False,0.0,Standard Servicing
APP-509993,Active,22,1,False,0.0,Standard Servicing
APP-509994,Active,19,2,False,0.0,Standard Servicing
APP-509995,Closed-Good,18,2,False,0.0,Standard Servicing
APP-509996,Active,19,3,False,0.0,Standard Servicing
APP-509997,Closed-Good,2,1,False,0.0,Standard Servicing
APP-509998,Closed-Good,0,0,False,0.0,Standard Servicing
APP-509999,Closed-Good,4,2,False,0.0,Standard Servicing
APP-510000,Active,9,4,False,0.0,Standard Servicing
APP-510001,Written-Off,776,21,True,1189.17,Standard Servicing
APP-510002,Active,20,5,False,0.0,Standard Servicing
APP-510003,Closed-Good,0,0,False,0.0,Standard Servicing
APP-510004,Active,19,3,False,0.0,Standard Servicing
APP-510005,Closed-Good,9,1,False,0.0,Standard Servicing
APP-510006,Closed-Good,20,2,False,0.0,Standard Servicing
APP-510007,Active,17,3,False,0.0,Standard Servicing
APP-510008,Closed-Good,15,1,False,0.0,Standard Servicing
APP-510009,Closed-Good,17,3,False,0.0,Standard Servicing
APP-510010,Active,0,0,False,0.0,Standard Servicing
APP-510011,Closed-Good,0,0,False,0.0,Standard Servicing
APP-510012,Closed-Good,23,6,False,0.0,Standard Servicing
APP-510013,Active,7,1,False,0.0,Standard Servicing
APP-510014,Closed-Good,23,2,False,0.0,Standard Servicing
APP-510015,Active,21,1,False,0.0,Standard Servicing
APP-510016,Active,23,2,False,0.0,Standard Servicing
APP-510017,Active,24,3,False,0.0,Standard Servicing
APP-510018,Closed-Good,12,1,False,0.0,Standard Servicing
APP-510019,Active,18,3,False,0.0,Standard Servicing
APP-510020,Active,22,3,False,0.0,Standard Servicing
APP-510021,Written-Off,1003,22,True,8339.86,Collections/Recovery
APP-510022,Active,0,0,False,0.0,Standard Servicing
APP-510023,Defaulted,96,6,False,88689.14,Collections/Recovery
APP-510024,Active,22,2,False,0.0,Standard Servicing
APP-510025,Active,24,4,False,0.0,Standard Servicing
APP-510026,Closed-Good,17,3,False,0.0,Standard Servicing
APP-510027,Closed-Good,5,1,False,0.0,Standard Servicing
APP-510028,Active,19,3,False,0.0,Standard Servicing
APP-510029,Written-Off,503,20,False,56635.28,Collections/Recovery
APP-510030,Active,21,1,False,0.0,Standard Servicing
APP-510031,Closed-Good,0,0,False,0.0,Standard Servicing
APP-510032,Closed-Good,16,5,False,0.0,Standard Servicing
APP-510033,Active,17,2,False,0.0,Standard Servicing
APP-510034,Closed-Good,13,1,False,0.0,Standard Servicing
APP-510035,Active,0,0,False,0.0,Standard Servicing
APP-510036,Active,0,0,False,0.0,Standard Servicing
APP-510037,Active,23,3,False,0.0,Standard Servicing
APP-510038,Closed-Good,8,2,False,0.0,Standard Servicing
APP-510039,Closed-Good,19,1,False,0.0,Standard Servicing
APP-510040,Active,22,2,False,0.0,Standard Servicing
APP-510041,Closed-Good,9,1,False,0.0,Standard Servicing
APP-510042,Closed-Good,19,4,False,0.0,Standard Servicing
APP-510043,Closed-Good,8,1,False,0.0,Standard Servicing
APP-510044,Written-Off,527,18,True,15332.8,Standard Servicing
APP-510045,Active,0,0,False,0.0,Standard Servicing
APP-510046,Closed-Good,8,1,False,0.0,Standard Servicing
APP-510047,Closed-Good,0,0,False,0.0,Standard Servicing
APP-510048,Active,14,2,False,0.0,Standard Servicing
APP-510049,Active,22,4,False,0.0,Standard Servicing
APP-510050,Closed-Good,11,1,False,0.0,Standard Servicing
APP-510051,Active,21,1,False,0.0,Standard Servicing
APP-510052,Active,24,3,False,0.0,Standard Servicing
APP-510053,Closed-Good,19,6,False,0.0,Standard Servicing
APP-510054,Closed-Good,19,3,False,0.0,Standard Servicing
APP-510055,Active,21,3,False,0.0,Standard Servicing
APP-510056,Active,15,1,False,0.0,Standard Servicing
APP-510057,Closed-Good,22,1,False,0.0,Standard Servicing
APP-510058,Closed-Good,15,1,False,0.0,Standard Servicing
APP-510059,Active,17,1,False,0.0,Standard Servicing
APP-510060,Active,23,3,False,0.0,Standard Servicing
APP-510061,Closed-Good,7,1,False,0.0,Standard Servicing
APP-510062,Written-Off,929,10,False,6128.0,Collections/Recovery
APP-510063,Active,20,3,False,0.0,Standard Servicing
APP-510064,Written-Off,435,17,True,54119.36,Collections/Recovery
APP-510065,Closed-Good,21,6,False,0.0,Standard Servicing
APP-510066,Closed-Good,20,2,False,0.0,Standard Servicing
APP-510067,Closed-Good,20,2,False,0.0,Standard Servicing
APP-510068,Active,18,6,False,0.0,Standard Servicing
APP-510069,Active,24,1,False,0.0,Standard Servicing
APP-510070,Written-Off,185,10,False,14227.84,Collections/Recovery
APP-510071,Active,0,0,False,0.0,Standard Servicing
APP-510072,Active,0,0,False,0.0,Standard Servicing
APP-510073,Closed-Good,10,1,False,0.0,Standard Servicing
APP-510074,Active,3,1,False,0.0,Standard Servicing
APP-510075,Active,17,5,False,0.0,Standard Servicing
APP-510076,Active,21,4,False,0.0,Standard Servicing
APP-510077,Written-Off,268,5,False,25161.93,Collections/Recovery
APP-510078,Written-Off,661,27,True,15975.59,Standard Servicing
APP-510079,Closed-Good,22,2,False,0.0,Standard Servicing
APP-510080,Active,12,2,False,0.0,Standard Servicing
APP-510081,Active,2,1,False,0.0,Standard Servicing
APP-510082,Active,23,4,False,0.0,Standard Servicing
APP-510083,Closed-Good,0,0,False,0.0,Standard Servicing
APP-510084,Active,0,0,False,0.0,Standard Servicing
APP-510085,Closed-Good,0,0,False,0.0,Standard Servicing
APP-510086,Active,20,5,False,0.0,Standard Servicing
APP-510087,Active,15,2,False,0.0,Standard Servicing
APP-510088,Active,13,2,False,0.0,Standard Servicing
APP-510089,Written-Off,244,5,False,128162.74,Collections/Recovery
APP-510090,Closed-Good,21,3,False,0.0,Standard Servicing
APP-510091,Active,3,1,False,0.0,Standard Servicing
APP-510092,Active,6,1,False,0.0,Standard Servicing
APP-510093,Closed-Good,15,3,False,0.0,Standard Servicing
APP-510094,Closed-Good,22,4,False,0.0,Standard Servicing
APP-510095,Active,24,5,False,0.0,Standard Servicing
APP-510096,Active,6,2,False,0.0,Standard Servicing
APP-510097,Closed-Good,21,1,False,0.0,Standard Servicing
APP-510098,Closed-Good,6,2,False,0.0,Standard Servicing
APP-510099,Active,24,4,False,0.0,Standard Servicing
APP-510100,Active,21,6,False,0.0,Standard Servicing
APP-510101,Active,13,2,False,0.0,Standard Servicing
APP-510102,Active,11,2,False,0.0,Standard Servicing
APP-510103,Active,0,0,False,0.0,Standard Servicing
APP-510104,Active,0,0,False,0.0,Standard Servicing
APP-510105,Active,0,0,False,0.0,Standard Servicing
APP-510106,Written-Off,758,29,False,6342.13,Collections/Recovery
APP-510107,Active,24,2,False,0.0,Standard Servicing
APP-510108,Active,23,1,False,0.0,Standard Servicing
APP-510109,Closed-Good,18,2,False,0.0,Standard Servicing
APP-510110,Closed-Good,5,2,False,0.0,Standard Servicing
APP-510111,Active,24,4,False,0.0,Standard Servicing
APP-510112,Closed-Good,1,1,False,0.0,Standard Servicing
APP-510113,Closed-Good,17,3,False,0.0,Standard Servicing
APP-510114,Active,19,1,False,0.0,Standard Servicing
APP-510115,Active,13,2,False,0.0,Standard Servicing
APP-510116,Active,3,2,False,0.0,Standard Servicing
APP-510117,Active,18,1,False,0.0,Standard Servicing
APP-510118,Closed-Good,24,4,False,0.0,Standard Servicing
APP-510119,Active,17,1,False,0.0,Standard Servicing
APP-510120,Closed-Good,24,4,False,0.0,Standard Servicing
APP-510121,Closed-Good,22,3,False,0.0,Standard Servicing
APP-510122,Active,16,3,False,0.0,Standard Servicing
APP-510123,Active,17,1,False,0.0,Standard Servicing
APP-510124,Written-Off,875,10,False,86648.77,Collections/Recovery
APP-510125,Written-Off,496,19,False,191703.47,Collections/Recovery
APP-510126,Active,24,4,False,0.0,Standard Servicing
APP-510127,Active,20,4,False,0.0,Standard Servicing
APP-510128,Closed-Good,24,2,False,0.0,Standard Servicing
APP-510129,Written-Off,242,11,False,25556.4,Collections/Recovery
APP-510130,Closed-Good,22,1,False,0.0,Standard Servicing
APP-510131,Active,0,0,False,0.0,Standard Servicing
APP-510132,Defaulted,75,2,False,26759.97,Collections/Recovery
APP-510133,Closed-Good,22,2,False,0.0,Standard Servicing
APP-510134,Closed-Good,16,3,False,0.0,Standard Servicing
APP-510135,Closed-Good,8,2,False,0.0,Standard Servicing
APP-510136,Closed-Good,5,1,False,0.0,Standard Servicing
APP-510137,Active,13,3,False,0.0,Standard Servicing
APP-510138,Closed-Good,14,1,False,0.0,Standard Servicing
APP-510139,Closed-Good,24,2,False,0.0,Standard Servicing
APP-510140,Active,5,2,False,0.0,Standard Servicing
APP-510141,Active,23,3,False,0.0,Standard Servicing
APP-510142,Closed-Good,12,2,False,0.0,Standard Servicing
APP-510143,Written-Off,900,19,False,16908.72,Collections/Recovery
APP-510144,Closed-Good,20,3,False,0.0,Standard Servicing
APP-510145,Active,24,3,False,0.0,Standard Servicing
APP-510146,Closed-Good,0,0,False,0.0,Standard Servicing
APP-510147,Closed-Good,15,2,False,0.0,Standard Servicing
APP-510148,Closed-Good,14,3,False,0.0,Standard Servicing
APP-510149,Active,23,1,False,0.0,Standard Servicing
APP-510150,Closed-Good,20,4,False,0.0,Standard Servicing
APP-510151,Closed-Good,0,0,False,0.0,Standard Servicing
APP-510152,Closed-Good,5,1,False,0.0,Standard Servicing
APP-510153,Active,12,3,False,0.0,Standard Servicing
APP-510154,Active,23,2,False,0.0,Standard Servicing
APP-510155,Closed-Good,24,1,False,0.0,Standard Servicing
APP-510156,Closed-Good,16,4,False,0.0,Standard Servicing
APP-510157,Active,14,3,False,0.0,Standard Servicing
APP-510158,Closed-Good,0,0,False,0.0,Standard Servicing
APP-510159,Closed-Good,17,3,False,0.0,Standard Servicing
APP-510160,Closed-Good,20,1,False,0.0,Standard Servicing
APP-510161,Closed-Good,0,0,False,0.0,Standard Servicing
APP-510162,Active,23,2,False,0.0,Standard Servicing
APP-510163,Closed-Good,0,0,False,0.0,Standard Servicing
APP-510164,Active,10,1,False,0.0,Standard Servicing
APP-510165,Active,17,1,False,0.0,Standard Servicing
APP-510166,Closed-Good,6,2,False,0.0,Standard Servicing
APP-510167,Closed-Good,0,0,False,0.0,Standard Servicing
APP-510168,Active,0,0,False,0.0,Standard Servicing
APP-510169,Active,14,2,False,0.0,Standard Servicing
APP-510170,Closed-Good,24,1,False,0.0,Standard Servicing
APP-510171,Active,21,5,False,0.0,Standard Servicing
APP-510172,Active,0,0,False,0.0,Standard Servicing
APP-510173,Written-Off,540,23,True,14744.34,Collections/Recovery
APP-510174,Active,23,2,False,0.0,Standard Servicing
APP-510175,Closed-Good,17,4,False,0.0,Standard Servicing
APP-510176,Active,6,1,False,0.0,Standard Servicing
APP-510177,Active,22,2,False,0.0,Standard Servicing
APP-510178,Closed-Good,23,2,False,0.0,Standard Servicing
APP-510179,Active,24,3,False,0.0,Standard Servicing
APP-510180,Closed-Good,0,0,False,0.0,Standard Servicing
APP-510181,Active,22,1,False,0.0,Standard Servicing
APP-510182,Active,18,2,False,0.0,Standard Servicing
APP-510183,Active,18,4,False,0.0,Standard Servicing
APP-510184,Active,22,3,False,0.0,Standard Servicing
APP-510185,Active,15,3,False,0.0,Standard Servicing
APP-510186,Active,11,3,False,0.0,Standard Servicing
APP-510187,Closed-Good,16,4,False,0.0,Standard Servicing
APP-510188,Closed-Good,9,2,False,0.0,Standard Servicing
APP-510189,Written-Off,227,11,False,71433.74,Standard Servicing
APP-510190,Closed-Good,0,0,False,0.0,Standard Servicing
APP-510191,Closed-Good,16,2,False,0.0,Standard Servicing
APP-510192,Closed-Good,11,1,False,0.0,Standard Servicing
APP-510193,Active,6,1,False,0.0,Standard Servicing
APP-510194,Active,11,2,False,0.0,Standard Servicing
APP-510195,Active,0,0,False,0.0,Standard Servicing
APP-510196,Closed-Good,19,3,False,0.0,Standard Servicing
APP-510197,Closed-Good,23,2,False,0.0,Standard Servicing
APP-510198,Written-Off,246,13,False,4045.26,Standard Servicing
APP-510199,Closed-Good,9,1,False,0.0,Standard Servicing
APP-510200,Active,0,0,False,0.0,Standard Servicing
APP-510201,Active,0,0,False,0.0,Standard Servicing
APP-510202,Active,22,2,False,0.0,Standard Servicing
APP-510203,Active,10,1,False,0.0,Standard Servicing
APP-510204,Closed-Good,0,0,False,0.0,Standard Servicing
APP-510205,Closed-Good,20,3,False,0.0,Standard Servicing
APP-510206,Closed-Good,24,2,False,0.0,Standard Servicing
APP-510207,Closed-Good,0,0,False,0.0,Standard Servicing
APP-510208,Closed-Good,9,2,False,0.0,Standard Servicing
APP-510209,Closed-Good,19,1,False,0.0,Standard Servicing
APP-510210,Active,0,0,False,0.0,Standard Servicing
APP-510211,Active,21,2,False,0.0,Standard Servicing
APP-510212,Active,21,3,False,0.0,Standard Servicing
APP-510213,Closed-Good,6,1,False,0.0,Standard Servicing
APP-510214,Closed-Good,0,0,False,0.0,Standard Servicing
APP-510215,Closed-Good,0,0,False,0.0,Standard Servicing
APP-510216,Closed-Good,13,1,False,0.0,Standard Servicing
APP-510217,Closed-Good,12,1,False,0.0,Standard Servicing
APP-510218,Written-Off,600,7,False,110304.21,Collections/Recovery
APP-510219,Written-Off,484,14,False,6360.19,Standard Servicing
APP-510220,Closed-Good,13,1,False,0.0,Standard Servicing
APP-510221,Closed-Good,15,1,False,0.0,Standard Servicing
APP-510222,Active,0,0,False,0.0,Standard Servicing
APP-510223,Closed-Good,17,1,False,0.0,Standard Servicing
APP-510224,Active,2,2,False,0.0,Standard Servicing
APP-510225,Closed-Good,13,2,False,0.0,Standard Servicing
APP-510226,Active,23,3,False,0.0,Standard Servicing
APP-510227,Closed-Good,15,1,False,0.0,Standard Servicing
APP-510228,Active,21,1,False,0.0,Standard Servicing
APP-510229,Active,21,1,False,0.0,Standard Servicing
APP-510230,Closed-Good,17,1,False,0.0,Standard Servicing
APP-510231,Active,24,4,False,0.0,Standard Servicing
APP-510232,Closed-Good,12,2,False,0.0,Standard Servicing
APP-510233,Closed-Good,11,2,False,0.0,Standard Servicing
APP-510234,Closed-Good,8,4,False,0.0,Standard Servicing
APP-510235,Active,0,0,False,0.0,Standard Servicing
APP-510236,Closed-Good,19,2,False,0.0,Standard Servicing
APP-510237,Active,19,2,False,0.0,Standard Servicing
APP-510238,Active,6,3,False,0.0,Standard Servicing
APP-510239,Active,5,2,False,0.0,Standard Servicing
APP-510240,Active,16,4,False,0.0,Standard Servicing
APP-510241,Active,24,1,False,0.0,Standard Servicing
APP-510242,Closed-Good,21,3,False,0.0,Standard Servicing
APP-510243,Written-Off,297,4,False,31036.75,Collections/Recovery
APP-510244,Closed-Good,0,0,False,0.0,Standard Servicing
APP-510245,Active,18,4,False,0.0,Standard Servicing
APP-510246,Active,4,2,False,0.0,Standard Servicing
APP-510247,Active,18,3,False,0.0,Standard Servicing
APP-510248,Active,23,5,False,0.0,Standard Servicing
APP-510249,Closed-Good,2,1,False,0.0,Standard Servicing
APP-510250,Closed-Good,0,0,False,0.0,Standard Servicing
APP-510251,Active,0,0,False,0.0,Standard Servicing
APP-510252,Active,13,2,False,0.0,Standard Servicing
APP-510253,Closed-Good,23,3,False,0.0,Standard Servicing
APP-510254,Closed-Good,24,2,False,0.0,Standard Servicing
APP-510255,Closed-Good,23,5,False,0.0,Standard Servicing
APP-510256,Active,7,1,False,0.0,Standard Servicing
APP-510257,Closed-Good,9,2,False,0.0,Standard Servicing
APP-510258,Active,23,4,False,0.0,Standard Servicing
APP-510259,Active,3,1,False,0.0,Standard Servicing
APP-510260,Written-Off,775,26,False,5200.47,Collections/Recovery
APP-510261,Active,21,4,False,0.0,Standard Servicing
APP-510262,Active,0,0,False,0.0,Standard Servicing
APP-510263,Closed-Good,24,4,False,0.0,Standard Servicing
APP-510264,Closed-Good,21,3,False,0.0,Standard Servicing
APP-510265,Closed-Good,3,1,False,0.0,Standard Servicing
APP-510266,Closed-Good,16,3,False,0.0,Standard Servicing
APP-510267,Closed-Good,8,2,False,0.0,Standard Servicing
APP-510268,Active,0,0,False,0.0,Standard Servicing
APP-510269,Closed-Good,6,2,False,0.0,Standard Servicing
APP-510270,Closed-Good,3,1,False,0.0,Standard Servicing
APP-510271,Active,22,4,False,0.0,Standard Servicing
APP-510272,Active,10,4,False,0.0,Standard Servicing
APP-510273,Active,20,1,False,0.0,Standard Servicing
APP-510274,Closed-Good,22,3,False,0.0,Standard Servicing
APP-510275,Closed-Good,10,1,False,0.0,Standard Servicing
APP-510276,Active,0,0,False,0.0,Standard Servicing
APP-510277,Closed-Good,12,2,False,0.0,Standard Servicing
APP-510278,Written-Off,825,21,True,47832.19,Standard Servicing
APP-510279,Active,5,1,False,0.0,Standard Servicing
APP-510280,Active,24,5,False,0.0,Standard Servicing
APP-510281,Closed-Good,0,0,False,0.0,Standard Servicing
APP-510282,Active,23,2,False,0.0,Standard Servicing
APP-510283,Closed-Good,22,1,False,0.0,Standard Servicing
APP-510284,Active,5,3,False,0.0,Standard Servicing
APP-510285,Closed-Good,12,3,False,0.0,Standard Servicing
APP-510286,Active,14,3,False,0.0,Standard Servicing
APP-510287,Closed-Good,24,2,False,0.0,Standard Servicing
APP-510288,Active,21,3,False,0.0,Standard Servicing
APP-510289,Written-Off,744,17,False,22170.12,Standard Servicing
APP-510290,Active,0,0,False,0.0,Standard Servicing
APP-510291,Active,11,4,False,0.0,Standard Servicing
APP-510292,Closed-Good,6,1,False,0.0,Standard Servicing
APP-510293,Closed-Good,5,2,False,0.0,Standard Servicing
APP-510294,Active,3,1,False,0.0,Standard Servicing
APP-510295,Active,16,1,False,0.0,Standard Servicing
APP-510296,Written-Off,499,19,False,26218.81,Collections/Recovery
APP-510297,Active,6,1,False,0.0,Standard Servicing
APP-510298,Closed-Good,19,3,False,0.0,Standard Servicing
APP-510299,Closed-Good,16,1,False,0.0,Standard Servicing
APP-510300,Active,19,1,False,0.0,Standard Servicing
APP-510301,Active,20,2,False,0.0,Standard Servicing
APP-510302,Active,11,1,False,0.0,Standard Servicing
APP-510303,Closed-Good,5,2,False,0.0,Standard Servicing
APP-510304,Active,21,2,False,0.0,Standard Servicing
APP-510305,Active,24,1,False,0.0,Standard Servicing
APP-510306,Closed-Good,0,0,False,0.0,Standard Servicing
APP-510307,Closed-Good,22,3,False,0.0,Standard Servicing
APP-510308,Written-Off,689,4,True,26509.91,Collections/Recovery
APP-510309,Closed-Good,14,1,False,0.0,Standard Servicing
APP-510310,Active,0,0,False,0.0,Standard Servicing
APP-510311,Active,0,0,False,0.0,Standard Servicing
APP-510312,Active,14,2,False,0.0,Standard Servicing
APP-510313,Active,0,0,False,0.0,Standard Servicing
APP-510314,Closed-Good,20,4,False,0.0,Standard Servicing
APP-510315,Written-Off,898,32,False,8904.12,Collections/Recovery
APP-510316,Closed-Good,21,2,False,0.0,Standard Servicing
APP-510317,Active,0,0,False,0.0,Standard Servicing
APP-510318,Closed-Good,23,1,False,0.0,Standard Servicing
APP-510319,Active,24,4,False,0.0,Standard Servicing
APP-510320,Defaulted,66,3,True,6689.13,Collections/Recovery
APP-510321,Active,0,0,False,0.0,Standard Servicing
APP-510322,Active,24,4,False,0.0,Standard Servicing
APP-510323,Active,17,2,False,0.0,Standard Servicing
APP-510324,Closed-Good,20,4,False,0.0,Standard Servicing
APP-510325,Active,19,2,False,0.0,Standard Servicing
APP-510326,Written-Off,672,18,True,19157.88,Standard Servicing
APP-510327,Active,0,0,False,0.0,Standard Servicing
APP-510328,Closed-Good,19,1,False,0.0,Standard Servicing
APP-510329,Closed-Good,1,1,False,0.0,Standard Servicing
APP-510330,Active,4,2,False,0.0,Standard Servicing
APP-510331,Active,21,3,False,0.0,Standard Servicing
APP-510332,Written-Off,574,22,False,40628.09,Standard Servicing
APP-510333,Closed-Good,15,3,False,0.0,Standard Servicing
APP-510334,Closed-Good,9,1,False,0.0,Standard Servicing
APP-510335,Written-Off,924,11,False,35389.68,Collections/Recovery
APP-510336,Active,17,4,False,0.0,Standard Servicing
APP-510337,Closed-Good,19,1,False,0.0,Standard Servicing
APP-510338,Closed-Good,21,2,False,0.0,Standard Servicing
APP-510339,Active,18,2,False,0.0,Standard Servicing
APP-510340,Closed-Good,18,1,False,0.0,Standard Servicing
APP-510341,Closed-Good,0,0,False,0.0,Standard Servicing
APP-510342,Active,12,1,False,0.0,Standard Servicing
APP-510343,Closed-Good,0,0,False,0.0,Standard Servicing
APP-510344,Closed-Good,21,3,False,0.0,Standard Servicing
APP-510345,Active,23,2,False,0.0,Standard Servicing
APP-510346,Closed-Good,13,2,False,0.0,Standard Servicing
APP-510347,Active,2,1,False,0.0,Standard Servicing
APP-510348,Active,7,2,False,0.0,Standard Servicing
APP-510349,Closed-Good,21,2,False,0.0,Standard Servicing
APP-510350,Closed-Good,0,0,False,0.0,Standard Servicing
APP-510351,Active,12,2,False,0.0,Standard Servicing
APP-510352,Active,13,2,False,0.0,Standard Servicing
APP-510353,Closed-Good,21,1,False,0.0,Standard Servicing
APP-510354,Active,20,1,False,0.0,Standard Servicing
APP-510355,Closed-Good,11,1,False,0.0,Standard Servicing
APP-510356,Closed-Good,23,4,False,0.0,Standard Servicing
APP-510357,Active,12,1,False,0.0,Standard Servicing
APP-510358,Closed-Good,24,3,False,0.0,Standard Servicing
APP-510359,Active,13,6,False,0.0,Standard Servicing
APP-510360,Active,23,2,False,0.0,Standard Servicing
APP-510361,Closed-Good,16,3,False,0.0,Standard Servicing
APP-510362,Closed-Good,20,1,False,0.0,Standard Servicing
APP-510363,Active,0,0,False,0.0,Standard Servicing
APP-510364,Written-Off,750,27,False,58243.03,Collections/Recovery
APP-510365,Active,17,4,False,0.0,Standard Servicing
APP-510366,Closed-Good,13,3,False,0.0,Standard Servicing
APP-510367,Active,22,4,False,0.0,Standard Servicing
APP-510368,Active,5,1,False,0.0,Standard Servicing
APP-510369,Closed-Good,22,5,False,0.0,Standard Servicing
APP-510370,Active,22,4,False,0.0,Standard Servicing
APP-510371,Active,0,0,False,0.0,Standard Servicing
APP-510372,Active,2,1,False,0.0,Standard Servicing
APP-510373,Active,22,3,False,0.0,Standard Servicing
APP-510374,Closed-Good,0,0,False,0.0,Standard Servicing
APP-510375,Closed-Good,0,0,False,0.0,Standard Servicing
APP-510376,Closed-Good,16,1,False,0.0,Standard Servicing
APP-510377,Closed-Good,24,3,False,0.0,Standard Servicing
APP-510378,Active,20,2,False,0.0,Standard Servicing
APP-510379,Closed-Good,0,0,False,0.0,Standard Servicing
APP-510380,Closed-Good,23,1,False,0.0,Standard Servicing
APP-510381,Active,0,0,False,0.0,Standard Servicing
APP-510382,Active,23,3,False,0.0,Standard Servicing
APP-510383,Active,11,3,False,0.0,Standard Servicing
APP-510384,Active,20,2,False,0.0,Standard Servicing
APP-510385,Closed-Good,1,1,False,0.0,Standard Servicing
APP-510386,Written-Off,290,12,False,45728.91,Collections/Recovery
APP-510387,Active,17,1,False,0.0,Standard Servicing
APP-510388,Active,13,1,False,0.0,Standard Servicing
APP-510389,Active,24,7,False,0.0,Standard Servicing
APP-510390,Active,18,2,False,0.0,Standard Servicing
APP-510391,Closed-Good,18,1,False,0.0,Standard Servicing
APP-510392,Closed-Good,20,1,False,0.0,Standard Servicing
APP-510393,Closed-Good,17,2,False,0.0,Standard Servicing
APP-510394,Active,21,2,False,0.0,Standard Servicing
APP-510395,Active,6,1,False,0.0,Standard Servicing
APP-510396,Closed-Good,0,0,False,0.0,Standard Servicing
APP-510397,Active,6,2,False,0.0,Standard Servicing
APP-510398,Closed-Good,19,3,False,0.0,Standard Servicing
APP-510399,Active,16,1,False,0.0,Standard Servicing
APP-510400,Active,0,0,False,0.0,Standard Servicing
APP-510401,Closed-Good,10,1,False,0.0,Standard Servicing
APP-510402,Closed-Good,22,3,False,0.0,Standard Servicing
APP-510403,Active,7,1,False,0.0,Standard Servicing
APP-510404,Closed-Good,22,3,False,0.0,Standard Servicing
APP-510405,Closed-Good,14,3,False,0.0,Standard Servicing
APP-510406,Closed-Good,19,3,False,0.0,Standard Servicing
APP-510407,Closed-Good,0,0,False,0.0,Standard Servicing
APP-510408,Closed-Good,4,1,False,0.0,Standard Servicing
APP-510409,Active,20,4,False,0.0,Standard Servicing
APP-510410,Closed-Good,9,1,False,0.0,Standard Servicing
APP-510411,Active,12,1,False,0.0,Standard Servicing
APP-510412,Active,0,0,False,0.0,Standard Servicing
APP-510413,Active,24,1,False,0.0,Standard Servicing
APP-510414,Active,22,4,False,0.0,Standard Servicing
APP-510415,Closed-Good,3,1,False,0.0,Standard Servicing
APP-510416,Closed-Good,21,2,False,0.0,Standard Servicing
APP-510417,Active,6,1,False,0.0,Standard Servicing
APP-510418,Active,23,3,False,0.0,Standard Servicing
APP-510419,Written-Off,183,9,True,54873.38,Collections/Recovery
APP-510420,Active,4,1,False,0.0,Standard Servicing
APP-510421,Active,3,1,False,0.0,Standard Servicing
APP-510422,Active,22,2,False,0.0,Standard Servicing
APP-510423,Active,19,2,False,0.0,Standard Servicing
APP-510424,Closed-Good,24,1,False,0.0,Standard Servicing
APP-510425,Written-Off,282,12,False,40868.79,Collections/Recovery
APP-510426,Closed-Good,24,3,False,0.0,Standard Servicing
APP-510427,Active,24,4,False,0.0,Standard Servicing
APP-510428,Closed-Good,20,3,False,0.0,Standard Servicing
APP-510429,Closed-Good,14,2,False,0.0,Standard Servicing
APP-510430,Closed-Good,18,2,False,0.0,Standard Servicing
APP-510431,Closed-Good,12,1,False,0.0,Standard Servicing
APP-510432,Active,16,4,False,0.0,Standard Servicing
APP-510433,Closed-Good,0,0,False,0.0,Standard Servicing
APP-510434,Active,14,2,False,0.0,Standard Servicing
APP-510435,Closed-Good,3,1,False,0.0,Standard Servicing
APP-510436,Closed-Good,22,3,False,0.0,Standard Servicing
APP-510437,Closed-Good,24,4,False,0.0,Standard Servicing
APP-510438,Active,0,0,False,0.0,Standard Servicing
APP-510439,Closed-Good,10,2,False,0.0,Standard Servicing
APP-510440,Active,0,0,False,0.0,Standard Servicing
APP-510441,Closed-Good,19,1,False,0.0,Standard Servicing
APP-510442,Closed-Good,18,1,False,0.0,Standard Servicing
APP-510443,Closed-Good,24,1,False,0.0,Standard Servicing
APP-510444,Closed-Good,9,1,False,0.0,Standard Servicing
APP-510445,Closed-Good,10,1,False,0.0,Standard Servicing
APP-510446,Closed-Good,24,3,False,0.0,Standard Servicing
APP-510447,Written-Off,440,18,True,86241.39,Collections/Recovery
APP-510448,Active,0,0,False,0.0,Standard Servicing
APP-510449,Closed-Good,0,0,False,0.0,Standard Servicing
APP-510450,Closed-Good,24,2,False,0.0,Standard Servicing
APP-510451,Closed-Good,23,3,False,0.0,Standard Servicing
APP-510452,Closed-Good,23,2,False,0.0,Standard Servicing
APP-510453,Active,11,2,False,0.0,Standard Servicing
APP-510454,Active,3,1,False,0.0,Standard Servicing
APP-510455,Active,22,5,False,0.0,Standard Servicing
APP-510456,Closed-Good,24,1,False,0.0,Standard Servicing
APP-510457,Active,20,1,False,0.0,Standard Servicing
APP-510458,Written-Off,679,8,True,44451.46,Collections/Recovery
APP-510459,Closed-Good,24,4,False,0.0,Standard Servicing
APP-510460,Closed-Good,22,5,False,0.0,Standard Servicing
APP-510461,Closed-Good,12,2,False,0.0,Standard Servicing
APP-510462,Active,3,1,False,0.0,Standard Servicing
APP-510463,Active,21,4,False,0.0,Standard Servicing
APP-510464,Closed-Good,1,1,False,0.0,Standard Servicing
APP-510465,Active,22,3,False,0.0,Standard Servicing
APP-510466,Written-Off,876,9,False,10226.74,Collections/Recovery
APP-510467,Active,19,2,False,0.0,Standard Servicing
APP-510468,Active,11,3,False,0.0,Standard Servicing
APP-510469,Closed-Good,0,0,False,0.0,Standard Servicing
APP-510470,Active,16,1,False,0.0,Standard Servicing
APP-510471,Written-Off,471,18,True,16794.91,Collections/Recovery
APP-510472,Closed-Good,0,0,False,0.0,Standard Servicing
APP-510473,Active,4,1,False,0.0,Standard Servicing
APP-510474,Closed-Good,3,1,False,0.0,Standard Servicing
APP-510475,Active,18,2,False,0.0,Standard Servicing
APP-510476,Closed-Good,21,1,False,0.0,Standard Servicing
APP-510477,Active,0,0,False,0.0,Standard Servicing
APP-510478,Written-Off,504,14,False,2980.26,Collections/Recovery
APP-510479,Closed-Good,23,1,False,0.0,Standard Servicing
APP-510480,Closed-Good,12,1,False,0.0,Standard Servicing
APP-510481,Active,19,2,False,0.0,Standard Servicing
APP-510482,Closed-Good,22,3,False,0.0,Standard Servicing
APP-510483,Closed-Good,15,1,False,0.0,Standard Servicing
APP-510484,Closed-Good,16,3,False,0.0,Standard Servicing
APP-510485,Active,1,1,False,0.0,Standard Servicing
APP-510486,Closed-Good,15,1,False,0.0,Standard Servicing
APP-510487,Active,22,5,False,0.0,Standard Servicing
APP-510488,Active,15,2,False,0.0,Standard Servicing
APP-510489,Active,16,2,False,0.0,Standard Servicing
APP-510490,Closed-Good,21,2,False,0.0,Standard Servicing
APP-510491,Active,19,2,False,0.0,Standard Servicing
APP-510492,Active,0,0,False,0.0,Standard Servicing
APP-510493,Closed-Good,12,4,False,0.0,Standard Servicing
APP-510494,Active,0,0,False,0.0,Standard Servicing
APP-510495,Active,20,3,False,0.0,Standard Servicing
APP-510496,Closed-Good,18,3,False,0.0,Standard Servicing
APP-510497,Closed-Good,18,3,False,0.0,Standard Servicing
APP-510498,Active,21,3,False,0.0,Standard Servicing
APP-510499,Active,12,1,False,0.0,Standard Servicing
APP-510500,Active,15,1,False,0.0,Standard Servicing
APP-510501,Active,0,0,False,0.0,Standard Servicing
APP-510502,Active,11,3,False,0.0,Standard Servicing
APP-510503,Active,21,2,False,0.0,Standard Servicing
APP-510504,Closed-Good,0,0,False,0.0,Standard Servicing
APP-510505,Closed-Good,23,4,False,0.0,Standard Servicing
APP-510506,Closed-Good,18,3,False,0.0,Standard Servicing
APP-510507,Written-Off,921,22,False,57995.06,Collections/Recovery
APP-510508,Closed-Good,11,3,False,0.0,Standard Servicing
APP-510509,Closed-Good,0,0,False,0.0,Standard Servicing
APP-510510,Active,23,5,False,0.0,Standard Servicing
APP-510511,Closed-Good,17,3,False,0.0,Standard Servicing
APP-510512,Active,21,3,False,0.0,Standard Servicing
APP-510513,Closed-Good,0,0,False,0.0,Standard Servicing
APP-510514,Active,22,5,False,0.0,Standard Servicing
APP-510515,Active,12,2,False,0.0,Standard Servicing
APP-510516,Written-Off,799,21,False,9976.62,Collections/Recovery
APP-510517,Active,18,1,False,0.0,Standard Servicing
APP-510518,Written-Off,227,11,False,9813.22,Standard Servicing
APP-510519,Active,17,3,False,0.0,Standard Servicing
APP-510520,Closed-Good,17,2,False,0.0,Standard Servicing
APP-510521,Written-Off,502,5,False,14853.21,Collections/Recovery
APP-510522,Closed-Good,22,2,False,0.0,Standard Servicing
APP-510523,Active,23,4,False,0.0,Standard Servicing
